{"type":"FeatureCollection","name":"genangan_3m","features":[{"type":"Feature","geometry":{"type":"Polygon","coordinates":[[[109.33791,-0.00113],[109.33753,-0.00158],[109.33671,-0.0015],[109.33641,-0.00165],[109.33641,-0.00203],[109.33671,-0.0021],[109.33723,-0.00263],[109.33753,-0.00263],[109.33768,-0.0024],[109.33806,-0.0024],[109.33821,-0.0027],[109.33783,-0.003],[109.33836,-0.0036],[109.33888,-0.0036],[109.33888,-0.00315],[109.33971,-0.003],[109.34031,-0.00308],[109.34053,-0.00285],[109.34046,-0.0024],[109.33978,-0.0024],[109.33896,-0.0027],[109.33843,-0.00263],[109.33843,-0.00233],[109.33866,-0.00203],[109.33918,-0.00188],[109.33933,-0.00135],[109.33911,-0.0012],[109.33828,-0.0012],[109.33791,-0.00113]]]},"properties":{"STREAM_ID":1}},{"type":"Feature","geometry":{"type":"Polygon","coordinates":[[[109.37054,-0.05948],[109.37084,-0.05963],[109.37136,-0.06053],[109.37166,-0.06053],[109.37196,-0.06098],[109.37219,-0.06098],[109.37226,-0.06136],[109.37249,-0.06143],[109.37249,-0.06226],[109.37264,-0.06248],[109.37306,-0.06263],[109.37354,-0.06218],[109.37324,-0.06181],[109.37294,-0.06173],[109.37294,-0.06106],[109.37264,-0.06046],[109.37286,-0.06031],[109.37286,-0.05978],[109.37309,-0.05956],[109.37339,-0.05963],[109.37339,-0.05993],[109.37369,-0.05993],[109.37421,-0.05956],[109.37421,-0.05918],[109.37384,-0.05911],[109.37361,-0.05933],[109.37331,-0.05933],[109.37256,-0.05963],[109.37241,-0.05986],[109.37264,-0.06023],[109.37241,-0.06046],[109.37211,-0.06016],[109.37204,-0.05986],[109.37159,-0.05941],[109.37151,-0.05903],[109.37121,-0.05896],[109.37099,-0.05918],[109.37054,-0.05918],[109.37054,-0.05948]]]},"properties":{"STREAM_ID":1}},{"type":"Feature","geometry":{"type":"Polygon","coordinates":[[[109.36953,-0.05836],[109.36979,-0.05858],[109.37024,-0.05873],[109.37046,-0.05821],[109.36956,-0.05761],[109.36941,-0.05738],[109.36941,-0.05678],[109.36926,-0.05671],[109.36889,-0.05603],[109.36889,-0.05573],[109.36844,-0.05476],[109.36859,-0.05446],[109.36814,-0.05408],[109.36776,-0.05393],[109.36686,-0.05303],[109.36656,-0.05221],[109.36604,-0.05168],[109.36566,-0.05101],[109.36514,-0.05026],[109.36416,-0.04928],[109.36379,-0.04898],[109.36326,-0.04823],[109.36319,-0.04793],[109.36274,-0.04748],[109.36221,-0.04718],[109.36191,-0.0465],[109.36146,-0.04613],[109.36139,-0.04583],[109.36086,-0.0456],[109.36041,-0.04515],[109.36049,-0.0447],[109.36004,-0.04463],[109.35959,-0.0447],[109.35936,-0.04425],[109.35884,-0.04403],[109.35854,-0.0435],[109.35734,-0.0426],[109.35689,-0.04215],[109.35636,-0.04148],[109.35599,-0.0411],[109.35584,-0.04073],[109.35501,-0.03983],[109.35419,-0.0393],[109.35419,-0.03915],[109.35321,-0.03803],[109.35299,-0.03728],[109.35261,-0.03705],[109.35194,-0.03615],[109.35141,-0.03525],[109.35111,-0.03443],[109.35036,-0.0333],[109.35006,-0.03315],[109.34953,-0.03188],[109.34938,-0.0318],[109.34908,-0.0312],[109.34908,-0.03098],[109.34878,-0.03053],[109.34878,-0.03023],[109.34803,-0.0288],[109.34766,-0.02783],[109.34781,-0.02753],[109.34706,-0.02678],[109.34676,-0.02633],[109.34638,-0.02558],[109.34631,-0.02498],[109.34661,-0.02453],[109.34661,-0.02355],[109.34691,-0.02333],[109.34908,-0.02333],[109.34961,-0.0231],[109.35006,-0.0231],[109.35066,-0.02295],[109.35134,-0.02295],[109.35201,-0.02258],[109.35306,-0.02258],[109.35336,-0.02235],[109.35389,-0.02235],[109.35411,-0.02205],[109.35471,-0.02205],[109.35494,-0.0219],[109.35576,-0.02198],[109.35629,-0.0216],[109.35666,-0.0216],[109.35696,-0.02205],[109.35696,-0.0225],[109.35749,-0.0225],[109.35711,-0.02205],[109.35726,-0.02175],[109.35779,-0.02168],[109.35884,-0.02175],[109.35884,-0.02213],[109.35929,-0.02205],[109.35936,-0.0216],[109.36019,-0.02078],[109.36086,-0.0207],[109.36109,-0.02085],[109.36109,-0.02138],[109.36154,-0.02168],[109.36154,-0.0213],[109.36191,-0.02115],[109.36236,-0.02115],[109.36281,-0.0213],[109.36289,-0.021],[109.36529,-0.021],[109.36589,-0.0213],[109.36656,-0.0213],[109.36686,-0.02153],[109.36686,-0.02235],[109.36701,-0.02273],[109.36746,-0.0222],[109.36746,-0.02145],[109.36799,-0.02145],[109.36859,-0.0213],[109.36881,-0.02168],[109.36926,-0.02168],[109.36971,-0.0219],[109.37054,-0.0219],[109.37114,-0.02205],[109.37151,-0.02228],[109.37151,-0.02258],[109.37226,-0.02258],[109.37264,-0.02288],[109.37316,-0.02303],[109.37406,-0.02355],[109.37564,-0.02408],[109.37601,-0.02408],[109.37631,-0.0243],[109.37646,-0.0246],[109.37691,-0.02483],[109.37729,-0.02483],[109.37751,-0.02505],[109.37819,-0.02498],[109.37849,-0.02528],[109.37924,-0.02528],[109.37984,-0.02543],[109.38044,-0.02543],[109.38141,-0.02573],[109.38209,-0.02573],[109.38224,-0.02595],[109.38231,-0.02655],[109.38194,-0.02693],[109.38201,-0.0273],[109.38239,-0.0273],[109.38254,-0.02678],[109.38293,-0.0264],[109.38315,-0.0251],[109.37956,-0.0244],[109.37607,-0.0231],[109.37678,-0.02196],[109.37701,-0.02102],[109.37699,-0.0197],[109.37741,-0.0187],[109.37793,-0.01786],[109.37803,-0.01694],[109.37813,-0.01657],[109.37878,-0.01613],[109.37882,-0.01594],[109.37837,-0.01553],[109.37763,-0.01539],[109.37755,-0.01521],[109.37796,-0.01489],[109.37858,-0.01462],[109.37896,-0.01408],[109.37894,-0.01352],[109.37834,-0.01351],[109.37826,-0.01425],[109.37766,-0.0144],[109.37736,-0.01485],[109.37729,-0.01553],[109.37796,-0.0156],[109.37826,-0.01605],[109.37766,-0.01673],[109.37774,-0.01763],[109.37721,-0.01853],[109.37676,-0.0189],[109.37669,-0.01943],[109.37601,-0.0192],[109.37601,-0.01875],[109.37669,-0.01785],[109.37654,-0.0174],[109.37661,-0.01688],[109.37624,-0.0165],[109.37586,-0.01628],[109.37594,-0.01695],[109.37556,-0.01733],[109.37541,-0.01793],[109.37556,-0.0183],[109.37534,-0.01853],[109.37541,-0.01928],[109.37511,-0.0195],[109.37489,-0.02003],[109.37451,-0.0201],[109.37481,-0.02055],[109.37526,-0.02055],[109.37534,-0.02085],[109.37496,-0.02085],[109.37444,-0.02063],[109.37421,-0.0204],[109.37331,-0.0204],[109.37301,-0.02018],[109.37294,-0.01988],[109.37256,-0.01943],[109.37264,-0.01905],[109.37294,-0.01875],[109.37294,-0.01808],[109.37256,-0.0183],[109.37226,-0.01875],[109.37219,-0.01913],[109.37189,-0.01943],[109.37174,-0.01905],[109.37174,-0.0186],[109.37189,-0.01838],[109.37136,-0.0183],[109.37144,-0.0177],[109.37204,-0.01778],[109.37219,-0.01763],[109.37219,-0.01695],[109.37241,-0.01665],[109.37279,-0.01665],[109.37286,-0.01643],[109.37346,-0.0165],[109.37361,-0.01688],[109.37354,-0.01718],[109.37316,-0.01718],[109.37301,-0.0174],[109.37384,-0.018],[109.37429,-0.01793],[109.37421,-0.01748],[109.37429,-0.01695],[109.37391,-0.0168],[109.37399,-0.01635],[109.37421,-0.01635],[109.37444,-0.01688],[109.37466,-0.01688],[109.37496,-0.0162],[109.37496,-0.01583],[109.37451,-0.0156],[109.37414,-0.01568],[109.37361,-0.01605],[109.37331,-0.01605],[109.37301,-0.01575],[109.37226,-0.01605],[109.37226,-0.01665],[109.37174,-0.01673],[109.37159,-0.0165],[109.37211,-0.01613],[109.37196,-0.01575],[109.37159,-0.01575],[109.37076,-0.01628],[109.37084,-0.01703],[109.37054,-0.01748],[109.37024,-0.0177],[109.37009,-0.0174],[109.37031,-0.01718],[109.37016,-0.01688],[109.36971,-0.01665],[109.36949,-0.0162],[109.36949,-0.01583],[109.36979,-0.01575],[109.36986,-0.0153],[109.37031,-0.0153],[109.37054,-0.01515],[109.37031,-0.01448],[109.37001,-0.01455],[109.37001,-0.01493],[109.36964,-0.01515],[109.36919,-0.01523],[109.36919,-0.01575],[109.36866,-0.01575],[109.36836,-0.0156],[109.36821,-0.01605],[109.36784,-0.01635],[109.36731,-0.01643],[109.36731,-0.01793],[109.36716,-0.0183],[109.36679,-0.01853],[109.36619,-0.01845],[109.36566,-0.01815],[109.36506,-0.01815],[109.36484,-0.01853],[109.36379,-0.01845],[109.36334,-0.01823],[109.36304,-0.01853],[109.36229,-0.01845],[109.36116,-0.01845],[109.36094,-0.01868],[109.36011,-0.01868],[109.35966,-0.0189],[109.35861,-0.01883],[109.35794,-0.01905],[109.35726,-0.01898],[109.35719,-0.01913],[109.35651,-0.01913],[109.35614,-0.01868],[109.35644,-0.01838],[109.35636,-0.01808],[109.35584,-0.01808],[109.35554,-0.01755],[109.35584,-0.0174],[109.35584,-0.0171],[109.35524,-0.01703],[109.35471,-0.0174],[109.35441,-0.01808],[109.35449,-0.0186],[109.35434,-0.01868],[109.35464,-0.01935],[109.35464,-0.0198],[109.35441,-0.0201],[109.35396,-0.02033],[109.35314,-0.02033],[109.35269,-0.0204],[109.35224,-0.02018],[109.35179,-0.02018],[109.35104,-0.02078],[109.35096,-0.02093],[109.34953,-0.02085],[109.34893,-0.02123],[109.34848,-0.02123],[109.34826,-0.02138],[109.34758,-0.0213],[109.34683,-0.0213],[109.34578,-0.02145],[109.34503,-0.0213],[109.34413,-0.02093],[109.34353,-0.02048],[109.34331,-0.02048],[109.34293,-0.02018],[109.34263,-0.0201],[109.34218,-0.0198],[109.34203,-0.01935],[109.34121,-0.01898],[109.34106,-0.01875],[109.34061,-0.0189],[109.34061,-0.01913],[109.34106,-0.01958],[109.34166,-0.01973],[109.34166,-0.02018],[109.34188,-0.02018],[109.34218,-0.02048],[109.34256,-0.02055],[109.34353,-0.02138],[109.34428,-0.02153],[109.34458,-0.02175],[109.34518,-0.02175],[109.34548,-0.02198],[109.34638,-0.02198],[109.34646,-0.02213],[109.34646,-0.02295],[109.34616,-0.02295],[109.34616,-0.02423],[109.34593,-0.02445],[109.34593,-0.02573],[109.34623,-0.02648],[109.34646,-0.02685],[109.34668,-0.02693],[109.34683,-0.02745],[109.34728,-0.02775],[109.34728,-0.02858],[109.34743,-0.02918],[109.34773,-0.02955],[109.34773,-0.02985],[109.34818,-0.03023],[109.34833,-0.03098],[109.34856,-0.03113],[109.34856,-0.03143],[109.34878,-0.03188],[109.34908,-0.03218],[109.34923,-0.03285],[109.34946,-0.03293],[109.34953,-0.03338],[109.34976,-0.03368],[109.35036,-0.03405],[109.35044,-0.03465],[109.35089,-0.03518],[109.35089,-0.03555],[109.35104,-0.03593],[109.35134,-0.03623],[109.35134,-0.03645],[109.35179,-0.03675],[109.35179,-0.03698],[109.35224,-0.03758],[109.35269,-0.03795],[109.35276,-0.03848],[109.35306,-0.03863],[109.35329,-0.03893],[109.35344,-0.03938],[109.35404,-0.04005],[109.35434,-0.04028],[109.35479,-0.04043],[109.35516,-0.04088],[109.35524,-0.04118],[109.35576,-0.04178],[109.35599,-0.04185],[109.35629,-0.04238],[109.35659,-0.04253],[109.35674,-0.04298],[109.35704,-0.04313],[109.35936,-0.04545],[109.36004,-0.0456],[109.36019,-0.04598],[109.36056,-0.04613],[109.36079,-0.04658],[109.36116,-0.04673],[109.36124,-0.04695],[109.36169,-0.04695],[109.36161,-0.04733],[109.36214,-0.04793],[109.36259,-0.04815],[109.36274,-0.04853],[109.36319,-0.04883],[109.36334,-0.04935],[109.36409,-0.05018],[109.36469,-0.05063],[109.36514,-0.05146],[109.36536,-0.05153],[109.36566,-0.05213],[109.36589,-0.05221],[109.36589,-0.05258],[109.36619,-0.05288],[109.36634,-0.05348],[109.36664,-0.05363],[109.36716,-0.05416],[109.36739,-0.05468],[109.36784,-0.05513],[109.36829,-0.05573],[109.36859,-0.05663],[109.36889,-0.05716],[109.36902,-0.05765],[109.36949,-0.05828],[109.36949,-0.0583],[109.36953,-0.05836]],[[109.37676,-0.02063],[109.37676,-0.02085],[109.37646,-0.02115],[109.37676,-0.02145],[109.37661,-0.02175],[109.37594,-0.02138],[109.37594,-0.02048],[109.37601,-0.02033],[109.37654,-0.02025],[109.37676,-0.02063]],[[109.36904,-0.0183],[109.36896,-0.0186],[109.36814,-0.01845],[109.36799,-0.018],[109.36821,-0.0177],[109.36851,-0.01793],[109.36889,-0.018],[109.36904,-0.0183]]]},"properties":{"STREAM_ID":1}},{"type":"Feature","geometry":{"type":"Polygon","coordinates":[[[109.37792,-0.03285],[109.37804,-0.03255],[109.37774,-0.03248],[109.37789,-0.03173],[109.37864,-0.03173],[109.37886,-0.0312],[109.37826,-0.03105],[109.37849,-0.0306],[109.37826,-0.03],[109.37849,-0.02993],[109.37954,-0.03],[109.37946,-0.03038],[109.37946,-0.03135],[109.37939,-0.03158],[109.37856,-0.03233],[109.37856,-0.0327],[109.37875,-0.0328],[109.37953,-0.03254],[109.38006,-0.03208],[109.38006,-0.0315],[109.38051,-0.0312],[109.38112,-0.0312],[109.38158,-0.03078],[109.38186,-0.03042],[109.38215,-0.0297],[109.38164,-0.02985],[109.38066,-0.02963],[109.38044,-0.0294],[109.38044,-0.02903],[109.37961,-0.0291],[109.37931,-0.02948],[109.37879,-0.02948],[109.37834,-0.02933],[109.37834,-0.02895],[109.37819,-0.02858],[109.37759,-0.02858],[109.37759,-0.02813],[109.37721,-0.02783],[109.37691,-0.02783],[109.37654,-0.02805],[109.37669,-0.02843],[109.37699,-0.0285],[109.37699,-0.0288],[109.37721,-0.02918],[109.37759,-0.02948],[109.37766,-0.03053],[109.37736,-0.03098],[109.37736,-0.03173],[109.37714,-0.03173],[109.37676,-0.03135],[109.37631,-0.03135],[109.37594,-0.03158],[109.37594,-0.0318],[109.37699,-0.03188],[109.37721,-0.03263],[109.37758,-0.03252],[109.37789,-0.03281],[109.37792,-0.03285]]]},"properties":{"STREAM_ID":1}},{"type":"Feature","geometry":{"type":"Polygon","coordinates":[[[109.37054,-0.05948],[109.37084,-0.05963],[109.37136,-0.06053],[109.37166,-0.06053],[109.37196,-0.06098],[109.37219,-0.06098],[109.37226,-0.06136],[109.37249,-0.06143],[109.37249,-0.06226],[109.37264,-0.06248],[109.37306,-0.06263],[109.37354,-0.06218],[109.37324,-0.06181],[109.37294,-0.06173],[109.37294,-0.06106],[109.37264,-0.06046],[109.37286,-0.06031],[109.37286,-0.05978],[109.37309,-0.05956],[109.37339,-0.05963],[109.37339,-0.05993],[109.37369,-0.05993],[109.37421,-0.05956],[109.37421,-0.05918],[109.37384,-0.05911],[109.37361,-0.05933],[109.37331,-0.05933],[109.37256,-0.05963],[109.37241,-0.05986],[109.37264,-0.06023],[109.37241,-0.06046],[109.37211,-0.06016],[109.37204,-0.05986],[109.37159,-0.05941],[109.37151,-0.05903],[109.37121,-0.05896],[109.37099,-0.05918],[109.37054,-0.05918],[109.37054,-0.05948]]]},"properties":{"STREAM_ID":1}},{"type":"Feature","geometry":{"type":"Polygon","coordinates":[[[109.37586,-0.0024],[109.37526,-0.00285],[109.37511,-0.00315],[109.37451,-0.00315],[109.37444,-0.0039],[109.37406,-0.0045],[109.37369,-0.00413],[109.37331,-0.00443],[109.37204,-0.0045],[109.37181,-0.00413],[109.37106,-0.00413],[109.37099,-0.00458],[109.37114,-0.00503],[109.37069,-0.00503],[109.37039,-0.00548],[109.37084,-0.00563],[109.37084,-0.00645],[109.37091,-0.0072],[109.37114,-0.00765],[109.37099,-0.00833],[109.37114,-0.00855],[109.37151,-0.00833],[109.37219,-0.00833],[109.37234,-0.00795],[109.37204,-0.00765],[109.37174,-0.00758],[109.37151,-0.00705],[109.37181,-0.00683],[109.37196,-0.00638],[109.37196,-0.00593],[109.37166,-0.00578],[109.37256,-0.00503],[109.37354,-0.00503],[109.37376,-0.00525],[109.37376,-0.00578],[109.37406,-0.0063],[109.37354,-0.00623],[109.37301,-0.00638],[109.37256,-0.00638],[109.37241,-0.0069],[109.37286,-0.00713],[109.37286,-0.00735],[109.37316,-0.00765],[109.37316,-0.00803],[109.37331,-0.00825],[109.37376,-0.00788],[109.37369,-0.0084],[109.37384,-0.00878],[109.37384,-0.0093],[109.37354,-0.00945],[109.37331,-0.00983],[109.37241,-0.01013],[109.37226,-0.01043],[109.37144,-0.0105],[109.37136,-0.00975],[109.37099,-0.00968],[109.37106,-0.01043],[109.37091,-0.01065],[109.37091,-0.01185],[109.37166,-0.01185],[109.37144,-0.0114],[109.37129,-0.0108],[109.37159,-0.0108],[109.37174,-0.0111],[109.37241,-0.0111],[109.37249,-0.01133],[109.37286,-0.01163],[109.37339,-0.01148],[109.37339,-0.01095],[109.37294,-0.0108],[109.37316,-0.0105],[109.37369,-0.01005],[109.37421,-0.01005],[109.37466,-0.01028],[109.37496,-0.0108],[109.37496,-0.01118],[109.37519,-0.01133],[109.37556,-0.01133],[109.37579,-0.0111],[109.37631,-0.01118],[109.37646,-0.01163],[109.37624,-0.01178],[109.37624,-0.01268],[109.37639,-0.01335],[109.37676,-0.01335],[109.37699,-0.01358],[109.37744,-0.01335],[109.37744,-0.0129],[109.37774,-0.01275],[109.37781,-0.0132],[109.37729,-0.01358],[109.37729,-0.01395],[109.37751,-0.0141],[109.37772,-0.01389],[109.3776,-0.01358],[109.37807,-0.01319],[109.37841,-0.01268],[109.37833,-0.01218],[109.37745,-0.01231],[109.37738,-0.01202],[109.37772,-0.01128],[109.37799,-0.01106],[109.37786,-0.01053],[109.37781,-0.00896],[109.37745,-0.00796],[109.37691,-0.00627],[109.37649,-0.00594],[109.37639,-0.00555],[109.37609,-0.00548],[109.37609,-0.00488],[109.37594,-0.00458],[109.37571,-0.00417],[109.37594,-0.00351],[109.37575,-0.0031],[109.37604,-0.00266],[109.37586,-0.0024]],[[109.37639,-0.00638],[109.37646,-0.00668],[109.37624,-0.00683],[109.37549,-0.00683],[109.37519,-0.00705],[109.37466,-0.0069],[109.37474,-0.00623],[109.37496,-0.00585],[109.37519,-0.00585],[109.37556,-0.00638],[109.37586,-0.00638],[109.37601,-0.00615],[109.37639,-0.00638]],[[109.37571,-0.01005],[109.37571,-0.01028],[109.37511,-0.0102],[109.37511,-0.0099],[109.37549,-0.00983],[109.37571,-0.01005]]]},"properties":{"STREAM_ID":1}},{"type":"Feature","geometry":{"type":"Polygon","coordinates":[[[109.34068,-0.01823],[109.34068,-0.0177],[109.34008,-0.01748],[109.33941,-0.0168],[109.33911,-0.01635],[109.33881,-0.01613],[109.33836,-0.0153],[109.33813,-0.0153],[109.33716,-0.01425],[109.33648,-0.01395],[109.33596,-0.01335],[109.33558,-0.0132],[109.33513,-0.01283],[109.33513,-0.0126],[109.33453,-0.012],[109.33453,-0.01155],[109.33408,-0.0111],[109.33378,-0.01065],[109.33303,-0.0102],[109.33266,-0.00975],[109.33221,-0.00945],[109.33131,-0.0084],[109.33063,-0.0078],[109.33033,-0.00735],[109.32943,-0.00683],[109.32891,-0.00645],[109.32876,-0.00615],[109.32786,-0.00548],[109.32771,-0.00518],[109.32726,-0.00473],[109.32666,-0.0045],[109.32621,-0.0039],[109.32583,-0.00383],[109.32568,-0.00345],[109.32538,-0.0033],[109.32516,-0.003],[109.32478,-0.003],[109.32441,-0.00255],[109.32373,-0.00233],[109.32328,-0.00173],[109.32261,-0.00173],[109.32178,-0.0009],[109.32171,-0.00023],[109.32156,0],[109.32096,0],[109.32088,-0.00023],[109.32013,-0.00015],[109.31946,0.00023],[109.31923,0.00023],[109.31871,0.00068],[109.31803,0.00068],[109.31773,0.00105],[109.31728,0.00105],[109.31713,0.00135],[109.31668,0.0015],[109.31608,0.00158],[109.31481,0.0021],[109.31458,0.00233],[109.31391,0.00225],[109.31383,0.00255],[109.31308,0.00263],[109.31293,0.00248],[109.31256,0.00255],[109.31248,0.00278],[109.31188,0.00278],[109.31151,0.00293],[109.31068,0.00375],[109.30993,0.00368],[109.30963,0.0042],[109.30933,0.00428],[109.30903,0.00458],[109.30866,0.00465],[109.30888,0.00495],[109.30888,0.00525],[109.30851,0.00533],[109.30821,0.0051],[109.30798,0.00473],[109.30738,0.00473],[109.30723,0.00495],[109.30686,0.00495],[109.30648,0.00473],[109.30633,0.00495],[109.30581,0.00495],[109.30573,0.00548],[109.30528,0.00548],[109.30521,0.0051],[109.30483,0.0051],[109.30453,0.00563],[109.30416,0.00563],[109.30386,0.00518],[109.30288,0.0051],[109.30138,0.0051],[109.30093,0.00548],[109.30003,0.00548],[109.29965,0.00578],[109.29943,0.00623],[109.2989,0.00623],[109.2983,0.00638],[109.2983,0.00668],[109.29763,0.00705],[109.2974,0.00743],[109.29703,0.0075],[109.2962,0.00788],[109.29605,0.00803],[109.29545,0.00795],[109.29493,0.00833],[109.29463,0.00825],[109.29388,0.00825],[109.2935,0.00848],[109.29335,0.00878],[109.29335,0.00938],[109.29305,0.0096],[109.29268,0.00945],[109.2926,0.0087],[109.2923,0.00848],[109.2917,0.0084],[109.29038,0.0084],[109.28724,0.0059],[109.28694,0.00278],[109.28693,0.00148],[109.28818,0.0015],[109.28863,0.00143],[109.28878,0.00158],[109.28923,0.00158],[109.2896,0.00143],[109.29028,0.00098],[109.29028,0.00045],[109.29043,0.0003],[109.29118,0.0003],[109.2914,0.00023],[109.29155,-0.00023],[109.292,-0.0003],[109.2926,-0.00075],[109.29268,-0.00173],[109.29253,-0.0021],[109.29268,-0.00263],[109.29268,-0.003],[109.29238,-0.00315],[109.29238,-0.00383],[109.29268,-0.00413],[109.2929,-0.00413],[109.29305,-0.00465],[109.29275,-0.0048],[109.29245,-0.00518],[109.29245,-0.00555],[109.29328,-0.0054],[109.29328,-0.00488],[109.29358,-0.00465],[109.29358,-0.00428],[109.29335,-0.00405],[109.29328,-0.00353],[109.2938,-0.00353],[109.29418,-0.00383],[109.2944,-0.00338],[109.2941,-0.0024],[109.2941,-0.00195],[109.29395,-0.0018],[109.29335,-0.0018],[109.2935,-0.00143],[109.29388,-0.00165],[109.29388,-0.00113],[109.29418,-0.00105],[109.29485,-0.00135],[109.29538,-0.0015],[109.2953,-0.00173],[109.29455,-0.00188],[109.29493,-0.00248],[109.29523,-0.00248],[109.29545,-0.00218],[109.29583,-0.0021],[109.2962,-0.00255],[109.29605,-0.00173],[109.29665,-0.0018],[109.29793,-0.0018],[109.29793,-0.00188],[109.29958,-0.00188],[109.30026,-0.0018],[109.30063,-0.00188],[109.30093,-0.00173],[109.30138,-0.00173],[109.30183,-0.00158],[109.30206,-0.00135],[109.30251,-0.0012],[109.30318,-0.0012],[109.30356,-0.0015],[109.30356,-0.0018],[109.30378,-0.00195],[109.30461,-0.00188],[109.30498,-0.00135],[109.30461,-0.00135],[109.30446,-0.00113],[109.30596,-0.00113],[109.30671,-0.00105],[109.30723,-0.00113],[109.30746,-0.00128],[109.30783,-0.00128],[109.30813,-0.0015],[109.30806,-0.00248],[109.30821,-0.00285],[109.30866,-0.0024],[109.30896,-0.0024],[109.30896,-0.00203],[109.30948,-0.00188],[109.30956,-0.00225],[109.30941,-0.00255],[109.30963,-0.00285],[109.30993,-0.00285],[109.31046,-0.00255],[109.31061,-0.00285],[109.31113,-0.003],[109.31128,-0.00263],[109.31113,-0.0024],[109.31113,-0.00195],[109.31158,-0.00195],[109.31196,-0.00218],[109.31248,-0.00218],[109.31338,-0.00248],[109.31376,-0.00278],[109.31406,-0.00278],[109.31466,-0.00315],[109.31481,-0.00315],[109.31563,-0.00353],[109.31661,-0.00405],[109.31721,-0.00428],[109.31751,-0.00465],[109.31751,-0.00495],[109.31788,-0.00518],[109.31811,-0.00548],[109.31908,-0.00555],[109.31931,-0.006],[109.31976,-0.00623],[109.32006,-0.0066],[109.32051,-0.00675],[109.32118,-0.0075],[109.32208,-0.00803],[109.32231,-0.00855],[109.32291,-0.0084],[109.32306,-0.00863],[109.32291,-0.00908],[109.32321,-0.00938],[109.32343,-0.00938],[109.32396,-0.0099],[109.32448,-0.01028],[109.32531,-0.01028],[109.32531,-0.0108],[109.32561,-0.01065],[109.32598,-0.01065],[109.32628,-0.01095],[109.32681,-0.01125],[109.32711,-0.01178],[109.32756,-0.01185],[109.32801,-0.01208],[109.32868,-0.01268],[109.32853,-0.01298],[109.32853,-0.01335],[109.32936,-0.0141],[109.32921,-0.01478],[109.32951,-0.01493],[109.32973,-0.01478],[109.32988,-0.0144],[109.33033,-0.01433],[109.33063,-0.01478],[109.33101,-0.01493],[109.33161,-0.015],[109.33206,-0.01515],[109.33228,-0.01545],[109.33228,-0.01598],[109.33311,-0.01598],[109.33341,-0.01643],[109.33341,-0.01673],[109.33408,-0.01673],[109.33416,-0.01703],[109.33446,-0.01703],[109.33528,-0.01778],[109.33558,-0.0183],[109.33663,-0.01875],[109.33738,-0.01973],[109.33798,-0.0201],[109.33821,-0.0201],[109.33858,-0.0204],[109.33888,-0.02048],[109.33933,-0.02093],[109.33918,-0.0213],[109.33873,-0.02138],[109.33843,-0.02175],[109.33843,-0.02213],[109.33881,-0.02243],[109.33911,-0.02243],[109.33926,-0.0222],[109.33926,-0.02175],[109.34038,-0.0216],[109.34076,-0.02198],[109.34098,-0.02198],[109.34166,-0.02265],[109.34218,-0.02288],[109.34301,-0.02363],[109.34428,-0.0249],[109.34451,-0.02528],[109.34451,-0.02558],[109.34481,-0.02595],[109.34541,-0.027],[109.34556,-0.02753],[109.34586,-0.02783],[109.34601,-0.0285],[109.34646,-0.02948],[109.34646,-0.03],[109.34691,-0.03068],[109.34691,-0.03098],[109.34721,-0.03135],[109.34736,-0.03195],[109.34766,-0.03225],[109.34788,-0.03315],[109.34841,-0.03368],[109.34953,-0.036],[109.34961,-0.03638],[109.34916,-0.03638],[109.34916,-0.0366],[109.34968,-0.0366],[109.35006,-0.03698],[109.35036,-0.03713],[109.35081,-0.03758],[109.35096,-0.03803],[109.35119,-0.03825],[109.35119,-0.039],[109.35171,-0.03915],[109.35186,-0.03953],[109.35291,-0.04058],[109.35291,-0.0408],[109.35366,-0.04125],[109.35374,-0.04178],[109.35404,-0.04193],[109.35479,-0.04268],[109.35554,-0.04335],[109.35576,-0.04373],[109.35644,-0.0444],[109.35651,-0.04478],[109.35674,-0.04478],[109.35741,-0.04523],[109.35764,-0.04553],[109.35831,-0.04605],[109.35906,-0.0468],[109.35944,-0.04703],[109.36026,-0.04793],[109.36034,-0.04838],[109.36109,-0.04875],[109.36146,-0.04905],[109.36139,-0.04943],[109.36214,-0.04973],[109.36266,-0.05041],[109.36319,-0.05093],[109.36416,-0.05206],[109.36401,-0.05266],[109.36416,-0.05296],[109.36476,-0.05341],[109.36544,-0.05416],[109.36536,-0.05453],[109.36499,-0.05476],[109.36521,-0.05513],[109.36521,-0.05543],[109.36581,-0.05536],[109.36596,-0.05558],[109.36641,-0.05588],[109.36664,-0.05633],[109.36664,-0.05671],[109.36686,-0.05693],[109.36701,-0.05776],[109.36649,-0.05821],[109.36619,-0.05836],[109.36619,-0.05866],[109.36649,-0.05873],[109.36664,-0.05903],[109.36709,-0.05888],[109.36709,-0.05851],[109.36724,-0.05798],[109.36746,-0.05791],[109.36776,-0.05813],[109.36835,-0.05822],[109.36859,-0.05798],[109.36836,-0.05723],[109.36799,-0.05708],[109.36769,-0.05678],[109.36769,-0.05656],[109.36724,-0.05603],[109.36716,-0.05573],[109.36626,-0.05498],[109.36619,-0.05438],[109.36589,-0.05348],[109.36536,-0.05303],[109.36506,-0.05288],[109.36499,-0.05228],[109.36469,-0.05168],[109.36409,-0.05108],[109.36349,-0.05026],[109.36274,-0.04965],[109.36274,-0.04943],[109.36229,-0.04928],[109.36199,-0.04853],[109.36094,-0.04785],[109.36064,-0.04755],[109.36056,-0.04725],[109.36004,-0.04688],[109.35959,-0.04628],[109.35876,-0.04553],[109.35839,-0.04538],[109.35839,-0.04515],[109.35786,-0.04485],[109.35479,-0.04178],[109.35434,-0.04118],[109.35434,-0.04095],[109.35359,-0.04035],[109.35359,-0.04013],[109.35329,-0.03975],[109.35284,-0.03953],[109.35216,-0.03885],[109.35156,-0.03788],[109.35149,-0.03743],[109.35126,-0.03713],[109.35096,-0.03698],[109.35066,-0.03653],[109.35044,-0.03645],[109.35036,-0.03593],[109.35014,-0.03578],[109.34953,-0.03473],[109.34938,-0.03413],[109.34908,-0.03383],[109.34908,-0.03338],[109.34856,-0.03263],[109.34833,-0.03255],[109.34818,-0.03195],[109.34773,-0.03143],[109.34766,-0.03083],[109.34736,-0.03053],[109.34736,-0.03023],[109.34683,-0.02963],[109.34683,-0.02873],[109.34653,-0.02828],[109.34638,-0.02745],[109.34593,-0.02715],[109.34593,-0.02693],[109.34563,-0.02655],[109.34556,-0.02603],[109.34533,-0.02588],[109.34518,-0.02535],[109.34473,-0.02483],[109.34466,-0.02445],[109.34443,-0.02438],[109.34428,-0.02393],[109.34376,-0.02363],[109.34368,-0.02333],[109.34308,-0.02288],[109.34278,-0.02243],[109.34188,-0.02175],[109.34136,-0.02145],[109.34128,-0.02108],[109.34053,-0.02108],[109.34038,-0.02078],[109.33993,-0.02063],[109.33933,-0.02003],[109.33836,-0.01958],[109.33806,-0.01913],[109.33768,-0.01905],[109.33723,-0.01868],[109.33723,-0.01845],[109.33678,-0.01808],[109.33678,-0.01793],[109.33603,-0.01785],[109.33573,-0.01733],[109.33543,-0.01718],[109.33528,-0.01673],[109.33498,-0.01665],[109.33453,-0.01613],[109.33423,-0.01613],[109.33416,-0.01583],[109.33326,-0.01508],[109.33258,-0.01463],[109.33198,-0.01448],[109.33153,-0.01448],[109.33138,-0.01403],[109.33086,-0.01365],[109.32973,-0.01365],[109.32966,-0.01343],[109.32928,-0.01313],[109.32928,-0.01223],[109.32868,-0.01178],[109.32838,-0.01178],[109.32793,-0.01133],[109.32748,-0.01118],[109.32718,-0.01073],[109.32598,-0.01005],[109.32598,-0.00975],[109.32546,-0.00938],[109.32433,-0.00938],[109.32418,-0.00893],[109.32366,-0.00893],[109.32358,-0.00825],[109.32328,-0.00795],[109.32268,-0.00795],[109.32268,-0.00773],[109.32223,-0.00743],[109.32178,-0.00698],[109.32126,-0.00668],[109.32126,-0.00645],[109.32058,-0.00608],[109.32028,-0.00563],[109.31976,-0.00555],[109.31976,-0.00533],[109.31938,-0.00495],[109.31878,-0.00495],[109.31833,-0.00473],[109.31803,-0.00443],[109.31803,-0.00413],[109.31698,-0.00368],[109.31683,-0.00345],[109.31653,-0.00345],[109.31616,-0.00323],[109.31488,-0.00263],[109.31413,-0.00233],[109.31398,-0.00203],[109.31316,-0.00188],[109.31308,-0.00165],[109.31226,-0.00165],[109.31203,-0.00143],[109.31136,-0.00128],[109.31053,-0.00128],[109.31016,-0.00105],[109.30888,-0.00105],[109.30866,-0.00083],[109.30783,-0.00075],[109.30753,-0.00053],[109.30678,-0.00045],[109.30588,-0.00053],[109.30408,-0.00053],[109.30408,-0.00068],[109.30318,-0.00075],[109.30176,-0.00075],[109.30153,-0.00098],[109.30086,-0.00128],[109.29973,-0.00135],[109.29725,-0.00135],[109.29643,-0.00128],[109.29643,-0.00113],[109.29545,-0.00098],[109.29545,-0.00083],[109.2947,-0.00075],[109.29448,-0.00045],[109.29343,-0.00045],[109.29305,-0.00038],[109.29298,-0.00015],[109.29253,0],[109.31863,0],[109.31893,-0.00038],[109.32006,-0.00075],[109.32118,-0.00075],[109.32133,-0.00098],[109.32133,-0.00135],[109.32186,-0.00173],[109.32193,-0.00203],[109.32223,-0.00218],[109.32276,-0.00218],[109.32306,-0.00233],[109.32343,-0.00293],[109.32396,-0.00308],[109.32403,-0.00338],[109.32486,-0.00375],[109.32523,-0.00383],[109.32523,-0.00428],[109.32583,-0.00443],[109.32613,-0.00473],[109.32613,-0.00495],[109.32658,-0.00503],[109.32696,-0.00525],[109.32703,-0.00578],[109.32763,-0.00615],[109.32793,-0.00623],[109.32823,-0.00668],[109.32883,-0.00705],[109.32883,-0.00728],[109.32928,-0.00735],[109.32958,-0.00758],[109.33108,-0.00908],[109.33123,-0.00938],[109.33168,-0.00953],[109.33198,-0.00975],[109.33206,-0.01028],[109.33251,-0.01028],[109.33251,-0.01058],[109.33296,-0.01088],[109.33318,-0.01088],[109.33363,-0.01133],[109.33363,-0.01163],[109.33416,-0.01193],[109.33416,-0.01245],[109.33476,-0.01298],[109.33476,-0.01335],[109.33498,-0.01358],[109.33528,-0.01358],[109.33626,-0.01433],[109.33633,-0.01478],[109.33693,-0.01493],[109.33716,-0.01523],[109.33806,-0.01575],[109.33813,-0.01628],[109.33896,-0.01748],[109.33948,-0.01763],[109.33956,-0.01793],[109.33986,-0.01808],[109.34053,-0.01808],[109.34068,-0.01823]],[[109.29845,0.0045],[109.29853,0.00398],[109.29815,0.0039],[109.29785,0.0045],[109.29785,0.00488],[109.29755,0.0048],[109.29755,0.00443],[109.29718,0.00435],[109.29725,0.00495],[109.29748,0.00525],[109.29793,0.0051],[109.29838,0.0048],[109.29845,0.0045]]]},"properties":{"STREAM_ID":1}},{"type":"Feature","geometry":{"type":"Polygon","coordinates":[[[109.36604,0.02298],[109.36596,0.02265],[109.36559,0.0225],[109.36529,0.02213],[109.36529,0.02175],[109.36559,0.0216],[109.36589,0.02123],[109.36664,0.02078],[109.36686,0.0204],[109.36709,0.0204],[109.36701,0.01988],[109.36739,0.01973],[109.36769,0.01995],[109.36791,0.01965],[109.36791,0.01808],[109.36851,0.018],[109.36851,0.01763],[109.36829,0.01748],[109.36836,0.0168],[109.36784,0.01658],[109.36754,0.0159],[109.36791,0.0159],[109.36821,0.01545],[109.36821,0.015],[109.36799,0.01478],[109.36799,0.01433],[109.36836,0.01448],[109.36896,0.01448],[109.36911,0.01485],[109.36949,0.01508],[109.36949,0.01545],[109.36919,0.01568],[109.36919,0.01598],[109.36859,0.0162],[109.36881,0.01665],[109.36926,0.01688],[109.36926,0.0171],[109.36979,0.01725],[109.37074,0.01725],[109.37072,0.01821],[109.37052,0.01875],[109.3708,0.01917],[109.37104,0.021],[109.37031,0.02138],[109.37031,0.02085],[109.36979,0.02078],[109.36941,0.0213],[109.36949,0.02168],[109.36934,0.0221],[109.36814,0.02244],[109.36651,0.02286],[109.36604,0.02298]],[[109.36851,0.02108],[109.36859,0.02078],[109.36821,0.02063],[109.36799,0.02123],[109.36799,0.0216],[109.36844,0.02168],[109.36851,0.02108]]]},"properties":{"STREAM_ID":1}},{"type":"Feature","geometry":{"type":"Polygon","coordinates":[[[109.36953,-0.05836],[109.36979,-0.05858],[109.37024,-0.05873],[109.37046,-0.05821],[109.36956,-0.05761],[109.36941,-0.05738],[109.36941,-0.05678],[109.36926,-0.05671],[109.36889,-0.05603],[109.36889,-0.05573],[109.36844,-0.05476],[109.36859,-0.05446],[109.36814,-0.05408],[109.36776,-0.05393],[109.36686,-0.05303],[109.36656,-0.05221],[109.36604,-0.05168],[109.36566,-0.05101],[109.36514,-0.05026],[109.36416,-0.04928],[109.36379,-0.04898],[109.36326,-0.04823],[109.36319,-0.04793],[109.36274,-0.04748],[109.36221,-0.04718],[109.36191,-0.0465],[109.36146,-0.04613],[109.36139,-0.04583],[109.36086,-0.0456],[109.36041,-0.04515],[109.36049,-0.0447],[109.36004,-0.04463],[109.35959,-0.0447],[109.35936,-0.04425],[109.35884,-0.04403],[109.35854,-0.0435],[109.35734,-0.0426],[109.35689,-0.04215],[109.35636,-0.04148],[109.35599,-0.0411],[109.35584,-0.04073],[109.35501,-0.03983],[109.35419,-0.0393],[109.35419,-0.03915],[109.35321,-0.03803],[109.35299,-0.03728],[109.35261,-0.03705],[109.35194,-0.03615],[109.35141,-0.03525],[109.35111,-0.03443],[109.35036,-0.0333],[109.35006,-0.03315],[109.34953,-0.03188],[109.34938,-0.0318],[109.34908,-0.0312],[109.34908,-0.03098],[109.34878,-0.03053],[109.34878,-0.03023],[109.34803,-0.0288],[109.34766,-0.02783],[109.34781,-0.02753],[109.34706,-0.02678],[109.34676,-0.02633],[109.34638,-0.02558],[109.34631,-0.02498],[109.34661,-0.02453],[109.34661,-0.02355],[109.34691,-0.02333],[109.34908,-0.02333],[109.34961,-0.0231],[109.35006,-0.0231],[109.35066,-0.02295],[109.35134,-0.02295],[109.35201,-0.02258],[109.35306,-0.02258],[109.35336,-0.02235],[109.35389,-0.02235],[109.35411,-0.02205],[109.35471,-0.02205],[109.35494,-0.0219],[109.35576,-0.02198],[109.35629,-0.0216],[109.35666,-0.0216],[109.35696,-0.02205],[109.35696,-0.0225],[109.35749,-0.0225],[109.35711,-0.02205],[109.35726,-0.02175],[109.35779,-0.02168],[109.35884,-0.02175],[109.35884,-0.02213],[109.35929,-0.02205],[109.35936,-0.0216],[109.36019,-0.02078],[109.36086,-0.0207],[109.36109,-0.02085],[109.36109,-0.02138],[109.36154,-0.02168],[109.36154,-0.0213],[109.36191,-0.02115],[109.36236,-0.02115],[109.36281,-0.0213],[109.36289,-0.021],[109.36529,-0.021],[109.36589,-0.0213],[109.36656,-0.0213],[109.36686,-0.02153],[109.36686,-0.02235],[109.36701,-0.02273],[109.36746,-0.0222],[109.36746,-0.02145],[109.36799,-0.02145],[109.36859,-0.0213],[109.36881,-0.02168],[109.36926,-0.02168],[109.36971,-0.0219],[109.37054,-0.0219],[109.37114,-0.02205],[109.37151,-0.02228],[109.37151,-0.02258],[109.37226,-0.02258],[109.37264,-0.02288],[109.37316,-0.02303],[109.37406,-0.02355],[109.37564,-0.02408],[109.37601,-0.02408],[109.37631,-0.0243],[109.37646,-0.0246],[109.37691,-0.02483],[109.37729,-0.02483],[109.37751,-0.02505],[109.37819,-0.02498],[109.37849,-0.02528],[109.37924,-0.02528],[109.37984,-0.02543],[109.38044,-0.02543],[109.38141,-0.02573],[109.38209,-0.02573],[109.38224,-0.02595],[109.38231,-0.02655],[109.38194,-0.02693],[109.38201,-0.0273],[109.38239,-0.0273],[109.38254,-0.02678],[109.38293,-0.0264],[109.38315,-0.0251],[109.37956,-0.0244],[109.37607,-0.0231],[109.37678,-0.02196],[109.37701,-0.02102],[109.37699,-0.0197],[109.37741,-0.0187],[109.37793,-0.01786],[109.37803,-0.01694],[109.37813,-0.01657],[109.37878,-0.01613],[109.37882,-0.01594],[109.37837,-0.01553],[109.37763,-0.01539],[109.37755,-0.01521],[109.37796,-0.01489],[109.37858,-0.01462],[109.37896,-0.01408],[109.37894,-0.01352],[109.37834,-0.01351],[109.37826,-0.01425],[109.37766,-0.0144],[109.37736,-0.01485],[109.37729,-0.01553],[109.37796,-0.0156],[109.37826,-0.01605],[109.37766,-0.01673],[109.37774,-0.01763],[109.37721,-0.01853],[109.37676,-0.0189],[109.37669,-0.01943],[109.37601,-0.0192],[109.37601,-0.01875],[109.37669,-0.01785],[109.37654,-0.0174],[109.37661,-0.01688],[109.37624,-0.0165],[109.37586,-0.01628],[109.37594,-0.01695],[109.37556,-0.01733],[109.37541,-0.01793],[109.37556,-0.0183],[109.37534,-0.01853],[109.37541,-0.01928],[109.37511,-0.0195],[109.37489,-0.02003],[109.37451,-0.0201],[109.37481,-0.02055],[109.37526,-0.02055],[109.37534,-0.02085],[109.37496,-0.02085],[109.37444,-0.02063],[109.37421,-0.0204],[109.37331,-0.0204],[109.37301,-0.02018],[109.37294,-0.01988],[109.37256,-0.01943],[109.37264,-0.01905],[109.37294,-0.01875],[109.37294,-0.01808],[109.37256,-0.0183],[109.37226,-0.01875],[109.37219,-0.01913],[109.37189,-0.01943],[109.37174,-0.01905],[109.37174,-0.0186],[109.37189,-0.01838],[109.37136,-0.0183],[109.37144,-0.0177],[109.37204,-0.01778],[109.37219,-0.01763],[109.37219,-0.01695],[109.37241,-0.01665],[109.37279,-0.01665],[109.37286,-0.01643],[109.37346,-0.0165],[109.37361,-0.01688],[109.37354,-0.01718],[109.37316,-0.01718],[109.37301,-0.0174],[109.37384,-0.018],[109.37429,-0.01793],[109.37421,-0.01748],[109.37429,-0.01695],[109.37391,-0.0168],[109.37399,-0.01635],[109.37421,-0.01635],[109.37444,-0.01688],[109.37466,-0.01688],[109.37496,-0.0162],[109.37496,-0.01583],[109.37451,-0.0156],[109.37414,-0.01568],[109.37361,-0.01605],[109.37331,-0.01605],[109.37301,-0.01575],[109.37226,-0.01605],[109.37226,-0.01665],[109.37174,-0.01673],[109.37159,-0.0165],[109.37211,-0.01613],[109.37196,-0.01575],[109.37159,-0.01575],[109.37076,-0.01628],[109.37084,-0.01703],[109.37054,-0.01748],[109.37024,-0.0177],[109.37009,-0.0174],[109.37031,-0.01718],[109.37016,-0.01688],[109.36971,-0.01665],[109.36949,-0.0162],[109.36949,-0.01583],[109.36979,-0.01575],[109.36986,-0.0153],[109.37031,-0.0153],[109.37054,-0.01515],[109.37031,-0.01448],[109.37001,-0.01455],[109.37001,-0.01493],[109.36964,-0.01515],[109.36919,-0.01523],[109.36919,-0.01575],[109.36866,-0.01575],[109.36836,-0.0156],[109.36821,-0.01605],[109.36784,-0.01635],[109.36731,-0.01643],[109.36731,-0.01793],[109.36716,-0.0183],[109.36679,-0.01853],[109.36619,-0.01845],[109.36566,-0.01815],[109.36506,-0.01815],[109.36484,-0.01853],[109.36379,-0.01845],[109.36334,-0.01823],[109.36304,-0.01853],[109.36229,-0.01845],[109.36116,-0.01845],[109.36094,-0.01868],[109.36011,-0.01868],[109.35966,-0.0189],[109.35861,-0.01883],[109.35794,-0.01905],[109.35726,-0.01898],[109.35719,-0.01913],[109.35651,-0.01913],[109.35614,-0.01868],[109.35644,-0.01838],[109.35636,-0.01808],[109.35584,-0.01808],[109.35554,-0.01755],[109.35584,-0.0174],[109.35584,-0.0171],[109.35524,-0.01703],[109.35471,-0.0174],[109.35441,-0.01808],[109.35449,-0.0186],[109.35434,-0.01868],[109.35464,-0.01935],[109.35464,-0.0198],[109.35441,-0.0201],[109.35396,-0.02033],[109.35314,-0.02033],[109.35269,-0.0204],[109.35224,-0.02018],[109.35179,-0.02018],[109.35104,-0.02078],[109.35096,-0.02093],[109.34953,-0.02085],[109.34893,-0.02123],[109.34848,-0.02123],[109.34826,-0.02138],[109.34758,-0.0213],[109.34683,-0.0213],[109.34578,-0.02145],[109.34503,-0.0213],[109.34413,-0.02093],[109.34353,-0.02048],[109.34331,-0.02048],[109.34293,-0.02018],[109.34263,-0.0201],[109.34218,-0.0198],[109.34203,-0.01935],[109.34121,-0.01898],[109.34106,-0.01875],[109.34061,-0.0189],[109.34061,-0.01913],[109.34106,-0.01958],[109.34166,-0.01973],[109.34166,-0.02018],[109.34188,-0.02018],[109.34218,-0.02048],[109.34256,-0.02055],[109.34353,-0.02138],[109.34428,-0.02153],[109.34458,-0.02175],[109.34518,-0.02175],[109.34548,-0.02198],[109.34638,-0.02198],[109.34646,-0.02213],[109.34646,-0.02295],[109.34616,-0.02295],[109.34616,-0.02423],[109.34593,-0.02445],[109.34593,-0.02573],[109.34623,-0.02648],[109.34646,-0.02685],[109.34668,-0.02693],[109.34683,-0.02745],[109.34728,-0.02775],[109.34728,-0.02858],[109.34743,-0.02918],[109.34773,-0.02955],[109.34773,-0.02985],[109.34818,-0.03023],[109.34833,-0.03098],[109.34856,-0.03113],[109.34856,-0.03143],[109.34878,-0.03188],[109.34908,-0.03218],[109.34923,-0.03285],[109.34946,-0.03293],[109.34953,-0.03338],[109.34976,-0.03368],[109.35036,-0.03405],[109.35044,-0.03465],[109.35089,-0.03518],[109.35089,-0.03555],[109.35104,-0.03593],[109.35134,-0.03623],[109.35134,-0.03645],[109.35179,-0.03675],[109.35179,-0.03698],[109.35224,-0.03758],[109.35269,-0.03795],[109.35276,-0.03848],[109.35306,-0.03863],[109.35329,-0.03893],[109.35344,-0.03938],[109.35404,-0.04005],[109.35434,-0.04028],[109.35479,-0.04043],[109.35516,-0.04088],[109.35524,-0.04118],[109.35576,-0.04178],[109.35599,-0.04185],[109.35629,-0.04238],[109.35659,-0.04253],[109.35674,-0.04298],[109.35704,-0.04313],[109.35936,-0.04545],[109.36004,-0.0456],[109.36019,-0.04598],[109.36056,-0.04613],[109.36079,-0.04658],[109.36116,-0.04673],[109.36124,-0.04695],[109.36169,-0.04695],[109.36161,-0.04733],[109.36214,-0.04793],[109.36259,-0.04815],[109.36274,-0.04853],[109.36319,-0.04883],[109.36334,-0.04935],[109.36409,-0.05018],[109.36469,-0.05063],[109.36514,-0.05146],[109.36536,-0.05153],[109.36566,-0.05213],[109.36589,-0.05221],[109.36589,-0.05258],[109.36619,-0.05288],[109.36634,-0.05348],[109.36664,-0.05363],[109.36716,-0.05416],[109.36739,-0.05468],[109.36784,-0.05513],[109.36829,-0.05573],[109.36859,-0.05663],[109.36889,-0.05716],[109.36902,-0.05765],[109.36949,-0.05828],[109.36949,-0.0583],[109.36953,-0.05836]],[[109.37676,-0.02063],[109.37676,-0.02085],[109.37646,-0.02115],[109.37676,-0.02145],[109.37661,-0.02175],[109.37594,-0.02138],[109.37594,-0.02048],[109.37601,-0.02033],[109.37654,-0.02025],[109.37676,-0.02063]],[[109.36904,-0.0183],[109.36896,-0.0186],[109.36814,-0.01845],[109.36799,-0.018],[109.36821,-0.0177],[109.36851,-0.01793],[109.36889,-0.018],[109.36904,-0.0183]]]},"properties":{"STREAM_ID":1}},{"type":"Feature","geometry":{"type":"Polygon","coordinates":[[[109.37586,-0.0024],[109.37526,-0.00285],[109.37511,-0.00315],[109.37451,-0.00315],[109.37444,-0.0039],[109.37406,-0.0045],[109.37369,-0.00413],[109.37331,-0.00443],[109.37204,-0.0045],[109.37181,-0.00413],[109.37106,-0.00413],[109.37099,-0.00458],[109.37114,-0.00503],[109.37069,-0.00503],[109.37039,-0.00548],[109.37084,-0.00563],[109.37084,-0.00645],[109.37091,-0.0072],[109.37114,-0.00765],[109.37099,-0.00833],[109.37114,-0.00855],[109.37151,-0.00833],[109.37219,-0.00833],[109.37234,-0.00795],[109.37204,-0.00765],[109.37174,-0.00758],[109.37151,-0.00705],[109.37181,-0.00683],[109.37196,-0.00638],[109.37196,-0.00593],[109.37166,-0.00578],[109.37256,-0.00503],[109.37354,-0.00503],[109.37376,-0.00525],[109.37376,-0.00578],[109.37406,-0.0063],[109.37354,-0.00623],[109.37301,-0.00638],[109.37256,-0.00638],[109.37241,-0.0069],[109.37286,-0.00713],[109.37286,-0.00735],[109.37316,-0.00765],[109.37316,-0.00803],[109.37331,-0.00825],[109.37376,-0.00788],[109.37369,-0.0084],[109.37384,-0.00878],[109.37384,-0.0093],[109.37354,-0.00945],[109.37331,-0.00983],[109.37241,-0.01013],[109.37226,-0.01043],[109.37144,-0.0105],[109.37136,-0.00975],[109.37099,-0.00968],[109.37106,-0.01043],[109.37091,-0.01065],[109.37091,-0.01185],[109.37166,-0.01185],[109.37144,-0.0114],[109.37129,-0.0108],[109.37159,-0.0108],[109.37174,-0.0111],[109.37241,-0.0111],[109.37249,-0.01133],[109.37286,-0.01163],[109.37339,-0.01148],[109.37339,-0.01095],[109.37294,-0.0108],[109.37316,-0.0105],[109.37369,-0.01005],[109.37421,-0.01005],[109.37466,-0.01028],[109.37496,-0.0108],[109.37496,-0.01118],[109.37519,-0.01133],[109.37556,-0.01133],[109.37579,-0.0111],[109.37631,-0.01118],[109.37646,-0.01163],[109.37624,-0.01178],[109.37624,-0.01268],[109.37639,-0.01335],[109.37676,-0.01335],[109.37699,-0.01358],[109.37744,-0.01335],[109.37744,-0.0129],[109.37774,-0.01275],[109.37781,-0.0132],[109.37729,-0.01358],[109.37729,-0.01395],[109.37751,-0.0141],[109.37772,-0.01389],[109.3776,-0.01358],[109.37807,-0.01319],[109.37841,-0.01268],[109.37833,-0.01218],[109.37745,-0.01231],[109.37738,-0.01202],[109.37772,-0.01128],[109.37799,-0.01106],[109.37786,-0.01053],[109.37781,-0.00896],[109.37745,-0.00796],[109.37691,-0.00627],[109.37649,-0.00594],[109.37639,-0.00555],[109.37609,-0.00548],[109.37609,-0.00488],[109.37594,-0.00458],[109.37571,-0.00417],[109.37594,-0.00351],[109.37575,-0.0031],[109.37604,-0.00266],[109.37586,-0.0024]],[[109.37639,-0.00638],[109.37646,-0.00668],[109.37624,-0.00683],[109.37549,-0.00683],[109.37519,-0.00705],[109.37466,-0.0069],[109.37474,-0.00623],[109.37496,-0.00585],[109.37519,-0.00585],[109.37556,-0.00638],[109.37586,-0.00638],[109.37601,-0.00615],[109.37639,-0.00638]],[[109.37571,-0.01005],[109.37571,-0.01028],[109.37511,-0.0102],[109.37511,-0.0099],[109.37549,-0.00983],[109.37571,-0.01005]]]},"properties":{"STREAM_ID":1}},{"type":"Feature","geometry":{"type":"Polygon","coordinates":[[[109.37792,-0.03285],[109.37804,-0.03255],[109.37774,-0.03248],[109.37789,-0.03173],[109.37864,-0.03173],[109.37886,-0.0312],[109.37826,-0.03105],[109.37849,-0.0306],[109.37826,-0.03],[109.37849,-0.02993],[109.37954,-0.03],[109.37946,-0.03038],[109.37946,-0.03135],[109.37939,-0.03158],[109.37856,-0.03233],[109.37856,-0.0327],[109.37875,-0.0328],[109.37953,-0.03254],[109.38006,-0.03208],[109.38006,-0.0315],[109.38051,-0.0312],[109.38112,-0.0312],[109.38158,-0.03078],[109.38186,-0.03042],[109.38215,-0.0297],[109.38164,-0.02985],[109.38066,-0.02963],[109.38044,-0.0294],[109.38044,-0.02903],[109.37961,-0.0291],[109.37931,-0.02948],[109.37879,-0.02948],[109.37834,-0.02933],[109.37834,-0.02895],[109.37819,-0.02858],[109.37759,-0.02858],[109.37759,-0.02813],[109.37721,-0.02783],[109.37691,-0.02783],[109.37654,-0.02805],[109.37669,-0.02843],[109.37699,-0.0285],[109.37699,-0.0288],[109.37721,-0.02918],[109.37759,-0.02948],[109.37766,-0.03053],[109.37736,-0.03098],[109.37736,-0.03173],[109.37714,-0.03173],[109.37676,-0.03135],[109.37631,-0.03135],[109.37594,-0.03158],[109.37594,-0.0318],[109.37699,-0.03188],[109.37721,-0.03263],[109.37758,-0.03252],[109.37789,-0.03281],[109.37792,-0.03285]]]},"properties":{"STREAM_ID":1}},{"type":"Feature","geometry":{"type":"Polygon","coordinates":[[[109.34068,-0.01823],[109.34068,-0.0177],[109.34008,-0.01748],[109.33941,-0.0168],[109.33911,-0.01635],[109.33881,-0.01613],[109.33836,-0.0153],[109.33813,-0.0153],[109.33716,-0.01425],[109.33648,-0.01395],[109.33596,-0.01335],[109.33558,-0.0132],[109.33513,-0.01283],[109.33513,-0.0126],[109.33453,-0.012],[109.33453,-0.01155],[109.33408,-0.0111],[109.33378,-0.01065],[109.33303,-0.0102],[109.33266,-0.00975],[109.33221,-0.00945],[109.33131,-0.0084],[109.33063,-0.0078],[109.33033,-0.00735],[109.32943,-0.00683],[109.32891,-0.00645],[109.32876,-0.00615],[109.32786,-0.00548],[109.32771,-0.00518],[109.32726,-0.00473],[109.32666,-0.0045],[109.32621,-0.0039],[109.32583,-0.00383],[109.32568,-0.00345],[109.32538,-0.0033],[109.32516,-0.003],[109.32478,-0.003],[109.32441,-0.00255],[109.32373,-0.00233],[109.32328,-0.00173],[109.32261,-0.00173],[109.32178,-0.0009],[109.32171,-0.00023],[109.32156,0],[109.32096,0],[109.32088,-0.00023],[109.32013,-0.00015],[109.31946,0.00023],[109.31923,0.00023],[109.31871,0.00068],[109.31803,0.00068],[109.31773,0.00105],[109.31728,0.00105],[109.31713,0.00135],[109.31668,0.0015],[109.31608,0.00158],[109.31481,0.0021],[109.31458,0.00233],[109.31391,0.00225],[109.31383,0.00255],[109.31308,0.00263],[109.31293,0.00248],[109.31256,0.00255],[109.31248,0.00278],[109.31188,0.00278],[109.31151,0.00293],[109.31068,0.00375],[109.30993,0.00368],[109.30963,0.0042],[109.30933,0.00428],[109.30903,0.00458],[109.30866,0.00465],[109.30888,0.00495],[109.30888,0.00525],[109.30851,0.00533],[109.30821,0.0051],[109.30798,0.00473],[109.30738,0.00473],[109.30723,0.00495],[109.30686,0.00495],[109.30648,0.00473],[109.30633,0.00495],[109.30581,0.00495],[109.30573,0.00548],[109.30528,0.00548],[109.30521,0.0051],[109.30483,0.0051],[109.30453,0.00563],[109.30416,0.00563],[109.30386,0.00518],[109.30288,0.0051],[109.30138,0.0051],[109.30093,0.00548],[109.30003,0.00548],[109.29965,0.00578],[109.29943,0.00623],[109.2989,0.00623],[109.2983,0.00638],[109.2983,0.00668],[109.29763,0.00705],[109.2974,0.00743],[109.29703,0.0075],[109.2962,0.00788],[109.29605,0.00803],[109.29545,0.00795],[109.29493,0.00833],[109.29463,0.00825],[109.29388,0.00825],[109.2935,0.00848],[109.29335,0.00878],[109.29335,0.00938],[109.29305,0.0096],[109.29268,0.00945],[109.2926,0.0087],[109.2923,0.00848],[109.2917,0.0084],[109.29038,0.0084],[109.28724,0.0059],[109.28694,0.00278],[109.28693,0.00148],[109.28818,0.0015],[109.28863,0.00143],[109.28878,0.00158],[109.28923,0.00158],[109.2896,0.00143],[109.29028,0.00098],[109.29028,0.00045],[109.29043,0.0003],[109.29118,0.0003],[109.2914,0.00023],[109.29155,-0.00023],[109.292,-0.0003],[109.2926,-0.00075],[109.29268,-0.00173],[109.29253,-0.0021],[109.29268,-0.00263],[109.29268,-0.003],[109.29238,-0.00315],[109.29238,-0.00383],[109.29268,-0.00413],[109.2929,-0.00413],[109.29305,-0.00465],[109.29275,-0.0048],[109.29245,-0.00518],[109.29245,-0.00555],[109.29328,-0.0054],[109.29328,-0.00488],[109.29358,-0.00465],[109.29358,-0.00428],[109.29335,-0.00405],[109.29328,-0.00353],[109.2938,-0.00353],[109.29418,-0.00383],[109.2944,-0.00338],[109.2941,-0.0024],[109.2941,-0.00195],[109.29395,-0.0018],[109.29335,-0.0018],[109.2935,-0.00143],[109.29388,-0.00165],[109.29388,-0.00113],[109.29418,-0.00105],[109.29485,-0.00135],[109.29538,-0.0015],[109.2953,-0.00173],[109.29455,-0.00188],[109.29493,-0.00248],[109.29523,-0.00248],[109.29545,-0.00218],[109.29583,-0.0021],[109.2962,-0.00255],[109.29605,-0.00173],[109.29665,-0.0018],[109.29793,-0.0018],[109.29793,-0.00188],[109.29958,-0.00188],[109.30026,-0.0018],[109.30063,-0.00188],[109.30093,-0.00173],[109.30138,-0.00173],[109.30183,-0.00158],[109.30206,-0.00135],[109.30251,-0.0012],[109.30318,-0.0012],[109.30356,-0.0015],[109.30356,-0.0018],[109.30378,-0.00195],[109.30461,-0.00188],[109.30498,-0.00135],[109.30461,-0.00135],[109.30446,-0.00113],[109.30596,-0.00113],[109.30671,-0.00105],[109.30723,-0.00113],[109.30746,-0.00128],[109.30783,-0.00128],[109.30813,-0.0015],[109.30806,-0.00248],[109.30821,-0.00285],[109.30866,-0.0024],[109.30896,-0.0024],[109.30896,-0.00203],[109.30948,-0.00188],[109.30956,-0.00225],[109.30941,-0.00255],[109.30963,-0.00285],[109.30993,-0.00285],[109.31046,-0.00255],[109.31061,-0.00285],[109.31113,-0.003],[109.31128,-0.00263],[109.31113,-0.0024],[109.31113,-0.00195],[109.31158,-0.00195],[109.31196,-0.00218],[109.31248,-0.00218],[109.31338,-0.00248],[109.31376,-0.00278],[109.31406,-0.00278],[109.31466,-0.00315],[109.31481,-0.00315],[109.31563,-0.00353],[109.31661,-0.00405],[109.31721,-0.00428],[109.31751,-0.00465],[109.31751,-0.00495],[109.31788,-0.00518],[109.31811,-0.00548],[109.31908,-0.00555],[109.31931,-0.006],[109.31976,-0.00623],[109.32006,-0.0066],[109.32051,-0.00675],[109.32118,-0.0075],[109.32208,-0.00803],[109.32231,-0.00855],[109.32291,-0.0084],[109.32306,-0.00863],[109.32291,-0.00908],[109.32321,-0.00938],[109.32343,-0.00938],[109.32396,-0.0099],[109.32448,-0.01028],[109.32531,-0.01028],[109.32531,-0.0108],[109.32561,-0.01065],[109.32598,-0.01065],[109.32628,-0.01095],[109.32681,-0.01125],[109.32711,-0.01178],[109.32756,-0.01185],[109.32801,-0.01208],[109.32868,-0.01268],[109.32853,-0.01298],[109.32853,-0.01335],[109.32936,-0.0141],[109.32921,-0.01478],[109.32951,-0.01493],[109.32973,-0.01478],[109.32988,-0.0144],[109.33033,-0.01433],[109.33063,-0.01478],[109.33101,-0.01493],[109.33161,-0.015],[109.33206,-0.01515],[109.33228,-0.01545],[109.33228,-0.01598],[109.33311,-0.01598],[109.33341,-0.01643],[109.33341,-0.01673],[109.33408,-0.01673],[109.33416,-0.01703],[109.33446,-0.01703],[109.33528,-0.01778],[109.33558,-0.0183],[109.33663,-0.01875],[109.33738,-0.01973],[109.33798,-0.0201],[109.33821,-0.0201],[109.33858,-0.0204],[109.33888,-0.02048],[109.33933,-0.02093],[109.33918,-0.0213],[109.33873,-0.02138],[109.33843,-0.02175],[109.33843,-0.02213],[109.33881,-0.02243],[109.33911,-0.02243],[109.33926,-0.0222],[109.33926,-0.02175],[109.34038,-0.0216],[109.34076,-0.02198],[109.34098,-0.02198],[109.34166,-0.02265],[109.34218,-0.02288],[109.34301,-0.02363],[109.34428,-0.0249],[109.34451,-0.02528],[109.34451,-0.02558],[109.34481,-0.02595],[109.34541,-0.027],[109.34556,-0.02753],[109.34586,-0.02783],[109.34601,-0.0285],[109.34646,-0.02948],[109.34646,-0.03],[109.34691,-0.03068],[109.34691,-0.03098],[109.34721,-0.03135],[109.34736,-0.03195],[109.34766,-0.03225],[109.34788,-0.03315],[109.34841,-0.03368],[109.34953,-0.036],[109.34961,-0.03638],[109.34916,-0.03638],[109.34916,-0.0366],[109.34968,-0.0366],[109.35006,-0.03698],[109.35036,-0.03713],[109.35081,-0.03758],[109.35096,-0.03803],[109.35119,-0.03825],[109.35119,-0.039],[109.35171,-0.03915],[109.35186,-0.03953],[109.35291,-0.04058],[109.35291,-0.0408],[109.35366,-0.04125],[109.35374,-0.04178],[109.35404,-0.04193],[109.35479,-0.04268],[109.35554,-0.04335],[109.35576,-0.04373],[109.35644,-0.0444],[109.35651,-0.04478],[109.35674,-0.04478],[109.35741,-0.04523],[109.35764,-0.04553],[109.35831,-0.04605],[109.35906,-0.0468],[109.35944,-0.04703],[109.36026,-0.04793],[109.36034,-0.04838],[109.36109,-0.04875],[109.36146,-0.04905],[109.36139,-0.04943],[109.36214,-0.04973],[109.36266,-0.05041],[109.36319,-0.05093],[109.36416,-0.05206],[109.36401,-0.05266],[109.36416,-0.05296],[109.36476,-0.05341],[109.36544,-0.05416],[109.36536,-0.05453],[109.36499,-0.05476],[109.36521,-0.05513],[109.36521,-0.05543],[109.36581,-0.05536],[109.36596,-0.05558],[109.36641,-0.05588],[109.36664,-0.05633],[109.36664,-0.05671],[109.36686,-0.05693],[109.36701,-0.05776],[109.36649,-0.05821],[109.36619,-0.05836],[109.36619,-0.05866],[109.36649,-0.05873],[109.36664,-0.05903],[109.36709,-0.05888],[109.36709,-0.05851],[109.36724,-0.05798],[109.36746,-0.05791],[109.36776,-0.05813],[109.36835,-0.05822],[109.36859,-0.05798],[109.36836,-0.05723],[109.36799,-0.05708],[109.36769,-0.05678],[109.36769,-0.05656],[109.36724,-0.05603],[109.36716,-0.05573],[109.36626,-0.05498],[109.36619,-0.05438],[109.36589,-0.05348],[109.36536,-0.05303],[109.36506,-0.05288],[109.36499,-0.05228],[109.36469,-0.05168],[109.36409,-0.05108],[109.36349,-0.05026],[109.36274,-0.04965],[109.36274,-0.04943],[109.36229,-0.04928],[109.36199,-0.04853],[109.36094,-0.04785],[109.36064,-0.04755],[109.36056,-0.04725],[109.36004,-0.04688],[109.35959,-0.04628],[109.35876,-0.04553],[109.35839,-0.04538],[109.35839,-0.04515],[109.35786,-0.04485],[109.35479,-0.04178],[109.35434,-0.04118],[109.35434,-0.04095],[109.35359,-0.04035],[109.35359,-0.04013],[109.35329,-0.03975],[109.35284,-0.03953],[109.35216,-0.03885],[109.35156,-0.03788],[109.35149,-0.03743],[109.35126,-0.03713],[109.35096,-0.03698],[109.35066,-0.03653],[109.35044,-0.03645],[109.35036,-0.03593],[109.35014,-0.03578],[109.34953,-0.03473],[109.34938,-0.03413],[109.34908,-0.03383],[109.34908,-0.03338],[109.34856,-0.03263],[109.34833,-0.03255],[109.34818,-0.03195],[109.34773,-0.03143],[109.34766,-0.03083],[109.34736,-0.03053],[109.34736,-0.03023],[109.34683,-0.02963],[109.34683,-0.02873],[109.34653,-0.02828],[109.34638,-0.02745],[109.34593,-0.02715],[109.34593,-0.02693],[109.34563,-0.02655],[109.34556,-0.02603],[109.34533,-0.02588],[109.34518,-0.02535],[109.34473,-0.02483],[109.34466,-0.02445],[109.34443,-0.02438],[109.34428,-0.02393],[109.34376,-0.02363],[109.34368,-0.02333],[109.34308,-0.02288],[109.34278,-0.02243],[109.34188,-0.02175],[109.34136,-0.02145],[109.34128,-0.02108],[109.34053,-0.02108],[109.34038,-0.02078],[109.33993,-0.02063],[109.33933,-0.02003],[109.33836,-0.01958],[109.33806,-0.01913],[109.33768,-0.01905],[109.33723,-0.01868],[109.33723,-0.01845],[109.33678,-0.01808],[109.33678,-0.01793],[109.33603,-0.01785],[109.33573,-0.01733],[109.33543,-0.01718],[109.33528,-0.01673],[109.33498,-0.01665],[109.33453,-0.01613],[109.33423,-0.01613],[109.33416,-0.01583],[109.33326,-0.01508],[109.33258,-0.01463],[109.33198,-0.01448],[109.33153,-0.01448],[109.33138,-0.01403],[109.33086,-0.01365],[109.32973,-0.01365],[109.32966,-0.01343],[109.32928,-0.01313],[109.32928,-0.01223],[109.32868,-0.01178],[109.32838,-0.01178],[109.32793,-0.01133],[109.32748,-0.01118],[109.32718,-0.01073],[109.32598,-0.01005],[109.32598,-0.00975],[109.32546,-0.00938],[109.32433,-0.00938],[109.32418,-0.00893],[109.32366,-0.00893],[109.32358,-0.00825],[109.32328,-0.00795],[109.32268,-0.00795],[109.32268,-0.00773],[109.32223,-0.00743],[109.32178,-0.00698],[109.32126,-0.00668],[109.32126,-0.00645],[109.32058,-0.00608],[109.32028,-0.00563],[109.31976,-0.00555],[109.31976,-0.00533],[109.31938,-0.00495],[109.31878,-0.00495],[109.31833,-0.00473],[109.31803,-0.00443],[109.31803,-0.00413],[109.31698,-0.00368],[109.31683,-0.00345],[109.31653,-0.00345],[109.31616,-0.00323],[109.31488,-0.00263],[109.31413,-0.00233],[109.31398,-0.00203],[109.31316,-0.00188],[109.31308,-0.00165],[109.31226,-0.00165],[109.31203,-0.00143],[109.31136,-0.00128],[109.31053,-0.00128],[109.31016,-0.00105],[109.30888,-0.00105],[109.30866,-0.00083],[109.30783,-0.00075],[109.30753,-0.00053],[109.30678,-0.00045],[109.30588,-0.00053],[109.30408,-0.00053],[109.30408,-0.00068],[109.30318,-0.00075],[109.30176,-0.00075],[109.30153,-0.00098],[109.30086,-0.00128],[109.29973,-0.00135],[109.29725,-0.00135],[109.29643,-0.00128],[109.29643,-0.00113],[109.29545,-0.00098],[109.29545,-0.00083],[109.2947,-0.00075],[109.29448,-0.00045],[109.29343,-0.00045],[109.29305,-0.00038],[109.29298,-0.00015],[109.29253,0],[109.31863,0],[109.31893,-0.00038],[109.32006,-0.00075],[109.32118,-0.00075],[109.32133,-0.00098],[109.32133,-0.00135],[109.32186,-0.00173],[109.32193,-0.00203],[109.32223,-0.00218],[109.32276,-0.00218],[109.32306,-0.00233],[109.32343,-0.00293],[109.32396,-0.00308],[109.32403,-0.00338],[109.32486,-0.00375],[109.32523,-0.00383],[109.32523,-0.00428],[109.32583,-0.00443],[109.32613,-0.00473],[109.32613,-0.00495],[109.32658,-0.00503],[109.32696,-0.00525],[109.32703,-0.00578],[109.32763,-0.00615],[109.32793,-0.00623],[109.32823,-0.00668],[109.32883,-0.00705],[109.32883,-0.00728],[109.32928,-0.00735],[109.32958,-0.00758],[109.33108,-0.00908],[109.33123,-0.00938],[109.33168,-0.00953],[109.33198,-0.00975],[109.33206,-0.01028],[109.33251,-0.01028],[109.33251,-0.01058],[109.33296,-0.01088],[109.33318,-0.01088],[109.33363,-0.01133],[109.33363,-0.01163],[109.33416,-0.01193],[109.33416,-0.01245],[109.33476,-0.01298],[109.33476,-0.01335],[109.33498,-0.01358],[109.33528,-0.01358],[109.33626,-0.01433],[109.33633,-0.01478],[109.33693,-0.01493],[109.33716,-0.01523],[109.33806,-0.01575],[109.33813,-0.01628],[109.33896,-0.01748],[109.33948,-0.01763],[109.33956,-0.01793],[109.33986,-0.01808],[109.34053,-0.01808],[109.34068,-0.01823]],[[109.29845,0.0045],[109.29853,0.00398],[109.29815,0.0039],[109.29785,0.0045],[109.29785,0.00488],[109.29755,0.0048],[109.29755,0.00443],[109.29718,0.00435],[109.29725,0.00495],[109.29748,0.00525],[109.29793,0.0051],[109.29838,0.0048],[109.29845,0.0045]]]},"properties":{"STREAM_ID":1}},{"type":"Feature","geometry":{"type":"Polygon","coordinates":[[[109.36604,0.02298],[109.36596,0.02265],[109.36559,0.0225],[109.36529,0.02213],[109.36529,0.02175],[109.36559,0.0216],[109.36589,0.02123],[109.36664,0.02078],[109.36686,0.0204],[109.36709,0.0204],[109.36701,0.01988],[109.36739,0.01973],[109.36769,0.01995],[109.36791,0.01965],[109.36791,0.01808],[109.36851,0.018],[109.36851,0.01763],[109.36829,0.01748],[109.36836,0.0168],[109.36784,0.01658],[109.36754,0.0159],[109.36791,0.0159],[109.36821,0.01545],[109.36821,0.015],[109.36799,0.01478],[109.36799,0.01433],[109.36836,0.01448],[109.36896,0.01448],[109.36911,0.01485],[109.36949,0.01508],[109.36949,0.01545],[109.36919,0.01568],[109.36919,0.01598],[109.36859,0.0162],[109.36881,0.01665],[109.36926,0.01688],[109.36926,0.0171],[109.36979,0.01725],[109.37074,0.01725],[109.37072,0.01821],[109.37052,0.01875],[109.3708,0.01917],[109.37104,0.021],[109.37031,0.02138],[109.37031,0.02085],[109.36979,0.02078],[109.36941,0.0213],[109.36949,0.02168],[109.36934,0.0221],[109.36814,0.02244],[109.36604,0.02298]],[[109.36851,0.02108],[109.36859,0.02078],[109.36821,0.02063],[109.36799,0.02123],[109.36799,0.0216],[109.36844,0.02168],[109.36851,0.02108]]]},"properties":{"STREAM_ID":1}},{"type":"Feature","geometry":{"type":"Polygon","coordinates":[[[109.37792,-0.03285],[109.37804,-0.03255],[109.37774,-0.03248],[109.37789,-0.03173],[109.37864,-0.03173],[109.37886,-0.0312],[109.37826,-0.03105],[109.37849,-0.0306],[109.37826,-0.03],[109.37849,-0.02993],[109.37954,-0.03],[109.37946,-0.03038],[109.37946,-0.03135],[109.37939,-0.03158],[109.37856,-0.03233],[109.37856,-0.0327],[109.37875,-0.0328],[109.37953,-0.03254],[109.38006,-0.03208],[109.38006,-0.0315],[109.38051,-0.0312],[109.38112,-0.0312],[109.38158,-0.03078],[109.38186,-0.03042],[109.38215,-0.0297],[109.38164,-0.02985],[109.38066,-0.02963],[109.38044,-0.0294],[109.38044,-0.02903],[109.37961,-0.0291],[109.37931,-0.02948],[109.37879,-0.02948],[109.37834,-0.02933],[109.37834,-0.02895],[109.37819,-0.02858],[109.37759,-0.02858],[109.37759,-0.02813],[109.37721,-0.02783],[109.37691,-0.02783],[109.37654,-0.02805],[109.37669,-0.02843],[109.37699,-0.0285],[109.37699,-0.0288],[109.37721,-0.02918],[109.37759,-0.02948],[109.37766,-0.03053],[109.37736,-0.03098],[109.37736,-0.03173],[109.37714,-0.03173],[109.37676,-0.03135],[109.37631,-0.03135],[109.37594,-0.03158],[109.37594,-0.0318],[109.37699,-0.03188],[109.37721,-0.03263],[109.37758,-0.03252],[109.37789,-0.03281],[109.37792,-0.03285]]]},"properties":{"STREAM_ID":1}},{"type":"Feature","geometry":{"type":"Polygon","coordinates":[[[109.36953,-0.05836],[109.36979,-0.05858],[109.37024,-0.05873],[109.37046,-0.05821],[109.36956,-0.05761],[109.36941,-0.05738],[109.36941,-0.05678],[109.36926,-0.05671],[109.36889,-0.05603],[109.36889,-0.05573],[109.36844,-0.05476],[109.36859,-0.05446],[109.36814,-0.05408],[109.36776,-0.05393],[109.36686,-0.05303],[109.36656,-0.05221],[109.36604,-0.05168],[109.36566,-0.05101],[109.36514,-0.05026],[109.36416,-0.04928],[109.36379,-0.04898],[109.36326,-0.04823],[109.36319,-0.04793],[109.36274,-0.04748],[109.36221,-0.04718],[109.36191,-0.0465],[109.36146,-0.04613],[109.36139,-0.04583],[109.36086,-0.0456],[109.36041,-0.04515],[109.36049,-0.0447],[109.36004,-0.04463],[109.35959,-0.0447],[109.35936,-0.04425],[109.35884,-0.04403],[109.35854,-0.0435],[109.35734,-0.0426],[109.35689,-0.04215],[109.35636,-0.04148],[109.35599,-0.0411],[109.35584,-0.04073],[109.35501,-0.03983],[109.35419,-0.0393],[109.35419,-0.03915],[109.35321,-0.03803],[109.35299,-0.03728],[109.35261,-0.03705],[109.35194,-0.03615],[109.35141,-0.03525],[109.35111,-0.03443],[109.35036,-0.0333],[109.35006,-0.03315],[109.34953,-0.03188],[109.34938,-0.0318],[109.34908,-0.0312],[109.34908,-0.03098],[109.34878,-0.03053],[109.34878,-0.03023],[109.34803,-0.0288],[109.34766,-0.02783],[109.34781,-0.02753],[109.34706,-0.02678],[109.34676,-0.02633],[109.34638,-0.02558],[109.34631,-0.02498],[109.34661,-0.02453],[109.34661,-0.02355],[109.34691,-0.02333],[109.34908,-0.02333],[109.34961,-0.0231],[109.35006,-0.0231],[109.35066,-0.02295],[109.35134,-0.02295],[109.35201,-0.02258],[109.35306,-0.02258],[109.35336,-0.02235],[109.35389,-0.02235],[109.35411,-0.02205],[109.35471,-0.02205],[109.35494,-0.0219],[109.35576,-0.02198],[109.35629,-0.0216],[109.35666,-0.0216],[109.35696,-0.02205],[109.35696,-0.0225],[109.35749,-0.0225],[109.35711,-0.02205],[109.35726,-0.02175],[109.35779,-0.02168],[109.35884,-0.02175],[109.35884,-0.02213],[109.35929,-0.02205],[109.35936,-0.0216],[109.36019,-0.02078],[109.36086,-0.0207],[109.36109,-0.02085],[109.36109,-0.02138],[109.36154,-0.02168],[109.36154,-0.0213],[109.36191,-0.02115],[109.36236,-0.02115],[109.36281,-0.0213],[109.36289,-0.021],[109.36529,-0.021],[109.36589,-0.0213],[109.36656,-0.0213],[109.36686,-0.02153],[109.36686,-0.02235],[109.36701,-0.02273],[109.36746,-0.0222],[109.36746,-0.02145],[109.36799,-0.02145],[109.36859,-0.0213],[109.36881,-0.02168],[109.36926,-0.02168],[109.36971,-0.0219],[109.37054,-0.0219],[109.37114,-0.02205],[109.37151,-0.02228],[109.37151,-0.02258],[109.37226,-0.02258],[109.37264,-0.02288],[109.37316,-0.02303],[109.37406,-0.02355],[109.37564,-0.02408],[109.37601,-0.02408],[109.37631,-0.0243],[109.37646,-0.0246],[109.37691,-0.02483],[109.37729,-0.02483],[109.37751,-0.02505],[109.37819,-0.02498],[109.37849,-0.02528],[109.37924,-0.02528],[109.37984,-0.02543],[109.38044,-0.02543],[109.38141,-0.02573],[109.38209,-0.02573],[109.38224,-0.02595],[109.38231,-0.02655],[109.38194,-0.02693],[109.38201,-0.0273],[109.38239,-0.0273],[109.38254,-0.02678],[109.38293,-0.0264],[109.38315,-0.0251],[109.37956,-0.0244],[109.37607,-0.0231],[109.37678,-0.02196],[109.37701,-0.02102],[109.37699,-0.0197],[109.37741,-0.0187],[109.37793,-0.01786],[109.37803,-0.01694],[109.37813,-0.01657],[109.37878,-0.01613],[109.37882,-0.01594],[109.37837,-0.01553],[109.37763,-0.01539],[109.37755,-0.01521],[109.37796,-0.01489],[109.37858,-0.01462],[109.37896,-0.01408],[109.37894,-0.01352],[109.37834,-0.01351],[109.37826,-0.01425],[109.37766,-0.0144],[109.37736,-0.01485],[109.37729,-0.01553],[109.37796,-0.0156],[109.37826,-0.01605],[109.37766,-0.01673],[109.37774,-0.01763],[109.37721,-0.01853],[109.37676,-0.0189],[109.37669,-0.01943],[109.37601,-0.0192],[109.37601,-0.01875],[109.37669,-0.01785],[109.37654,-0.0174],[109.37661,-0.01688],[109.37624,-0.0165],[109.37586,-0.01628],[109.37594,-0.01695],[109.37556,-0.01733],[109.37541,-0.01793],[109.37556,-0.0183],[109.37534,-0.01853],[109.37541,-0.01928],[109.37511,-0.0195],[109.37489,-0.02003],[109.37451,-0.0201],[109.37481,-0.02055],[109.37526,-0.02055],[109.37534,-0.02085],[109.37496,-0.02085],[109.37444,-0.02063],[109.37421,-0.0204],[109.37331,-0.0204],[109.37301,-0.02018],[109.37294,-0.01988],[109.37256,-0.01943],[109.37264,-0.01905],[109.37294,-0.01875],[109.37294,-0.01808],[109.37256,-0.0183],[109.37226,-0.01875],[109.37219,-0.01913],[109.37189,-0.01943],[109.37174,-0.01905],[109.37174,-0.0186],[109.37189,-0.01838],[109.37136,-0.0183],[109.37144,-0.0177],[109.37204,-0.01778],[109.37219,-0.01763],[109.37219,-0.01695],[109.37241,-0.01665],[109.37279,-0.01665],[109.37286,-0.01643],[109.37346,-0.0165],[109.37361,-0.01688],[109.37354,-0.01718],[109.37316,-0.01718],[109.37301,-0.0174],[109.37384,-0.018],[109.37429,-0.01793],[109.37421,-0.01748],[109.37429,-0.01695],[109.37391,-0.0168],[109.37399,-0.01635],[109.37421,-0.01635],[109.37444,-0.01688],[109.37466,-0.01688],[109.37496,-0.0162],[109.37496,-0.01583],[109.37451,-0.0156],[109.37414,-0.01568],[109.37361,-0.01605],[109.37331,-0.01605],[109.37301,-0.01575],[109.37226,-0.01605],[109.37226,-0.01665],[109.37174,-0.01673],[109.37159,-0.0165],[109.37211,-0.01613],[109.37196,-0.01575],[109.37159,-0.01575],[109.37076,-0.01628],[109.37084,-0.01703],[109.37054,-0.01748],[109.37024,-0.0177],[109.37009,-0.0174],[109.37031,-0.01718],[109.37016,-0.01688],[109.36971,-0.01665],[109.36949,-0.0162],[109.36949,-0.01583],[109.36979,-0.01575],[109.36986,-0.0153],[109.37031,-0.0153],[109.37054,-0.01515],[109.37031,-0.01448],[109.37001,-0.01455],[109.37001,-0.01493],[109.36964,-0.01515],[109.36919,-0.01523],[109.36919,-0.01575],[109.36866,-0.01575],[109.36836,-0.0156],[109.36821,-0.01605],[109.36784,-0.01635],[109.36731,-0.01643],[109.36731,-0.01793],[109.36716,-0.0183],[109.36679,-0.01853],[109.36619,-0.01845],[109.36566,-0.01815],[109.36506,-0.01815],[109.36484,-0.01853],[109.36379,-0.01845],[109.36334,-0.01823],[109.36304,-0.01853],[109.36229,-0.01845],[109.36116,-0.01845],[109.36094,-0.01868],[109.36011,-0.01868],[109.35966,-0.0189],[109.35861,-0.01883],[109.35794,-0.01905],[109.35726,-0.01898],[109.35719,-0.01913],[109.35651,-0.01913],[109.35614,-0.01868],[109.35644,-0.01838],[109.35636,-0.01808],[109.35584,-0.01808],[109.35554,-0.01755],[109.35584,-0.0174],[109.35584,-0.0171],[109.35524,-0.01703],[109.35471,-0.0174],[109.35441,-0.01808],[109.35449,-0.0186],[109.35434,-0.01868],[109.35464,-0.01935],[109.35464,-0.0198],[109.35441,-0.0201],[109.35396,-0.02033],[109.35314,-0.02033],[109.35269,-0.0204],[109.35224,-0.02018],[109.35179,-0.02018],[109.35104,-0.02078],[109.35096,-0.02093],[109.34953,-0.02085],[109.34893,-0.02123],[109.34848,-0.02123],[109.34826,-0.02138],[109.34758,-0.0213],[109.34683,-0.0213],[109.34578,-0.02145],[109.34503,-0.0213],[109.34413,-0.02093],[109.34353,-0.02048],[109.34331,-0.02048],[109.34293,-0.02018],[109.34263,-0.0201],[109.34218,-0.0198],[109.34203,-0.01935],[109.34121,-0.01898],[109.34106,-0.01875],[109.34061,-0.0189],[109.34061,-0.01913],[109.34106,-0.01958],[109.34166,-0.01973],[109.34166,-0.02018],[109.34188,-0.02018],[109.34218,-0.02048],[109.34256,-0.02055],[109.34353,-0.02138],[109.34428,-0.02153],[109.34458,-0.02175],[109.34518,-0.02175],[109.34548,-0.02198],[109.34638,-0.02198],[109.34646,-0.02213],[109.34646,-0.02295],[109.34616,-0.02295],[109.34616,-0.02423],[109.34593,-0.02445],[109.34593,-0.02573],[109.34623,-0.02648],[109.34646,-0.02685],[109.34668,-0.02693],[109.34683,-0.02745],[109.34728,-0.02775],[109.34728,-0.02858],[109.34743,-0.02918],[109.34773,-0.02955],[109.34773,-0.02985],[109.34818,-0.03023],[109.34833,-0.03098],[109.34856,-0.03113],[109.34856,-0.03143],[109.34878,-0.03188],[109.34908,-0.03218],[109.34923,-0.03285],[109.34946,-0.03293],[109.34953,-0.03338],[109.34976,-0.03368],[109.35036,-0.03405],[109.35044,-0.03465],[109.35089,-0.03518],[109.35089,-0.03555],[109.35104,-0.03593],[109.35134,-0.03623],[109.35134,-0.03645],[109.35179,-0.03675],[109.35179,-0.03698],[109.35224,-0.03758],[109.35269,-0.03795],[109.35276,-0.03848],[109.35306,-0.03863],[109.35329,-0.03893],[109.35344,-0.03938],[109.35404,-0.04005],[109.35434,-0.04028],[109.35479,-0.04043],[109.35516,-0.04088],[109.35524,-0.04118],[109.35576,-0.04178],[109.35599,-0.04185],[109.35629,-0.04238],[109.35659,-0.04253],[109.35674,-0.04298],[109.35704,-0.04313],[109.35936,-0.04545],[109.36004,-0.0456],[109.36019,-0.04598],[109.36056,-0.04613],[109.36079,-0.04658],[109.36116,-0.04673],[109.36124,-0.04695],[109.36169,-0.04695],[109.36161,-0.04733],[109.36214,-0.04793],[109.36259,-0.04815],[109.36274,-0.04853],[109.36319,-0.04883],[109.36334,-0.04935],[109.36409,-0.05018],[109.36469,-0.05063],[109.36514,-0.05146],[109.36536,-0.05153],[109.36566,-0.05213],[109.36589,-0.05221],[109.36589,-0.05258],[109.36619,-0.05288],[109.36634,-0.05348],[109.36664,-0.05363],[109.36716,-0.05416],[109.36739,-0.05468],[109.36784,-0.05513],[109.36829,-0.05573],[109.36859,-0.05663],[109.36889,-0.05716],[109.36902,-0.05765],[109.36949,-0.05828],[109.36949,-0.0583],[109.36953,-0.05836]],[[109.37676,-0.02063],[109.37676,-0.02085],[109.37646,-0.02115],[109.37676,-0.02145],[109.37661,-0.02175],[109.37594,-0.02138],[109.37594,-0.02048],[109.37601,-0.02033],[109.37654,-0.02025],[109.37676,-0.02063]],[[109.36904,-0.0183],[109.36896,-0.0186],[109.36814,-0.01845],[109.36799,-0.018],[109.36821,-0.0177],[109.36851,-0.01793],[109.36889,-0.018],[109.36904,-0.0183]]]},"properties":{"STREAM_ID":1}},{"type":"Feature","geometry":{"type":"Polygon","coordinates":[[[109.34068,-0.01823],[109.34068,-0.0177],[109.34008,-0.01748],[109.33941,-0.0168],[109.33911,-0.01635],[109.33881,-0.01613],[109.33836,-0.0153],[109.33813,-0.0153],[109.33716,-0.01425],[109.33648,-0.01395],[109.33596,-0.01335],[109.33558,-0.0132],[109.33513,-0.01283],[109.33513,-0.0126],[109.33453,-0.012],[109.33453,-0.01155],[109.33408,-0.0111],[109.33378,-0.01065],[109.33303,-0.0102],[109.33266,-0.00975],[109.33221,-0.00945],[109.33131,-0.0084],[109.33063,-0.0078],[109.33033,-0.00735],[109.32943,-0.00683],[109.32891,-0.00645],[109.32876,-0.00615],[109.32786,-0.00548],[109.32771,-0.00518],[109.32726,-0.00473],[109.32666,-0.0045],[109.32621,-0.0039],[109.32583,-0.00383],[109.32568,-0.00345],[109.32538,-0.0033],[109.32516,-0.003],[109.32478,-0.003],[109.32441,-0.00255],[109.32373,-0.00233],[109.32328,-0.00173],[109.32261,-0.00173],[109.32178,-0.0009],[109.32171,-0.00023],[109.32156,0],[109.32096,0],[109.32088,-0.00023],[109.32013,-0.00015],[109.31946,0.00023],[109.31923,0.00023],[109.31871,0.00068],[109.31803,0.00068],[109.31773,0.00105],[109.31728,0.00105],[109.31713,0.00135],[109.31668,0.0015],[109.31608,0.00158],[109.31481,0.0021],[109.31458,0.00233],[109.31391,0.00225],[109.31383,0.00255],[109.31308,0.00263],[109.31293,0.00248],[109.31256,0.00255],[109.31248,0.00278],[109.31188,0.00278],[109.31151,0.00293],[109.31068,0.00375],[109.30993,0.00368],[109.30963,0.0042],[109.30933,0.00428],[109.30903,0.00458],[109.30866,0.00465],[109.30888,0.00495],[109.30888,0.00525],[109.30851,0.00533],[109.30821,0.0051],[109.30798,0.00473],[109.30738,0.00473],[109.30723,0.00495],[109.30686,0.00495],[109.30648,0.00473],[109.30633,0.00495],[109.30581,0.00495],[109.30573,0.00548],[109.30528,0.00548],[109.30521,0.0051],[109.30483,0.0051],[109.30453,0.00563],[109.30416,0.00563],[109.30386,0.00518],[109.30288,0.0051],[109.30138,0.0051],[109.30093,0.00548],[109.30003,0.00548],[109.29965,0.00578],[109.29943,0.00623],[109.2989,0.00623],[109.2983,0.00638],[109.2983,0.00668],[109.29763,0.00705],[109.2974,0.00743],[109.29703,0.0075],[109.2962,0.00788],[109.29605,0.00803],[109.29545,0.00795],[109.29493,0.00833],[109.29463,0.00825],[109.29388,0.00825],[109.2935,0.00848],[109.29335,0.00878],[109.29335,0.00938],[109.29305,0.0096],[109.29268,0.00945],[109.2926,0.0087],[109.2923,0.00848],[109.2917,0.0084],[109.29038,0.0084],[109.28724,0.0059],[109.28694,0.00278],[109.28693,0.00148],[109.28818,0.0015],[109.28863,0.00143],[109.28878,0.00158],[109.28923,0.00158],[109.2896,0.00143],[109.29028,0.00098],[109.29028,0.00045],[109.29043,0.0003],[109.29118,0.0003],[109.2914,0.00023],[109.29155,-0.00023],[109.292,-0.0003],[109.2926,-0.00075],[109.29268,-0.00173],[109.29253,-0.0021],[109.29268,-0.00263],[109.29268,-0.003],[109.29238,-0.00315],[109.29238,-0.00383],[109.29268,-0.00413],[109.2929,-0.00413],[109.29305,-0.00465],[109.29275,-0.0048],[109.29245,-0.00518],[109.29245,-0.00555],[109.29328,-0.0054],[109.29328,-0.00488],[109.29358,-0.00465],[109.29358,-0.00428],[109.29335,-0.00405],[109.29328,-0.00353],[109.2938,-0.00353],[109.29418,-0.00383],[109.2944,-0.00338],[109.2941,-0.0024],[109.2941,-0.00195],[109.29395,-0.0018],[109.29335,-0.0018],[109.2935,-0.00143],[109.29388,-0.00165],[109.29388,-0.00113],[109.29418,-0.00105],[109.29485,-0.00135],[109.29538,-0.0015],[109.2953,-0.00173],[109.29455,-0.00188],[109.29493,-0.00248],[109.29523,-0.00248],[109.29545,-0.00218],[109.29583,-0.0021],[109.2962,-0.00255],[109.29605,-0.00173],[109.29665,-0.0018],[109.29793,-0.0018],[109.29793,-0.00188],[109.29958,-0.00188],[109.30026,-0.0018],[109.30063,-0.00188],[109.30093,-0.00173],[109.30138,-0.00173],[109.30183,-0.00158],[109.30206,-0.00135],[109.30251,-0.0012],[109.30318,-0.0012],[109.30356,-0.0015],[109.30356,-0.0018],[109.30378,-0.00195],[109.30461,-0.00188],[109.30498,-0.00135],[109.30461,-0.00135],[109.30446,-0.00113],[109.30596,-0.00113],[109.30671,-0.00105],[109.30723,-0.00113],[109.30746,-0.00128],[109.30783,-0.00128],[109.30813,-0.0015],[109.30806,-0.00248],[109.30821,-0.00285],[109.30866,-0.0024],[109.30896,-0.0024],[109.30896,-0.00203],[109.30948,-0.00188],[109.30956,-0.00225],[109.30941,-0.00255],[109.30963,-0.00285],[109.30993,-0.00285],[109.31046,-0.00255],[109.31061,-0.00285],[109.31113,-0.003],[109.31128,-0.00263],[109.31113,-0.0024],[109.31113,-0.00195],[109.31158,-0.00195],[109.31196,-0.00218],[109.31248,-0.00218],[109.31338,-0.00248],[109.31376,-0.00278],[109.31406,-0.00278],[109.31466,-0.00315],[109.31481,-0.00315],[109.31563,-0.00353],[109.31661,-0.00405],[109.31721,-0.00428],[109.31751,-0.00465],[109.31751,-0.00495],[109.31788,-0.00518],[109.31811,-0.00548],[109.31908,-0.00555],[109.31931,-0.006],[109.31976,-0.00623],[109.32006,-0.0066],[109.32051,-0.00675],[109.32118,-0.0075],[109.32208,-0.00803],[109.32231,-0.00855],[109.32291,-0.0084],[109.32306,-0.00863],[109.32291,-0.00908],[109.32321,-0.00938],[109.32343,-0.00938],[109.32396,-0.0099],[109.32448,-0.01028],[109.32531,-0.01028],[109.32531,-0.0108],[109.32561,-0.01065],[109.32598,-0.01065],[109.32628,-0.01095],[109.32681,-0.01125],[109.32711,-0.01178],[109.32756,-0.01185],[109.32801,-0.01208],[109.32868,-0.01268],[109.32853,-0.01298],[109.32853,-0.01335],[109.32936,-0.0141],[109.32921,-0.01478],[109.32951,-0.01493],[109.32973,-0.01478],[109.32988,-0.0144],[109.33033,-0.01433],[109.33063,-0.01478],[109.33101,-0.01493],[109.33161,-0.015],[109.33206,-0.01515],[109.33228,-0.01545],[109.33228,-0.01598],[109.33311,-0.01598],[109.33341,-0.01643],[109.33341,-0.01673],[109.33408,-0.01673],[109.33416,-0.01703],[109.33446,-0.01703],[109.33528,-0.01778],[109.33558,-0.0183],[109.33663,-0.01875],[109.33738,-0.01973],[109.33798,-0.0201],[109.33821,-0.0201],[109.33858,-0.0204],[109.33888,-0.02048],[109.33933,-0.02093],[109.33918,-0.0213],[109.33873,-0.02138],[109.33843,-0.02175],[109.33843,-0.02213],[109.33881,-0.02243],[109.33911,-0.02243],[109.33926,-0.0222],[109.33926,-0.02175],[109.34038,-0.0216],[109.34076,-0.02198],[109.34098,-0.02198],[109.34166,-0.02265],[109.34218,-0.02288],[109.34301,-0.02363],[109.34428,-0.0249],[109.34451,-0.02528],[109.34451,-0.02558],[109.34481,-0.02595],[109.34541,-0.027],[109.34556,-0.02753],[109.34586,-0.02783],[109.34601,-0.0285],[109.34646,-0.02948],[109.34646,-0.03],[109.34691,-0.03068],[109.34691,-0.03098],[109.34721,-0.03135],[109.34736,-0.03195],[109.34766,-0.03225],[109.34788,-0.03315],[109.34841,-0.03368],[109.34953,-0.036],[109.34961,-0.03638],[109.34916,-0.03638],[109.34916,-0.0366],[109.34968,-0.0366],[109.35006,-0.03698],[109.35036,-0.03713],[109.35081,-0.03758],[109.35096,-0.03803],[109.35119,-0.03825],[109.35119,-0.039],[109.35171,-0.03915],[109.35186,-0.03953],[109.35291,-0.04058],[109.35291,-0.0408],[109.35366,-0.04125],[109.35374,-0.04178],[109.35404,-0.04193],[109.35479,-0.04268],[109.35554,-0.04335],[109.35576,-0.04373],[109.35644,-0.0444],[109.35651,-0.04478],[109.35674,-0.04478],[109.35741,-0.04523],[109.35764,-0.04553],[109.35831,-0.04605],[109.35906,-0.0468],[109.35944,-0.04703],[109.36026,-0.04793],[109.36034,-0.04838],[109.36109,-0.04875],[109.36146,-0.04905],[109.36139,-0.04943],[109.36214,-0.04973],[109.36266,-0.05041],[109.36319,-0.05093],[109.36416,-0.05206],[109.36401,-0.05266],[109.36416,-0.05296],[109.36476,-0.05341],[109.36544,-0.05416],[109.36536,-0.05453],[109.36499,-0.05476],[109.36521,-0.05513],[109.36521,-0.05543],[109.36581,-0.05536],[109.36596,-0.05558],[109.36641,-0.05588],[109.36664,-0.05633],[109.36664,-0.05671],[109.36686,-0.05693],[109.36701,-0.05776],[109.36649,-0.05821],[109.36619,-0.05836],[109.36619,-0.05866],[109.36649,-0.05873],[109.36664,-0.05903],[109.36709,-0.05888],[109.36709,-0.05851],[109.36724,-0.05798],[109.36746,-0.05791],[109.36776,-0.05813],[109.36835,-0.05822],[109.36859,-0.05798],[109.36836,-0.05723],[109.36799,-0.05708],[109.36769,-0.05678],[109.36769,-0.05656],[109.36724,-0.05603],[109.36716,-0.05573],[109.36626,-0.05498],[109.36619,-0.05438],[109.36589,-0.05348],[109.36536,-0.05303],[109.36506,-0.05288],[109.36499,-0.05228],[109.36469,-0.05168],[109.36409,-0.05108],[109.36349,-0.05026],[109.36274,-0.04965],[109.36274,-0.04943],[109.36229,-0.04928],[109.36199,-0.04853],[109.36094,-0.04785],[109.36064,-0.04755],[109.36056,-0.04725],[109.36004,-0.04688],[109.35959,-0.04628],[109.35876,-0.04553],[109.35839,-0.04538],[109.35839,-0.04515],[109.35786,-0.04485],[109.35479,-0.04178],[109.35434,-0.04118],[109.35434,-0.04095],[109.35359,-0.04035],[109.35359,-0.04013],[109.35329,-0.03975],[109.35284,-0.03953],[109.35216,-0.03885],[109.35156,-0.03788],[109.35149,-0.03743],[109.35126,-0.03713],[109.35096,-0.03698],[109.35066,-0.03653],[109.35044,-0.03645],[109.35036,-0.03593],[109.35014,-0.03578],[109.34953,-0.03473],[109.34938,-0.03413],[109.34908,-0.03383],[109.34908,-0.03338],[109.34856,-0.03263],[109.34833,-0.03255],[109.34818,-0.03195],[109.34773,-0.03143],[109.34766,-0.03083],[109.34736,-0.03053],[109.34736,-0.03023],[109.34683,-0.02963],[109.34683,-0.02873],[109.34653,-0.02828],[109.34638,-0.02745],[109.34593,-0.02715],[109.34593,-0.02693],[109.34563,-0.02655],[109.34556,-0.02603],[109.34533,-0.02588],[109.34518,-0.02535],[109.34473,-0.02483],[109.34466,-0.02445],[109.34443,-0.02438],[109.34428,-0.02393],[109.34376,-0.02363],[109.34368,-0.02333],[109.34308,-0.02288],[109.34278,-0.02243],[109.34188,-0.02175],[109.34136,-0.02145],[109.34128,-0.02108],[109.34053,-0.02108],[109.34038,-0.02078],[109.33993,-0.02063],[109.33933,-0.02003],[109.33836,-0.01958],[109.33806,-0.01913],[109.33768,-0.01905],[109.33723,-0.01868],[109.33723,-0.01845],[109.33678,-0.01808],[109.33678,-0.01793],[109.33603,-0.01785],[109.33573,-0.01733],[109.33543,-0.01718],[109.33528,-0.01673],[109.33498,-0.01665],[109.33453,-0.01613],[109.33423,-0.01613],[109.33416,-0.01583],[109.33326,-0.01508],[109.33258,-0.01463],[109.33198,-0.01448],[109.33153,-0.01448],[109.33138,-0.01403],[109.33086,-0.01365],[109.32973,-0.01365],[109.32966,-0.01343],[109.32928,-0.01313],[109.32928,-0.01223],[109.32868,-0.01178],[109.32838,-0.01178],[109.32793,-0.01133],[109.32748,-0.01118],[109.32718,-0.01073],[109.32598,-0.01005],[109.32598,-0.00975],[109.32546,-0.00938],[109.32433,-0.00938],[109.32418,-0.00893],[109.32366,-0.00893],[109.32358,-0.00825],[109.32328,-0.00795],[109.32268,-0.00795],[109.32268,-0.00773],[109.32223,-0.00743],[109.32178,-0.00698],[109.32126,-0.00668],[109.32126,-0.00645],[109.32058,-0.00608],[109.32028,-0.00563],[109.31976,-0.00555],[109.31976,-0.00533],[109.31938,-0.00495],[109.31878,-0.00495],[109.31833,-0.00473],[109.31803,-0.00443],[109.31803,-0.00413],[109.31698,-0.00368],[109.31683,-0.00345],[109.31653,-0.00345],[109.31616,-0.00323],[109.31488,-0.00263],[109.31413,-0.00233],[109.31398,-0.00203],[109.31316,-0.00188],[109.31308,-0.00165],[109.31226,-0.00165],[109.31203,-0.00143],[109.31136,-0.00128],[109.31053,-0.00128],[109.31016,-0.00105],[109.30888,-0.00105],[109.30866,-0.00083],[109.30783,-0.00075],[109.30753,-0.00053],[109.30678,-0.00045],[109.30588,-0.00053],[109.30408,-0.00053],[109.30408,-0.00068],[109.30318,-0.00075],[109.30176,-0.00075],[109.30153,-0.00098],[109.30086,-0.00128],[109.29973,-0.00135],[109.29725,-0.00135],[109.29643,-0.00128],[109.29643,-0.00113],[109.29545,-0.00098],[109.29545,-0.00083],[109.2947,-0.00075],[109.29448,-0.00045],[109.29343,-0.00045],[109.29305,-0.00038],[109.29298,-0.00015],[109.29253,0],[109.31863,0],[109.31893,-0.00038],[109.32006,-0.00075],[109.32118,-0.00075],[109.32133,-0.00098],[109.32133,-0.00135],[109.32186,-0.00173],[109.32193,-0.00203],[109.32223,-0.00218],[109.32276,-0.00218],[109.32306,-0.00233],[109.32343,-0.00293],[109.32396,-0.00308],[109.32403,-0.00338],[109.32486,-0.00375],[109.32523,-0.00383],[109.32523,-0.00428],[109.32583,-0.00443],[109.32613,-0.00473],[109.32613,-0.00495],[109.32658,-0.00503],[109.32696,-0.00525],[109.32703,-0.00578],[109.32763,-0.00615],[109.32793,-0.00623],[109.32823,-0.00668],[109.32883,-0.00705],[109.32883,-0.00728],[109.32928,-0.00735],[109.32958,-0.00758],[109.33108,-0.00908],[109.33123,-0.00938],[109.33168,-0.00953],[109.33198,-0.00975],[109.33206,-0.01028],[109.33251,-0.01028],[109.33251,-0.01058],[109.33296,-0.01088],[109.33318,-0.01088],[109.33363,-0.01133],[109.33363,-0.01163],[109.33416,-0.01193],[109.33416,-0.01245],[109.33476,-0.01298],[109.33476,-0.01335],[109.33498,-0.01358],[109.33528,-0.01358],[109.33626,-0.01433],[109.33633,-0.01478],[109.33693,-0.01493],[109.33716,-0.01523],[109.33806,-0.01575],[109.33813,-0.01628],[109.33896,-0.01748],[109.33948,-0.01763],[109.33956,-0.01793],[109.33986,-0.01808],[109.34053,-0.01808],[109.34068,-0.01823]],[[109.29845,0.0045],[109.29853,0.00398],[109.29815,0.0039],[109.29785,0.0045],[109.29785,0.00488],[109.29755,0.0048],[109.29755,0.00443],[109.29718,0.00435],[109.29725,0.00495],[109.29748,0.00525],[109.29793,0.0051],[109.29838,0.0048],[109.29845,0.0045]]]},"properties":{"STREAM_ID":1}},{"type":"Feature","geometry":{"type":"Polygon","coordinates":[[[109.37054,-0.05948],[109.37084,-0.05963],[109.37136,-0.06053],[109.37166,-0.06053],[109.37196,-0.06098],[109.37219,-0.06098],[109.37226,-0.06136],[109.37249,-0.06143],[109.37249,-0.06226],[109.37264,-0.06248],[109.37306,-0.06263],[109.37354,-0.06218],[109.37324,-0.06181],[109.37294,-0.06173],[109.37294,-0.06106],[109.37264,-0.06046],[109.37286,-0.06031],[109.37286,-0.05978],[109.37309,-0.05956],[109.37339,-0.05963],[109.37339,-0.05993],[109.37369,-0.05993],[109.37421,-0.05956],[109.37421,-0.05918],[109.37384,-0.05911],[109.37361,-0.05933],[109.37331,-0.05933],[109.37256,-0.05963],[109.37241,-0.05986],[109.37264,-0.06023],[109.37241,-0.06046],[109.37211,-0.06016],[109.37204,-0.05986],[109.37159,-0.05941],[109.37151,-0.05903],[109.37121,-0.05896],[109.37099,-0.05918],[109.37054,-0.05918],[109.37054,-0.05948]]]},"properties":{"STREAM_ID":1}},{"type":"Feature","geometry":{"type":"Polygon","coordinates":[[[109.36604,0.02298],[109.36596,0.02265],[109.36559,0.0225],[109.36529,0.02213],[109.36529,0.02175],[109.36559,0.0216],[109.36589,0.02123],[109.36664,0.02078],[109.36686,0.0204],[109.36709,0.0204],[109.36701,0.01988],[109.36739,0.01973],[109.36769,0.01995],[109.36791,0.01965],[109.36791,0.01808],[109.36851,0.018],[109.36851,0.01763],[109.36829,0.01748],[109.36836,0.0168],[109.36784,0.01658],[109.36754,0.0159],[109.36791,0.0159],[109.36821,0.01545],[109.36821,0.015],[109.36799,0.01478],[109.36799,0.01433],[109.36836,0.01448],[109.36896,0.01448],[109.36911,0.01485],[109.36949,0.01508],[109.36949,0.01545],[109.36919,0.01568],[109.36919,0.01598],[109.36859,0.0162],[109.36881,0.01665],[109.36926,0.01688],[109.36926,0.0171],[109.36979,0.01725],[109.37074,0.01725],[109.37072,0.01821],[109.37052,0.01875],[109.3708,0.01917],[109.37104,0.021],[109.37031,0.02138],[109.37031,0.02085],[109.36979,0.02078],[109.36941,0.0213],[109.36949,0.02168],[109.36934,0.0221],[109.36814,0.02244],[109.36651,0.02286],[109.36604,0.02298]],[[109.36851,0.02108],[109.36859,0.02078],[109.36821,0.02063],[109.36799,0.02123],[109.36799,0.0216],[109.36844,0.02168],[109.36851,0.02108]]]},"properties":{"STREAM_ID":1}},{"type":"Feature","geometry":{"type":"Polygon","coordinates":[[[109.37586,-0.0024],[109.37526,-0.00285],[109.37511,-0.00315],[109.37451,-0.00315],[109.37444,-0.0039],[109.37406,-0.0045],[109.37369,-0.00413],[109.37331,-0.00443],[109.37204,-0.0045],[109.37181,-0.00413],[109.37106,-0.00413],[109.37099,-0.00458],[109.37114,-0.00503],[109.37069,-0.00503],[109.37039,-0.00548],[109.37084,-0.00563],[109.37084,-0.00645],[109.37091,-0.0072],[109.37114,-0.00765],[109.37099,-0.00833],[109.37114,-0.00855],[109.37151,-0.00833],[109.37219,-0.00833],[109.37234,-0.00795],[109.37204,-0.00765],[109.37174,-0.00758],[109.37151,-0.00705],[109.37181,-0.00683],[109.37196,-0.00638],[109.37196,-0.00593],[109.37166,-0.00578],[109.37256,-0.00503],[109.37354,-0.00503],[109.37376,-0.00525],[109.37376,-0.00578],[109.37406,-0.0063],[109.37354,-0.00623],[109.37301,-0.00638],[109.37256,-0.00638],[109.37241,-0.0069],[109.37286,-0.00713],[109.37286,-0.00735],[109.37316,-0.00765],[109.37316,-0.00803],[109.37331,-0.00825],[109.37376,-0.00788],[109.37369,-0.0084],[109.37384,-0.00878],[109.37384,-0.0093],[109.37354,-0.00945],[109.37331,-0.00983],[109.37241,-0.01013],[109.37226,-0.01043],[109.37144,-0.0105],[109.37136,-0.00975],[109.37099,-0.00968],[109.37106,-0.01043],[109.37091,-0.01065],[109.37091,-0.01185],[109.37166,-0.01185],[109.37144,-0.0114],[109.37129,-0.0108],[109.37159,-0.0108],[109.37174,-0.0111],[109.37241,-0.0111],[109.37249,-0.01133],[109.37286,-0.01163],[109.37339,-0.01148],[109.37339,-0.01095],[109.37294,-0.0108],[109.37316,-0.0105],[109.37369,-0.01005],[109.37421,-0.01005],[109.37466,-0.01028],[109.37496,-0.0108],[109.37496,-0.01118],[109.37519,-0.01133],[109.37556,-0.01133],[109.37579,-0.0111],[109.37631,-0.01118],[109.37646,-0.01163],[109.37624,-0.01178],[109.37624,-0.01268],[109.37639,-0.01335],[109.37676,-0.01335],[109.37699,-0.01358],[109.37744,-0.01335],[109.37744,-0.0129],[109.37774,-0.01275],[109.37781,-0.0132],[109.37729,-0.01358],[109.37729,-0.01395],[109.37751,-0.0141],[109.37772,-0.01389],[109.3776,-0.01358],[109.37807,-0.01319],[109.37841,-0.01268],[109.37833,-0.01218],[109.37745,-0.01231],[109.37738,-0.01202],[109.37772,-0.01128],[109.37799,-0.01106],[109.37786,-0.01053],[109.37781,-0.00896],[109.37745,-0.00796],[109.37691,-0.00627],[109.37649,-0.00594],[109.37639,-0.00555],[109.37609,-0.00548],[109.37609,-0.00488],[109.37594,-0.00458],[109.37571,-0.00417],[109.37594,-0.00351],[109.37575,-0.0031],[109.37604,-0.00266],[109.37586,-0.0024]],[[109.37639,-0.00638],[109.37646,-0.00668],[109.37624,-0.00683],[109.37549,-0.00683],[109.37519,-0.00705],[109.37466,-0.0069],[109.37474,-0.00623],[109.37496,-0.00585],[109.37519,-0.00585],[109.37556,-0.00638],[109.37586,-0.00638],[109.37601,-0.00615],[109.37639,-0.00638]],[[109.37571,-0.01005],[109.37571,-0.01028],[109.37511,-0.0102],[109.37511,-0.0099],[109.37549,-0.00983],[109.37571,-0.01005]]]},"properties":{"STREAM_ID":1}},{"type":"Feature","geometry":{"type":"Polygon","coordinates":[[[109.36604,0.02298],[109.36596,0.02265],[109.36559,0.0225],[109.36529,0.02213],[109.36529,0.02175],[109.36559,0.0216],[109.36589,0.02123],[109.36664,0.02078],[109.36686,0.0204],[109.36709,0.0204],[109.36701,0.01988],[109.36739,0.01973],[109.36769,0.01995],[109.36791,0.01965],[109.36791,0.01808],[109.36851,0.018],[109.36851,0.01763],[109.36829,0.01748],[109.36836,0.0168],[109.36784,0.01658],[109.36754,0.0159],[109.36791,0.0159],[109.36821,0.01545],[109.36821,0.015],[109.36799,0.01478],[109.36799,0.01433],[109.36836,0.01448],[109.36896,0.01448],[109.36911,0.01485],[109.36949,0.01508],[109.36949,0.01545],[109.36919,0.01568],[109.36919,0.01598],[109.36859,0.0162],[109.36881,0.01665],[109.36926,0.01688],[109.36926,0.0171],[109.36979,0.01725],[109.37074,0.01725],[109.37072,0.01821],[109.37052,0.01875],[109.3708,0.01917],[109.37104,0.021],[109.37031,0.02138],[109.37031,0.02085],[109.36979,0.02078],[109.36941,0.0213],[109.36949,0.02168],[109.36934,0.0221],[109.36814,0.02244],[109.36651,0.02286],[109.36604,0.02298]],[[109.36851,0.02108],[109.36859,0.02078],[109.36821,0.02063],[109.36799,0.02123],[109.36799,0.0216],[109.36844,0.02168],[109.36851,0.02108]]]},"properties":{"STREAM_ID":1}},{"type":"Feature","geometry":{"type":"Polygon","coordinates":[[[109.37586,-0.0024],[109.37526,-0.00285],[109.37511,-0.00315],[109.37451,-0.00315],[109.37444,-0.0039],[109.37406,-0.0045],[109.37369,-0.00413],[109.37331,-0.00443],[109.37204,-0.0045],[109.37181,-0.00413],[109.37106,-0.00413],[109.37099,-0.00458],[109.37114,-0.00503],[109.37069,-0.00503],[109.37039,-0.00548],[109.37084,-0.00563],[109.37084,-0.00645],[109.37091,-0.0072],[109.37114,-0.00765],[109.37099,-0.00833],[109.37114,-0.00855],[109.37151,-0.00833],[109.37219,-0.00833],[109.37234,-0.00795],[109.37204,-0.00765],[109.37174,-0.00758],[109.37151,-0.00705],[109.37181,-0.00683],[109.37196,-0.00638],[109.37196,-0.00593],[109.37166,-0.00578],[109.37256,-0.00503],[109.37354,-0.00503],[109.37376,-0.00525],[109.37376,-0.00578],[109.37406,-0.0063],[109.37354,-0.00623],[109.37301,-0.00638],[109.37256,-0.00638],[109.37241,-0.0069],[109.37286,-0.00713],[109.37286,-0.00735],[109.37316,-0.00765],[109.37316,-0.00803],[109.37331,-0.00825],[109.37376,-0.00788],[109.37369,-0.0084],[109.37384,-0.00878],[109.37384,-0.0093],[109.37354,-0.00945],[109.37331,-0.00983],[109.37241,-0.01013],[109.37226,-0.01043],[109.37144,-0.0105],[109.37136,-0.00975],[109.37099,-0.00968],[109.37106,-0.01043],[109.37091,-0.01065],[109.37091,-0.01185],[109.37166,-0.01185],[109.37144,-0.0114],[109.37129,-0.0108],[109.37159,-0.0108],[109.37174,-0.0111],[109.37241,-0.0111],[109.37249,-0.01133],[109.37286,-0.01163],[109.37339,-0.01148],[109.37339,-0.01095],[109.37294,-0.0108],[109.37316,-0.0105],[109.37369,-0.01005],[109.37421,-0.01005],[109.37466,-0.01028],[109.37496,-0.0108],[109.37496,-0.01118],[109.37519,-0.01133],[109.37556,-0.01133],[109.37579,-0.0111],[109.37631,-0.01118],[109.37646,-0.01163],[109.37624,-0.01178],[109.37624,-0.01268],[109.37639,-0.01335],[109.37676,-0.01335],[109.37699,-0.01358],[109.37744,-0.01335],[109.37744,-0.0129],[109.37774,-0.01275],[109.37781,-0.0132],[109.37729,-0.01358],[109.37729,-0.01395],[109.37751,-0.0141],[109.37772,-0.01389],[109.3776,-0.01358],[109.37807,-0.01319],[109.37841,-0.01268],[109.37833,-0.01218],[109.37745,-0.01231],[109.37738,-0.01202],[109.37772,-0.01128],[109.37799,-0.01106],[109.37786,-0.01053],[109.37781,-0.00896],[109.37745,-0.00796],[109.37691,-0.00627],[109.37649,-0.00594],[109.37639,-0.00555],[109.37609,-0.00548],[109.37609,-0.00488],[109.37594,-0.00458],[109.37571,-0.00417],[109.37594,-0.00351],[109.37575,-0.0031],[109.37604,-0.00266],[109.37586,-0.0024]],[[109.37639,-0.00638],[109.37646,-0.00668],[109.37624,-0.00683],[109.37549,-0.00683],[109.37519,-0.00705],[109.37466,-0.0069],[109.37474,-0.00623],[109.37496,-0.00585],[109.37519,-0.00585],[109.37556,-0.00638],[109.37586,-0.00638],[109.37601,-0.00615],[109.37639,-0.00638]],[[109.37571,-0.01005],[109.37571,-0.01028],[109.37511,-0.0102],[109.37511,-0.0099],[109.37549,-0.00983],[109.37571,-0.01005]]]},"properties":{"STREAM_ID":1}},{"type":"Feature","geometry":{"type":"Polygon","coordinates":[[[109.37054,-0.05948],[109.37084,-0.05963],[109.37136,-0.06053],[109.37166,-0.06053],[109.37196,-0.06098],[109.37219,-0.06098],[109.37226,-0.06136],[109.37249,-0.06143],[109.37249,-0.06226],[109.37264,-0.06248],[109.37306,-0.06263],[109.37354,-0.06218],[109.37324,-0.06181],[109.37294,-0.06173],[109.37294,-0.06106],[109.37264,-0.06046],[109.37286,-0.06031],[109.37286,-0.05978],[109.37309,-0.05956],[109.37339,-0.05963],[109.37339,-0.05993],[109.37369,-0.05993],[109.37421,-0.05956],[109.37421,-0.05918],[109.37384,-0.05911],[109.37361,-0.05933],[109.37331,-0.05933],[109.37256,-0.05963],[109.37241,-0.05986],[109.37264,-0.06023],[109.37241,-0.06046],[109.37211,-0.06016],[109.37204,-0.05986],[109.37159,-0.05941],[109.37151,-0.05903],[109.37121,-0.05896],[109.37099,-0.05918],[109.37054,-0.05918],[109.37054,-0.05948]]]},"properties":{"STREAM_ID":1}},{"type":"Feature","geometry":{"type":"Polygon","coordinates":[[[109.34068,-0.01823],[109.34068,-0.0177],[109.34008,-0.01748],[109.33941,-0.0168],[109.33911,-0.01635],[109.33881,-0.01613],[109.33836,-0.0153],[109.33813,-0.0153],[109.33716,-0.01425],[109.33648,-0.01395],[109.33596,-0.01335],[109.33558,-0.0132],[109.33513,-0.01283],[109.33513,-0.0126],[109.33453,-0.012],[109.33453,-0.01155],[109.33408,-0.0111],[109.33378,-0.01065],[109.33303,-0.0102],[109.33266,-0.00975],[109.33221,-0.00945],[109.33131,-0.0084],[109.33063,-0.0078],[109.33033,-0.00735],[109.32943,-0.00683],[109.32891,-0.00645],[109.32876,-0.00615],[109.32786,-0.00548],[109.32771,-0.00518],[109.32726,-0.00473],[109.32666,-0.0045],[109.32621,-0.0039],[109.32583,-0.00383],[109.32568,-0.00345],[109.32538,-0.0033],[109.32516,-0.003],[109.32478,-0.003],[109.32441,-0.00255],[109.32373,-0.00233],[109.32328,-0.00173],[109.32261,-0.00173],[109.32178,-0.0009],[109.32171,-0.00023],[109.32156,0],[109.32096,0],[109.32088,-0.00023],[109.32013,-0.00015],[109.31946,0.00023],[109.31923,0.00023],[109.31871,0.00068],[109.31803,0.00068],[109.31773,0.00105],[109.31728,0.00105],[109.31713,0.00135],[109.31668,0.0015],[109.31608,0.00158],[109.31481,0.0021],[109.31458,0.00233],[109.31391,0.00225],[109.31383,0.00255],[109.31308,0.00263],[109.31293,0.00248],[109.31256,0.00255],[109.31248,0.00278],[109.31188,0.00278],[109.31151,0.00293],[109.31068,0.00375],[109.30993,0.00368],[109.30963,0.0042],[109.30933,0.00428],[109.30903,0.00458],[109.30866,0.00465],[109.30888,0.00495],[109.30888,0.00525],[109.30851,0.00533],[109.30821,0.0051],[109.30798,0.00473],[109.30738,0.00473],[109.30723,0.00495],[109.30686,0.00495],[109.30648,0.00473],[109.30633,0.00495],[109.30581,0.00495],[109.30573,0.00548],[109.30528,0.00548],[109.30521,0.0051],[109.30483,0.0051],[109.30453,0.00563],[109.30416,0.00563],[109.30386,0.00518],[109.30288,0.0051],[109.30138,0.0051],[109.30093,0.00548],[109.30003,0.00548],[109.29965,0.00578],[109.29943,0.00623],[109.2989,0.00623],[109.2983,0.00638],[109.2983,0.00668],[109.29763,0.00705],[109.2974,0.00743],[109.29703,0.0075],[109.2962,0.00788],[109.29605,0.00803],[109.29545,0.00795],[109.29493,0.00833],[109.29463,0.00825],[109.29388,0.00825],[109.2935,0.00848],[109.29335,0.00878],[109.29335,0.00938],[109.29305,0.0096],[109.29268,0.00945],[109.2926,0.0087],[109.2923,0.00848],[109.2917,0.0084],[109.29038,0.0084],[109.28724,0.0059],[109.28694,0.00278],[109.28693,0.00148],[109.28818,0.0015],[109.28863,0.00143],[109.28878,0.00158],[109.28923,0.00158],[109.2896,0.00143],[109.29028,0.00098],[109.29028,0.00045],[109.29043,0.0003],[109.29118,0.0003],[109.2914,0.00023],[109.29155,-0.00023],[109.292,-0.0003],[109.2926,-0.00075],[109.29268,-0.00173],[109.29253,-0.0021],[109.29268,-0.00263],[109.29268,-0.003],[109.29238,-0.00315],[109.29238,-0.00383],[109.29268,-0.00413],[109.2929,-0.00413],[109.29305,-0.00465],[109.29275,-0.0048],[109.29245,-0.00518],[109.29245,-0.00555],[109.29328,-0.0054],[109.29328,-0.00488],[109.29358,-0.00465],[109.29358,-0.00428],[109.29335,-0.00405],[109.29328,-0.00353],[109.2938,-0.00353],[109.29418,-0.00383],[109.2944,-0.00338],[109.2941,-0.0024],[109.2941,-0.00195],[109.29395,-0.0018],[109.29335,-0.0018],[109.2935,-0.00143],[109.29388,-0.00165],[109.29388,-0.00113],[109.29418,-0.00105],[109.29485,-0.00135],[109.29538,-0.0015],[109.2953,-0.00173],[109.29455,-0.00188],[109.29493,-0.00248],[109.29523,-0.00248],[109.29545,-0.00218],[109.29583,-0.0021],[109.2962,-0.00255],[109.29605,-0.00173],[109.29665,-0.0018],[109.29793,-0.0018],[109.29793,-0.00188],[109.29958,-0.00188],[109.30026,-0.0018],[109.30063,-0.00188],[109.30093,-0.00173],[109.30138,-0.00173],[109.30183,-0.00158],[109.30206,-0.00135],[109.30251,-0.0012],[109.30318,-0.0012],[109.30356,-0.0015],[109.30356,-0.0018],[109.30378,-0.00195],[109.30461,-0.00188],[109.30498,-0.00135],[109.30461,-0.00135],[109.30446,-0.00113],[109.30596,-0.00113],[109.30671,-0.00105],[109.30723,-0.00113],[109.30746,-0.00128],[109.30783,-0.00128],[109.30813,-0.0015],[109.30806,-0.00248],[109.30821,-0.00285],[109.30866,-0.0024],[109.30896,-0.0024],[109.30896,-0.00203],[109.30948,-0.00188],[109.30956,-0.00225],[109.30941,-0.00255],[109.30963,-0.00285],[109.30993,-0.00285],[109.31046,-0.00255],[109.31061,-0.00285],[109.31113,-0.003],[109.31128,-0.00263],[109.31113,-0.0024],[109.31113,-0.00195],[109.31158,-0.00195],[109.31196,-0.00218],[109.31248,-0.00218],[109.31338,-0.00248],[109.31376,-0.00278],[109.31406,-0.00278],[109.31466,-0.00315],[109.31481,-0.00315],[109.31563,-0.00353],[109.31661,-0.00405],[109.31721,-0.00428],[109.31751,-0.00465],[109.31751,-0.00495],[109.31788,-0.00518],[109.31811,-0.00548],[109.31908,-0.00555],[109.31931,-0.006],[109.31976,-0.00623],[109.32006,-0.0066],[109.32051,-0.00675],[109.32118,-0.0075],[109.32208,-0.00803],[109.32231,-0.00855],[109.32291,-0.0084],[109.32306,-0.00863],[109.32291,-0.00908],[109.32321,-0.00938],[109.32343,-0.00938],[109.32396,-0.0099],[109.32448,-0.01028],[109.32531,-0.01028],[109.32531,-0.0108],[109.32561,-0.01065],[109.32598,-0.01065],[109.32628,-0.01095],[109.32681,-0.01125],[109.32711,-0.01178],[109.32756,-0.01185],[109.32801,-0.01208],[109.32868,-0.01268],[109.32853,-0.01298],[109.32853,-0.01335],[109.32936,-0.0141],[109.32921,-0.01478],[109.32951,-0.01493],[109.32973,-0.01478],[109.32988,-0.0144],[109.33033,-0.01433],[109.33063,-0.01478],[109.33101,-0.01493],[109.33161,-0.015],[109.33206,-0.01515],[109.33228,-0.01545],[109.33228,-0.01598],[109.33311,-0.01598],[109.33341,-0.01643],[109.33341,-0.01673],[109.33408,-0.01673],[109.33416,-0.01703],[109.33446,-0.01703],[109.33528,-0.01778],[109.33558,-0.0183],[109.33663,-0.01875],[109.33738,-0.01973],[109.33798,-0.0201],[109.33821,-0.0201],[109.33858,-0.0204],[109.33888,-0.02048],[109.33933,-0.02093],[109.33918,-0.0213],[109.33873,-0.02138],[109.33843,-0.02175],[109.33843,-0.02213],[109.33881,-0.02243],[109.33911,-0.02243],[109.33926,-0.0222],[109.33926,-0.02175],[109.34038,-0.0216],[109.34076,-0.02198],[109.34098,-0.02198],[109.34166,-0.02265],[109.34218,-0.02288],[109.34301,-0.02363],[109.34428,-0.0249],[109.34451,-0.02528],[109.34451,-0.02558],[109.34481,-0.02595],[109.34541,-0.027],[109.34556,-0.02753],[109.34586,-0.02783],[109.34601,-0.0285],[109.34646,-0.02948],[109.34646,-0.03],[109.34691,-0.03068],[109.34691,-0.03098],[109.34721,-0.03135],[109.34736,-0.03195],[109.34766,-0.03225],[109.34788,-0.03315],[109.34841,-0.03368],[109.34953,-0.036],[109.34961,-0.03638],[109.34916,-0.03638],[109.34916,-0.0366],[109.34968,-0.0366],[109.35006,-0.03698],[109.35036,-0.03713],[109.35081,-0.03758],[109.35096,-0.03803],[109.35119,-0.03825],[109.35119,-0.039],[109.35171,-0.03915],[109.35186,-0.03953],[109.35291,-0.04058],[109.35291,-0.0408],[109.35366,-0.04125],[109.35374,-0.04178],[109.35404,-0.04193],[109.35479,-0.04268],[109.35554,-0.04335],[109.35576,-0.04373],[109.35644,-0.0444],[109.35651,-0.04478],[109.35674,-0.04478],[109.35741,-0.04523],[109.35764,-0.04553],[109.35831,-0.04605],[109.35906,-0.0468],[109.35944,-0.04703],[109.36026,-0.04793],[109.36034,-0.04838],[109.36109,-0.04875],[109.36146,-0.04905],[109.36139,-0.04943],[109.36214,-0.04973],[109.36266,-0.05041],[109.36319,-0.05093],[109.36416,-0.05206],[109.36401,-0.05266],[109.36416,-0.05296],[109.36476,-0.05341],[109.36544,-0.05416],[109.36536,-0.05453],[109.36499,-0.05476],[109.36521,-0.05513],[109.36521,-0.05543],[109.36581,-0.05536],[109.36596,-0.05558],[109.36641,-0.05588],[109.36664,-0.05633],[109.36664,-0.05671],[109.36686,-0.05693],[109.36701,-0.05776],[109.36649,-0.05821],[109.36619,-0.05836],[109.36619,-0.05866],[109.36649,-0.05873],[109.36664,-0.05903],[109.36709,-0.05888],[109.36709,-0.05851],[109.36724,-0.05798],[109.36746,-0.05791],[109.36776,-0.05813],[109.36835,-0.05822],[109.36859,-0.05798],[109.36836,-0.05723],[109.36799,-0.05708],[109.36769,-0.05678],[109.36769,-0.05656],[109.36724,-0.05603],[109.36716,-0.05573],[109.36626,-0.05498],[109.36619,-0.05438],[109.36589,-0.05348],[109.36536,-0.05303],[109.36506,-0.05288],[109.36499,-0.05228],[109.36469,-0.05168],[109.36409,-0.05108],[109.36349,-0.05026],[109.36274,-0.04965],[109.36274,-0.04943],[109.36229,-0.04928],[109.36199,-0.04853],[109.36094,-0.04785],[109.36064,-0.04755],[109.36056,-0.04725],[109.36004,-0.04688],[109.35959,-0.04628],[109.35876,-0.04553],[109.35839,-0.04538],[109.35839,-0.04515],[109.35786,-0.04485],[109.35479,-0.04178],[109.35434,-0.04118],[109.35434,-0.04095],[109.35359,-0.04035],[109.35359,-0.04013],[109.35329,-0.03975],[109.35284,-0.03953],[109.35216,-0.03885],[109.35156,-0.03788],[109.35149,-0.03743],[109.35126,-0.03713],[109.35096,-0.03698],[109.35066,-0.03653],[109.35044,-0.03645],[109.35036,-0.03593],[109.35014,-0.03578],[109.34953,-0.03473],[109.34938,-0.03413],[109.34908,-0.03383],[109.34908,-0.03338],[109.34856,-0.03263],[109.34833,-0.03255],[109.34818,-0.03195],[109.34773,-0.03143],[109.34766,-0.03083],[109.34736,-0.03053],[109.34736,-0.03023],[109.34683,-0.02963],[109.34683,-0.02873],[109.34653,-0.02828],[109.34638,-0.02745],[109.34593,-0.02715],[109.34593,-0.02693],[109.34563,-0.02655],[109.34556,-0.02603],[109.34533,-0.02588],[109.34518,-0.02535],[109.34473,-0.02483],[109.34466,-0.02445],[109.34443,-0.02438],[109.34428,-0.02393],[109.34376,-0.02363],[109.34368,-0.02333],[109.34308,-0.02288],[109.34278,-0.02243],[109.34188,-0.02175],[109.34136,-0.02145],[109.34128,-0.02108],[109.34053,-0.02108],[109.34038,-0.02078],[109.33993,-0.02063],[109.33933,-0.02003],[109.33836,-0.01958],[109.33806,-0.01913],[109.33768,-0.01905],[109.33723,-0.01868],[109.33723,-0.01845],[109.33678,-0.01808],[109.33678,-0.01793],[109.33603,-0.01785],[109.33573,-0.01733],[109.33543,-0.01718],[109.33528,-0.01673],[109.33498,-0.01665],[109.33453,-0.01613],[109.33423,-0.01613],[109.33416,-0.01583],[109.33326,-0.01508],[109.33258,-0.01463],[109.33198,-0.01448],[109.33153,-0.01448],[109.33138,-0.01403],[109.33086,-0.01365],[109.32973,-0.01365],[109.32966,-0.01343],[109.32928,-0.01313],[109.32928,-0.01223],[109.32868,-0.01178],[109.32838,-0.01178],[109.32793,-0.01133],[109.32748,-0.01118],[109.32718,-0.01073],[109.32598,-0.01005],[109.32598,-0.00975],[109.32546,-0.00938],[109.32433,-0.00938],[109.32418,-0.00893],[109.32366,-0.00893],[109.32358,-0.00825],[109.32328,-0.00795],[109.32268,-0.00795],[109.32268,-0.00773],[109.32223,-0.00743],[109.32178,-0.00698],[109.32126,-0.00668],[109.32126,-0.00645],[109.32058,-0.00608],[109.32028,-0.00563],[109.31976,-0.00555],[109.31976,-0.00533],[109.31938,-0.00495],[109.31878,-0.00495],[109.31833,-0.00473],[109.31803,-0.00443],[109.31803,-0.00413],[109.31698,-0.00368],[109.31683,-0.00345],[109.31653,-0.00345],[109.31616,-0.00323],[109.31488,-0.00263],[109.31413,-0.00233],[109.31398,-0.00203],[109.31316,-0.00188],[109.31308,-0.00165],[109.31226,-0.00165],[109.31203,-0.00143],[109.31136,-0.00128],[109.31053,-0.00128],[109.31016,-0.00105],[109.30888,-0.00105],[109.30866,-0.00083],[109.30783,-0.00075],[109.30753,-0.00053],[109.30678,-0.00045],[109.30588,-0.00053],[109.30408,-0.00053],[109.30408,-0.00068],[109.30318,-0.00075],[109.30176,-0.00075],[109.30153,-0.00098],[109.30086,-0.00128],[109.29973,-0.00135],[109.29725,-0.00135],[109.29643,-0.00128],[109.29643,-0.00113],[109.29545,-0.00098],[109.29545,-0.00083],[109.2947,-0.00075],[109.29448,-0.00045],[109.29343,-0.00045],[109.29305,-0.00038],[109.29298,-0.00015],[109.29253,0],[109.31863,0],[109.31893,-0.00038],[109.32006,-0.00075],[109.32118,-0.00075],[109.32133,-0.00098],[109.32133,-0.00135],[109.32186,-0.00173],[109.32193,-0.00203],[109.32223,-0.00218],[109.32276,-0.00218],[109.32306,-0.00233],[109.32343,-0.00293],[109.32396,-0.00308],[109.32403,-0.00338],[109.32486,-0.00375],[109.32523,-0.00383],[109.32523,-0.00428],[109.32583,-0.00443],[109.32613,-0.00473],[109.32613,-0.00495],[109.32658,-0.00503],[109.32696,-0.00525],[109.32703,-0.00578],[109.32763,-0.00615],[109.32793,-0.00623],[109.32823,-0.00668],[109.32883,-0.00705],[109.32883,-0.00728],[109.32928,-0.00735],[109.32958,-0.00758],[109.33108,-0.00908],[109.33123,-0.00938],[109.33168,-0.00953],[109.33198,-0.00975],[109.33206,-0.01028],[109.33251,-0.01028],[109.33251,-0.01058],[109.33296,-0.01088],[109.33318,-0.01088],[109.33363,-0.01133],[109.33363,-0.01163],[109.33416,-0.01193],[109.33416,-0.01245],[109.33476,-0.01298],[109.33476,-0.01335],[109.33498,-0.01358],[109.33528,-0.01358],[109.33626,-0.01433],[109.33633,-0.01478],[109.33693,-0.01493],[109.33716,-0.01523],[109.33806,-0.01575],[109.33813,-0.01628],[109.33896,-0.01748],[109.33948,-0.01763],[109.33956,-0.01793],[109.33986,-0.01808],[109.34053,-0.01808],[109.34068,-0.01823]],[[109.29845,0.0045],[109.29853,0.00398],[109.29815,0.0039],[109.29785,0.0045],[109.29785,0.00488],[109.29755,0.0048],[109.29755,0.00443],[109.29718,0.00435],[109.29725,0.00495],[109.29748,0.00525],[109.29793,0.0051],[109.29838,0.0048],[109.29845,0.0045]]]},"properties":{"STREAM_ID":1}},{"type":"Feature","geometry":{"type":"Polygon","coordinates":[[[109.28691,0.00015],[109.28695,0.00045],[109.28691,0.00018],[109.28691,0.00015]]]},"properties":{"STREAM_ID":1}},{"type":"Feature","geometry":{"type":"Polygon","coordinates":[[[109.37792,-0.03285],[109.37804,-0.03255],[109.37774,-0.03248],[109.37789,-0.03173],[109.37864,-0.03173],[109.37886,-0.0312],[109.37826,-0.03105],[109.37849,-0.0306],[109.37826,-0.03],[109.37849,-0.02993],[109.37954,-0.03],[109.37946,-0.03038],[109.37946,-0.03135],[109.37939,-0.03158],[109.37856,-0.03233],[109.37856,-0.0327],[109.37875,-0.0328],[109.37953,-0.03254],[109.38006,-0.03208],[109.38006,-0.0315],[109.38051,-0.0312],[109.38112,-0.0312],[109.38158,-0.03078],[109.38186,-0.03042],[109.38215,-0.0297],[109.38164,-0.02985],[109.38066,-0.02963],[109.38044,-0.0294],[109.38044,-0.02903],[109.37961,-0.0291],[109.37931,-0.02948],[109.37879,-0.02948],[109.37834,-0.02933],[109.37834,-0.02895],[109.37819,-0.02858],[109.37759,-0.02858],[109.37759,-0.02813],[109.37721,-0.02783],[109.37691,-0.02783],[109.37654,-0.02805],[109.37669,-0.02843],[109.37699,-0.0285],[109.37699,-0.0288],[109.37721,-0.02918],[109.37759,-0.02948],[109.37766,-0.03053],[109.37736,-0.03098],[109.37736,-0.03173],[109.37714,-0.03173],[109.37676,-0.03135],[109.37631,-0.03135],[109.37594,-0.03158],[109.37594,-0.0318],[109.37699,-0.03188],[109.37721,-0.03263],[109.37758,-0.03252],[109.37789,-0.03281],[109.3779,-0.03283],[109.37792,-0.03285]]]},"properties":{"STREAM_ID":1}},{"type":"Feature","geometry":{"type":"Polygon","coordinates":[[[109.36953,-0.05836],[109.36979,-0.05858],[109.37024,-0.05873],[109.37046,-0.05821],[109.36956,-0.05761],[109.36941,-0.05738],[109.36941,-0.05678],[109.36926,-0.05671],[109.36889,-0.05603],[109.36889,-0.05573],[109.36844,-0.05476],[109.36859,-0.05446],[109.36814,-0.05408],[109.36776,-0.05393],[109.36686,-0.05303],[109.36656,-0.05221],[109.36604,-0.05168],[109.36566,-0.05101],[109.36514,-0.05026],[109.36416,-0.04928],[109.36379,-0.04898],[109.36326,-0.04823],[109.36319,-0.04793],[109.36274,-0.04748],[109.36221,-0.04718],[109.36191,-0.0465],[109.36146,-0.04613],[109.36139,-0.04583],[109.36086,-0.0456],[109.36041,-0.04515],[109.36049,-0.0447],[109.36004,-0.04463],[109.35959,-0.0447],[109.35936,-0.04425],[109.35884,-0.04403],[109.35854,-0.0435],[109.35734,-0.0426],[109.35689,-0.04215],[109.35636,-0.04148],[109.35599,-0.0411],[109.35584,-0.04073],[109.35501,-0.03983],[109.35419,-0.0393],[109.35419,-0.03915],[109.35321,-0.03803],[109.35299,-0.03728],[109.35261,-0.03705],[109.35194,-0.03615],[109.35141,-0.03525],[109.35111,-0.03443],[109.35036,-0.0333],[109.35006,-0.03315],[109.34953,-0.03188],[109.34938,-0.0318],[109.34908,-0.0312],[109.34908,-0.03098],[109.34878,-0.03053],[109.34878,-0.03023],[109.34803,-0.0288],[109.34766,-0.02783],[109.34781,-0.02753],[109.34706,-0.02678],[109.34676,-0.02633],[109.34638,-0.02558],[109.34631,-0.02498],[109.34661,-0.02453],[109.34661,-0.02355],[109.34691,-0.02333],[109.34908,-0.02333],[109.34961,-0.0231],[109.35006,-0.0231],[109.35066,-0.02295],[109.35134,-0.02295],[109.35201,-0.02258],[109.35306,-0.02258],[109.35336,-0.02235],[109.35389,-0.02235],[109.35411,-0.02205],[109.35471,-0.02205],[109.35494,-0.0219],[109.35576,-0.02198],[109.35629,-0.0216],[109.35666,-0.0216],[109.35696,-0.02205],[109.35696,-0.0225],[109.35749,-0.0225],[109.35711,-0.02205],[109.35726,-0.02175],[109.35779,-0.02168],[109.35884,-0.02175],[109.35884,-0.02213],[109.35929,-0.02205],[109.35936,-0.0216],[109.36019,-0.02078],[109.36086,-0.0207],[109.36109,-0.02085],[109.36109,-0.02138],[109.36154,-0.02168],[109.36154,-0.0213],[109.36191,-0.02115],[109.36236,-0.02115],[109.36281,-0.0213],[109.36289,-0.021],[109.36529,-0.021],[109.36589,-0.0213],[109.36656,-0.0213],[109.36686,-0.02153],[109.36686,-0.02235],[109.36701,-0.02273],[109.36746,-0.0222],[109.36746,-0.02145],[109.36799,-0.02145],[109.36859,-0.0213],[109.36881,-0.02168],[109.36926,-0.02168],[109.36971,-0.0219],[109.37054,-0.0219],[109.37114,-0.02205],[109.37151,-0.02228],[109.37151,-0.02258],[109.37226,-0.02258],[109.37264,-0.02288],[109.37316,-0.02303],[109.37406,-0.02355],[109.37564,-0.02408],[109.37601,-0.02408],[109.37631,-0.0243],[109.37646,-0.0246],[109.37691,-0.02483],[109.37729,-0.02483],[109.37751,-0.02505],[109.37819,-0.02498],[109.37849,-0.02528],[109.37924,-0.02528],[109.37984,-0.02543],[109.38044,-0.02543],[109.38141,-0.02573],[109.38209,-0.02573],[109.38224,-0.02595],[109.38231,-0.02655],[109.38194,-0.02693],[109.38201,-0.0273],[109.38239,-0.0273],[109.38254,-0.02678],[109.38293,-0.0264],[109.38315,-0.0251],[109.37956,-0.0244],[109.37607,-0.0231],[109.37678,-0.02196],[109.37701,-0.02102],[109.37699,-0.0197],[109.37741,-0.0187],[109.37793,-0.01786],[109.37803,-0.01694],[109.37813,-0.01657],[109.37878,-0.01613],[109.37882,-0.01594],[109.37837,-0.01553],[109.37763,-0.01539],[109.37755,-0.01521],[109.37796,-0.01489],[109.37858,-0.01462],[109.37896,-0.01408],[109.37894,-0.01352],[109.37834,-0.01351],[109.37826,-0.01425],[109.37766,-0.0144],[109.37736,-0.01485],[109.37729,-0.01553],[109.37796,-0.0156],[109.37826,-0.01605],[109.37766,-0.01673],[109.37774,-0.01763],[109.37721,-0.01853],[109.37676,-0.0189],[109.37669,-0.01943],[109.37601,-0.0192],[109.37601,-0.01875],[109.37669,-0.01785],[109.37654,-0.0174],[109.37661,-0.01688],[109.37624,-0.0165],[109.37586,-0.01628],[109.37594,-0.01695],[109.37556,-0.01733],[109.37541,-0.01793],[109.37556,-0.0183],[109.37534,-0.01853],[109.37541,-0.01928],[109.37511,-0.0195],[109.37489,-0.02003],[109.37451,-0.0201],[109.37481,-0.02055],[109.37526,-0.02055],[109.37534,-0.02085],[109.37496,-0.02085],[109.37444,-0.02063],[109.37421,-0.0204],[109.37331,-0.0204],[109.37301,-0.02018],[109.37294,-0.01988],[109.37256,-0.01943],[109.37264,-0.01905],[109.37294,-0.01875],[109.37294,-0.01808],[109.37256,-0.0183],[109.37226,-0.01875],[109.37219,-0.01913],[109.37189,-0.01943],[109.37174,-0.01905],[109.37174,-0.0186],[109.37189,-0.01838],[109.37136,-0.0183],[109.37144,-0.0177],[109.37204,-0.01778],[109.37219,-0.01763],[109.37219,-0.01695],[109.37241,-0.01665],[109.37279,-0.01665],[109.37286,-0.01643],[109.37346,-0.0165],[109.37361,-0.01688],[109.37354,-0.01718],[109.37316,-0.01718],[109.37301,-0.0174],[109.37384,-0.018],[109.37429,-0.01793],[109.37421,-0.01748],[109.37429,-0.01695],[109.37391,-0.0168],[109.37399,-0.01635],[109.37421,-0.01635],[109.37444,-0.01688],[109.37466,-0.01688],[109.37496,-0.0162],[109.37496,-0.01583],[109.37451,-0.0156],[109.37414,-0.01568],[109.37361,-0.01605],[109.37331,-0.01605],[109.37301,-0.01575],[109.37226,-0.01605],[109.37226,-0.01665],[109.37174,-0.01673],[109.37159,-0.0165],[109.37211,-0.01613],[109.37196,-0.01575],[109.37159,-0.01575],[109.37076,-0.01628],[109.37084,-0.01703],[109.37054,-0.01748],[109.37024,-0.0177],[109.37009,-0.0174],[109.37031,-0.01718],[109.37016,-0.01688],[109.36971,-0.01665],[109.36949,-0.0162],[109.36949,-0.01583],[109.36979,-0.01575],[109.36986,-0.0153],[109.37031,-0.0153],[109.37054,-0.01515],[109.37031,-0.01448],[109.37001,-0.01455],[109.37001,-0.01493],[109.36964,-0.01515],[109.36919,-0.01523],[109.36919,-0.01575],[109.36866,-0.01575],[109.36836,-0.0156],[109.36821,-0.01605],[109.36784,-0.01635],[109.36731,-0.01643],[109.36731,-0.01793],[109.36716,-0.0183],[109.36679,-0.01853],[109.36619,-0.01845],[109.36566,-0.01815],[109.36506,-0.01815],[109.36484,-0.01853],[109.36379,-0.01845],[109.36334,-0.01823],[109.36304,-0.01853],[109.36229,-0.01845],[109.36116,-0.01845],[109.36094,-0.01868],[109.36011,-0.01868],[109.35966,-0.0189],[109.35861,-0.01883],[109.35794,-0.01905],[109.35726,-0.01898],[109.35719,-0.01913],[109.35651,-0.01913],[109.35614,-0.01868],[109.35644,-0.01838],[109.35636,-0.01808],[109.35584,-0.01808],[109.35554,-0.01755],[109.35584,-0.0174],[109.35584,-0.0171],[109.35524,-0.01703],[109.35471,-0.0174],[109.35441,-0.01808],[109.35449,-0.0186],[109.35434,-0.01868],[109.35464,-0.01935],[109.35464,-0.0198],[109.35441,-0.0201],[109.35396,-0.02033],[109.35314,-0.02033],[109.35269,-0.0204],[109.35224,-0.02018],[109.35179,-0.02018],[109.35104,-0.02078],[109.35096,-0.02093],[109.34953,-0.02085],[109.34893,-0.02123],[109.34848,-0.02123],[109.34826,-0.02138],[109.34758,-0.0213],[109.34683,-0.0213],[109.34578,-0.02145],[109.34503,-0.0213],[109.34413,-0.02093],[109.34353,-0.02048],[109.34331,-0.02048],[109.34293,-0.02018],[109.34263,-0.0201],[109.34218,-0.0198],[109.34203,-0.01935],[109.34121,-0.01898],[109.34106,-0.01875],[109.34061,-0.0189],[109.34061,-0.01913],[109.34106,-0.01958],[109.34166,-0.01973],[109.34166,-0.02018],[109.34188,-0.02018],[109.34218,-0.02048],[109.34256,-0.02055],[109.34353,-0.02138],[109.34428,-0.02153],[109.34458,-0.02175],[109.34518,-0.02175],[109.34548,-0.02198],[109.34638,-0.02198],[109.34646,-0.02213],[109.34646,-0.02295],[109.34616,-0.02295],[109.34616,-0.02423],[109.34593,-0.02445],[109.34593,-0.02573],[109.34623,-0.02648],[109.34646,-0.02685],[109.34668,-0.02693],[109.34683,-0.02745],[109.34728,-0.02775],[109.34728,-0.02858],[109.34743,-0.02918],[109.34773,-0.02955],[109.34773,-0.02985],[109.34818,-0.03023],[109.34833,-0.03098],[109.34856,-0.03113],[109.34856,-0.03143],[109.34878,-0.03188],[109.34908,-0.03218],[109.34923,-0.03285],[109.34946,-0.03293],[109.34953,-0.03338],[109.34976,-0.03368],[109.35036,-0.03405],[109.35044,-0.03465],[109.35089,-0.03518],[109.35089,-0.03555],[109.35104,-0.03593],[109.35134,-0.03623],[109.35134,-0.03645],[109.35179,-0.03675],[109.35179,-0.03698],[109.35224,-0.03758],[109.35269,-0.03795],[109.35276,-0.03848],[109.35306,-0.03863],[109.35329,-0.03893],[109.35344,-0.03938],[109.35404,-0.04005],[109.35434,-0.04028],[109.35479,-0.04043],[109.35516,-0.04088],[109.35524,-0.04118],[109.35576,-0.04178],[109.35599,-0.04185],[109.35629,-0.04238],[109.35659,-0.04253],[109.35674,-0.04298],[109.35704,-0.04313],[109.35936,-0.04545],[109.36004,-0.0456],[109.36019,-0.04598],[109.36056,-0.04613],[109.36079,-0.04658],[109.36116,-0.04673],[109.36124,-0.04695],[109.36169,-0.04695],[109.36161,-0.04733],[109.36214,-0.04793],[109.36259,-0.04815],[109.36274,-0.04853],[109.36319,-0.04883],[109.36334,-0.04935],[109.36409,-0.05018],[109.36469,-0.05063],[109.36514,-0.05146],[109.36536,-0.05153],[109.36566,-0.05213],[109.36589,-0.05221],[109.36589,-0.05258],[109.36619,-0.05288],[109.36634,-0.05348],[109.36664,-0.05363],[109.36716,-0.05416],[109.36739,-0.05468],[109.36784,-0.05513],[109.36829,-0.05573],[109.36859,-0.05663],[109.36889,-0.05716],[109.36902,-0.05765],[109.36949,-0.05828],[109.36949,-0.0583],[109.36953,-0.05836]],[[109.37676,-0.02063],[109.37676,-0.02085],[109.37646,-0.02115],[109.37676,-0.02145],[109.37661,-0.02175],[109.37594,-0.02138],[109.37594,-0.02048],[109.37601,-0.02033],[109.37654,-0.02025],[109.37676,-0.02063]],[[109.36904,-0.0183],[109.36896,-0.0186],[109.36814,-0.01845],[109.36799,-0.018],[109.36821,-0.0177],[109.36851,-0.01793],[109.36889,-0.018],[109.36904,-0.0183]]]},"properties":{"STREAM_ID":1}},{"type":"Feature","geometry":{"type":"Polygon","coordinates":[[[109.37586,-0.0024],[109.37526,-0.00285],[109.37511,-0.00315],[109.37451,-0.00315],[109.37444,-0.0039],[109.37406,-0.0045],[109.37369,-0.00413],[109.37331,-0.00443],[109.37204,-0.0045],[109.37181,-0.00413],[109.37106,-0.00413],[109.37099,-0.00458],[109.37114,-0.00503],[109.37069,-0.00503],[109.37039,-0.00548],[109.37084,-0.00563],[109.37084,-0.00645],[109.37091,-0.0072],[109.37114,-0.00765],[109.37099,-0.00833],[109.37114,-0.00855],[109.37151,-0.00833],[109.37219,-0.00833],[109.37234,-0.00795],[109.37204,-0.00765],[109.37174,-0.00758],[109.37151,-0.00705],[109.37181,-0.00683],[109.37196,-0.00638],[109.37196,-0.00593],[109.37166,-0.00578],[109.37256,-0.00503],[109.37354,-0.00503],[109.37376,-0.00525],[109.37376,-0.00578],[109.37406,-0.0063],[109.37354,-0.00623],[109.37301,-0.00638],[109.37256,-0.00638],[109.37241,-0.0069],[109.37286,-0.00713],[109.37286,-0.00735],[109.37316,-0.00765],[109.37316,-0.00803],[109.37331,-0.00825],[109.37376,-0.00788],[109.37369,-0.0084],[109.37384,-0.00878],[109.37384,-0.0093],[109.37354,-0.00945],[109.37331,-0.00983],[109.37241,-0.01013],[109.37226,-0.01043],[109.37144,-0.0105],[109.37136,-0.00975],[109.37099,-0.00968],[109.37106,-0.01043],[109.37091,-0.01065],[109.37091,-0.01185],[109.37166,-0.01185],[109.37144,-0.0114],[109.37129,-0.0108],[109.37159,-0.0108],[109.37174,-0.0111],[109.37241,-0.0111],[109.37249,-0.01133],[109.37286,-0.01163],[109.37339,-0.01148],[109.37339,-0.01095],[109.37294,-0.0108],[109.37316,-0.0105],[109.37369,-0.01005],[109.37421,-0.01005],[109.37466,-0.01028],[109.37496,-0.0108],[109.37496,-0.01118],[109.37519,-0.01133],[109.37556,-0.01133],[109.37579,-0.0111],[109.37631,-0.01118],[109.37646,-0.01163],[109.37624,-0.01178],[109.37624,-0.01268],[109.37639,-0.01335],[109.37676,-0.01335],[109.37699,-0.01358],[109.37744,-0.01335],[109.37744,-0.0129],[109.37774,-0.01275],[109.37781,-0.0132],[109.37729,-0.01358],[109.37729,-0.01395],[109.37751,-0.0141],[109.37772,-0.01389],[109.3776,-0.01358],[109.37807,-0.01319],[109.37841,-0.01268],[109.37833,-0.01218],[109.37745,-0.01231],[109.37738,-0.01202],[109.37772,-0.01128],[109.37799,-0.01106],[109.37786,-0.01053],[109.37781,-0.00896],[109.37745,-0.00796],[109.37691,-0.00627],[109.37649,-0.00594],[109.37639,-0.00555],[109.37609,-0.00548],[109.37609,-0.00488],[109.37594,-0.00458],[109.37571,-0.00417],[109.37594,-0.00351],[109.37575,-0.0031],[109.37604,-0.00266],[109.37586,-0.0024]],[[109.37639,-0.00638],[109.37646,-0.00668],[109.37624,-0.00683],[109.37549,-0.00683],[109.37519,-0.00705],[109.37466,-0.0069],[109.37474,-0.00623],[109.37496,-0.00585],[109.37519,-0.00585],[109.37556,-0.00638],[109.37586,-0.00638],[109.37601,-0.00615],[109.37639,-0.00638]],[[109.37571,-0.01005],[109.37571,-0.01028],[109.37511,-0.0102],[109.37511,-0.0099],[109.37549,-0.00983],[109.37571,-0.01005]]]},"properties":{"STREAM_ID":1}},{"type":"Feature","geometry":{"type":"Polygon","coordinates":[[[109.37586,-0.0024],[109.37526,-0.00285],[109.37511,-0.00315],[109.37451,-0.00315],[109.37444,-0.0039],[109.37406,-0.0045],[109.37369,-0.00413],[109.37331,-0.00443],[109.37204,-0.0045],[109.37181,-0.00413],[109.37106,-0.00413],[109.37099,-0.00458],[109.37114,-0.00503],[109.37069,-0.00503],[109.37039,-0.00548],[109.37084,-0.00563],[109.37084,-0.00645],[109.37091,-0.0072],[109.37114,-0.00765],[109.37099,-0.00833],[109.37114,-0.00855],[109.37151,-0.00833],[109.37219,-0.00833],[109.37234,-0.00795],[109.37204,-0.00765],[109.37174,-0.00758],[109.37151,-0.00705],[109.37181,-0.00683],[109.37196,-0.00638],[109.37196,-0.00593],[109.37166,-0.00578],[109.37256,-0.00503],[109.37354,-0.00503],[109.37376,-0.00525],[109.37376,-0.00578],[109.37406,-0.0063],[109.37354,-0.00623],[109.37301,-0.00638],[109.37256,-0.00638],[109.37241,-0.0069],[109.37286,-0.00713],[109.37286,-0.00735],[109.37316,-0.00765],[109.37316,-0.00803],[109.37331,-0.00825],[109.37376,-0.00788],[109.37369,-0.0084],[109.37384,-0.00878],[109.37384,-0.0093],[109.37354,-0.00945],[109.37331,-0.00983],[109.37241,-0.01013],[109.37226,-0.01043],[109.37144,-0.0105],[109.37136,-0.00975],[109.37099,-0.00968],[109.37106,-0.01043],[109.37091,-0.01065],[109.37091,-0.01185],[109.37166,-0.01185],[109.37144,-0.0114],[109.37129,-0.0108],[109.37159,-0.0108],[109.37174,-0.0111],[109.37241,-0.0111],[109.37249,-0.01133],[109.37286,-0.01163],[109.37339,-0.01148],[109.37339,-0.01095],[109.37294,-0.0108],[109.37316,-0.0105],[109.37369,-0.01005],[109.37421,-0.01005],[109.37466,-0.01028],[109.37496,-0.0108],[109.37496,-0.01118],[109.37519,-0.01133],[109.37556,-0.01133],[109.37579,-0.0111],[109.37631,-0.01118],[109.37646,-0.01163],[109.37624,-0.01178],[109.37624,-0.01268],[109.37639,-0.01335],[109.37676,-0.01335],[109.37699,-0.01358],[109.37744,-0.01335],[109.37744,-0.0129],[109.37774,-0.01275],[109.37781,-0.0132],[109.37729,-0.01358],[109.37729,-0.01395],[109.37751,-0.0141],[109.37772,-0.01389],[109.3776,-0.01358],[109.37807,-0.01319],[109.37841,-0.01268],[109.37833,-0.01218],[109.37745,-0.01231],[109.37738,-0.01202],[109.37772,-0.01128],[109.37799,-0.01106],[109.37786,-0.01053],[109.37781,-0.00896],[109.37745,-0.00796],[109.37691,-0.00627],[109.37649,-0.00594],[109.37639,-0.00555],[109.37609,-0.00548],[109.37609,-0.00488],[109.37594,-0.00458],[109.37571,-0.00417],[109.37594,-0.00351],[109.37575,-0.0031],[109.37604,-0.00266],[109.37586,-0.0024]],[[109.37639,-0.00638],[109.37646,-0.00668],[109.37624,-0.00683],[109.37549,-0.00683],[109.37519,-0.00705],[109.37466,-0.0069],[109.37474,-0.00623],[109.37496,-0.00585],[109.37519,-0.00585],[109.37556,-0.00638],[109.37586,-0.00638],[109.37601,-0.00615],[109.37639,-0.00638]],[[109.37571,-0.01005],[109.37571,-0.01028],[109.37511,-0.0102],[109.37511,-0.0099],[109.37549,-0.00983],[109.37571,-0.01005]]]},"properties":{"STREAM_ID":1}},{"type":"Feature","geometry":{"type":"Polygon","coordinates":[[[109.36953,-0.05836],[109.36979,-0.05858],[109.37024,-0.05873],[109.37046,-0.05821],[109.36956,-0.05761],[109.36941,-0.05738],[109.36941,-0.05678],[109.36926,-0.05671],[109.36889,-0.05603],[109.36889,-0.05573],[109.36844,-0.05476],[109.36859,-0.05446],[109.36814,-0.05408],[109.36776,-0.05393],[109.36686,-0.05303],[109.36656,-0.05221],[109.36604,-0.05168],[109.36566,-0.05101],[109.36514,-0.05026],[109.36416,-0.04928],[109.36379,-0.04898],[109.36326,-0.04823],[109.36319,-0.04793],[109.36274,-0.04748],[109.36221,-0.04718],[109.36191,-0.0465],[109.36146,-0.04613],[109.36139,-0.04583],[109.36086,-0.0456],[109.36041,-0.04515],[109.36049,-0.0447],[109.36004,-0.04463],[109.35959,-0.0447],[109.35936,-0.04425],[109.35884,-0.04403],[109.35854,-0.0435],[109.35734,-0.0426],[109.35689,-0.04215],[109.35636,-0.04148],[109.35599,-0.0411],[109.35584,-0.04073],[109.35501,-0.03983],[109.35419,-0.0393],[109.35419,-0.03915],[109.35321,-0.03803],[109.35299,-0.03728],[109.35261,-0.03705],[109.35194,-0.03615],[109.35141,-0.03525],[109.35111,-0.03443],[109.35036,-0.0333],[109.35006,-0.03315],[109.34953,-0.03188],[109.34938,-0.0318],[109.34908,-0.0312],[109.34908,-0.03098],[109.34878,-0.03053],[109.34878,-0.03023],[109.34803,-0.0288],[109.34766,-0.02783],[109.34781,-0.02753],[109.34706,-0.02678],[109.34676,-0.02633],[109.34638,-0.02558],[109.34631,-0.02498],[109.34661,-0.02453],[109.34661,-0.02355],[109.34691,-0.02333],[109.34908,-0.02333],[109.34961,-0.0231],[109.35006,-0.0231],[109.35066,-0.02295],[109.35134,-0.02295],[109.35201,-0.02258],[109.35306,-0.02258],[109.35336,-0.02235],[109.35389,-0.02235],[109.35411,-0.02205],[109.35471,-0.02205],[109.35494,-0.0219],[109.35576,-0.02198],[109.35629,-0.0216],[109.35666,-0.0216],[109.35696,-0.02205],[109.35696,-0.0225],[109.35749,-0.0225],[109.35711,-0.02205],[109.35726,-0.02175],[109.35779,-0.02168],[109.35884,-0.02175],[109.35884,-0.02213],[109.35929,-0.02205],[109.35936,-0.0216],[109.36019,-0.02078],[109.36086,-0.0207],[109.36109,-0.02085],[109.36109,-0.02138],[109.36154,-0.02168],[109.36154,-0.0213],[109.36191,-0.02115],[109.36236,-0.02115],[109.36281,-0.0213],[109.36289,-0.021],[109.36529,-0.021],[109.36589,-0.0213],[109.36656,-0.0213],[109.36686,-0.02153],[109.36686,-0.02235],[109.36701,-0.02273],[109.36746,-0.0222],[109.36746,-0.02145],[109.36799,-0.02145],[109.36859,-0.0213],[109.36881,-0.02168],[109.36926,-0.02168],[109.36971,-0.0219],[109.37054,-0.0219],[109.37114,-0.02205],[109.37151,-0.02228],[109.37151,-0.02258],[109.37226,-0.02258],[109.37264,-0.02288],[109.37316,-0.02303],[109.37406,-0.02355],[109.37564,-0.02408],[109.37601,-0.02408],[109.37631,-0.0243],[109.37646,-0.0246],[109.37691,-0.02483],[109.37729,-0.02483],[109.37751,-0.02505],[109.37819,-0.02498],[109.37849,-0.02528],[109.37924,-0.02528],[109.37984,-0.02543],[109.38044,-0.02543],[109.38141,-0.02573],[109.38209,-0.02573],[109.38224,-0.02595],[109.38231,-0.02655],[109.38194,-0.02693],[109.38201,-0.0273],[109.38239,-0.0273],[109.38254,-0.02678],[109.38293,-0.0264],[109.38315,-0.0251],[109.37956,-0.0244],[109.37607,-0.0231],[109.37678,-0.02196],[109.37701,-0.02102],[109.37699,-0.0197],[109.37741,-0.0187],[109.37793,-0.01786],[109.37803,-0.01694],[109.37813,-0.01657],[109.37878,-0.01613],[109.37882,-0.01594],[109.37837,-0.01553],[109.37763,-0.01539],[109.37755,-0.01521],[109.37796,-0.01489],[109.37858,-0.01462],[109.37896,-0.01408],[109.37894,-0.01352],[109.37834,-0.01351],[109.37826,-0.01425],[109.37766,-0.0144],[109.37736,-0.01485],[109.37729,-0.01553],[109.37796,-0.0156],[109.37826,-0.01605],[109.37766,-0.01673],[109.37774,-0.01763],[109.37721,-0.01853],[109.37676,-0.0189],[109.37669,-0.01943],[109.37601,-0.0192],[109.37601,-0.01875],[109.37669,-0.01785],[109.37654,-0.0174],[109.37661,-0.01688],[109.37624,-0.0165],[109.37586,-0.01628],[109.37594,-0.01695],[109.37556,-0.01733],[109.37541,-0.01793],[109.37556,-0.0183],[109.37534,-0.01853],[109.37541,-0.01928],[109.37511,-0.0195],[109.37489,-0.02003],[109.37451,-0.0201],[109.37481,-0.02055],[109.37526,-0.02055],[109.37534,-0.02085],[109.37496,-0.02085],[109.37444,-0.02063],[109.37421,-0.0204],[109.37331,-0.0204],[109.37301,-0.02018],[109.37294,-0.01988],[109.37256,-0.01943],[109.37264,-0.01905],[109.37294,-0.01875],[109.37294,-0.01808],[109.37256,-0.0183],[109.37226,-0.01875],[109.37219,-0.01913],[109.37189,-0.01943],[109.37174,-0.01905],[109.37174,-0.0186],[109.37189,-0.01838],[109.37136,-0.0183],[109.37144,-0.0177],[109.37204,-0.01778],[109.37219,-0.01763],[109.37219,-0.01695],[109.37241,-0.01665],[109.37279,-0.01665],[109.37286,-0.01643],[109.37346,-0.0165],[109.37361,-0.01688],[109.37354,-0.01718],[109.37316,-0.01718],[109.37301,-0.0174],[109.37384,-0.018],[109.37429,-0.01793],[109.37421,-0.01748],[109.37429,-0.01695],[109.37391,-0.0168],[109.37399,-0.01635],[109.37421,-0.01635],[109.37444,-0.01688],[109.37466,-0.01688],[109.37496,-0.0162],[109.37496,-0.01583],[109.37451,-0.0156],[109.37414,-0.01568],[109.37361,-0.01605],[109.37331,-0.01605],[109.37301,-0.01575],[109.37226,-0.01605],[109.37226,-0.01665],[109.37174,-0.01673],[109.37159,-0.0165],[109.37211,-0.01613],[109.37196,-0.01575],[109.37159,-0.01575],[109.37076,-0.01628],[109.37084,-0.01703],[109.37054,-0.01748],[109.37024,-0.0177],[109.37009,-0.0174],[109.37031,-0.01718],[109.37016,-0.01688],[109.36971,-0.01665],[109.36949,-0.0162],[109.36949,-0.01583],[109.36979,-0.01575],[109.36986,-0.0153],[109.37031,-0.0153],[109.37054,-0.01515],[109.37031,-0.01448],[109.37001,-0.01455],[109.37001,-0.01493],[109.36964,-0.01515],[109.36919,-0.01523],[109.36919,-0.01575],[109.36866,-0.01575],[109.36836,-0.0156],[109.36821,-0.01605],[109.36784,-0.01635],[109.36731,-0.01643],[109.36731,-0.01793],[109.36716,-0.0183],[109.36679,-0.01853],[109.36619,-0.01845],[109.36566,-0.01815],[109.36506,-0.01815],[109.36484,-0.01853],[109.36379,-0.01845],[109.36334,-0.01823],[109.36304,-0.01853],[109.36229,-0.01845],[109.36116,-0.01845],[109.36094,-0.01868],[109.36011,-0.01868],[109.35966,-0.0189],[109.35861,-0.01883],[109.35794,-0.01905],[109.35726,-0.01898],[109.35719,-0.01913],[109.35651,-0.01913],[109.35614,-0.01868],[109.35644,-0.01838],[109.35636,-0.01808],[109.35584,-0.01808],[109.35554,-0.01755],[109.35584,-0.0174],[109.35584,-0.0171],[109.35524,-0.01703],[109.35471,-0.0174],[109.35441,-0.01808],[109.35449,-0.0186],[109.35434,-0.01868],[109.35464,-0.01935],[109.35464,-0.0198],[109.35441,-0.0201],[109.35396,-0.02033],[109.35314,-0.02033],[109.35269,-0.0204],[109.35224,-0.02018],[109.35179,-0.02018],[109.35104,-0.02078],[109.35096,-0.02093],[109.34953,-0.02085],[109.34893,-0.02123],[109.34848,-0.02123],[109.34826,-0.02138],[109.34758,-0.0213],[109.34683,-0.0213],[109.34578,-0.02145],[109.34503,-0.0213],[109.34413,-0.02093],[109.34353,-0.02048],[109.34331,-0.02048],[109.34293,-0.02018],[109.34263,-0.0201],[109.34218,-0.0198],[109.34203,-0.01935],[109.34121,-0.01898],[109.34106,-0.01875],[109.34061,-0.0189],[109.34061,-0.01913],[109.34106,-0.01958],[109.34166,-0.01973],[109.34166,-0.02018],[109.34188,-0.02018],[109.34218,-0.02048],[109.34256,-0.02055],[109.34353,-0.02138],[109.34428,-0.02153],[109.34458,-0.02175],[109.34518,-0.02175],[109.34548,-0.02198],[109.34638,-0.02198],[109.34646,-0.02213],[109.34646,-0.02295],[109.34616,-0.02295],[109.34616,-0.02423],[109.34593,-0.02445],[109.34593,-0.02573],[109.34623,-0.02648],[109.34646,-0.02685],[109.34668,-0.02693],[109.34683,-0.02745],[109.34728,-0.02775],[109.34728,-0.02858],[109.34743,-0.02918],[109.34773,-0.02955],[109.34773,-0.02985],[109.34818,-0.03023],[109.34833,-0.03098],[109.34856,-0.03113],[109.34856,-0.03143],[109.34878,-0.03188],[109.34908,-0.03218],[109.34923,-0.03285],[109.34946,-0.03293],[109.34953,-0.03338],[109.34976,-0.03368],[109.35036,-0.03405],[109.35044,-0.03465],[109.35089,-0.03518],[109.35089,-0.03555],[109.35104,-0.03593],[109.35134,-0.03623],[109.35134,-0.03645],[109.35179,-0.03675],[109.35179,-0.03698],[109.35224,-0.03758],[109.35269,-0.03795],[109.35276,-0.03848],[109.35306,-0.03863],[109.35329,-0.03893],[109.35344,-0.03938],[109.35404,-0.04005],[109.35434,-0.04028],[109.35479,-0.04043],[109.35516,-0.04088],[109.35524,-0.04118],[109.35576,-0.04178],[109.35599,-0.04185],[109.35629,-0.04238],[109.35659,-0.04253],[109.35674,-0.04298],[109.35704,-0.04313],[109.35936,-0.04545],[109.36004,-0.0456],[109.36019,-0.04598],[109.36056,-0.04613],[109.36079,-0.04658],[109.36116,-0.04673],[109.36124,-0.04695],[109.36169,-0.04695],[109.36161,-0.04733],[109.36214,-0.04793],[109.36259,-0.04815],[109.36274,-0.04853],[109.36319,-0.04883],[109.36334,-0.04935],[109.36409,-0.05018],[109.36469,-0.05063],[109.36514,-0.05146],[109.36536,-0.05153],[109.36566,-0.05213],[109.36589,-0.05221],[109.36589,-0.05258],[109.36619,-0.05288],[109.36634,-0.05348],[109.36664,-0.05363],[109.36716,-0.05416],[109.36739,-0.05468],[109.36784,-0.05513],[109.36829,-0.05573],[109.36859,-0.05663],[109.36889,-0.05716],[109.36902,-0.05765],[109.36949,-0.05828],[109.36949,-0.0583],[109.36953,-0.05836]],[[109.37676,-0.02063],[109.37676,-0.02085],[109.37646,-0.02115],[109.37676,-0.02145],[109.37661,-0.02175],[109.37594,-0.02138],[109.37594,-0.02048],[109.37601,-0.02033],[109.37654,-0.02025],[109.37676,-0.02063]],[[109.36904,-0.0183],[109.36896,-0.0186],[109.36814,-0.01845],[109.36799,-0.018],[109.36821,-0.0177],[109.36851,-0.01793],[109.36889,-0.018],[109.36904,-0.0183]]]},"properties":{"STREAM_ID":1}},{"type":"Feature","geometry":{"type":"Polygon","coordinates":[[[109.37792,-0.03285],[109.37804,-0.03255],[109.37774,-0.03248],[109.37789,-0.03173],[109.37864,-0.03173],[109.37886,-0.0312],[109.37826,-0.03105],[109.37849,-0.0306],[109.37826,-0.03],[109.37849,-0.02993],[109.37954,-0.03],[109.37946,-0.03038],[109.37946,-0.03135],[109.37939,-0.03158],[109.37856,-0.03233],[109.37856,-0.0327],[109.37875,-0.0328],[109.37953,-0.03254],[109.38006,-0.03208],[109.38006,-0.0315],[109.38051,-0.0312],[109.38112,-0.0312],[109.38158,-0.03078],[109.38186,-0.03042],[109.38215,-0.0297],[109.38164,-0.02985],[109.38066,-0.02963],[109.38044,-0.0294],[109.38044,-0.02903],[109.37961,-0.0291],[109.37931,-0.02948],[109.37879,-0.02948],[109.37834,-0.02933],[109.37834,-0.02895],[109.37819,-0.02858],[109.37759,-0.02858],[109.37759,-0.02813],[109.37721,-0.02783],[109.37691,-0.02783],[109.37654,-0.02805],[109.37669,-0.02843],[109.37699,-0.0285],[109.37699,-0.0288],[109.37721,-0.02918],[109.37759,-0.02948],[109.37766,-0.03053],[109.37736,-0.03098],[109.37736,-0.03173],[109.37714,-0.03173],[109.37676,-0.03135],[109.37631,-0.03135],[109.37594,-0.03158],[109.37594,-0.0318],[109.37699,-0.03188],[109.37721,-0.03263],[109.37758,-0.03252],[109.37789,-0.03281],[109.3779,-0.03283],[109.37792,-0.03285]]]},"properties":{"STREAM_ID":1}},{"type":"Feature","geometry":{"type":"Polygon","coordinates":[[[109.34068,-0.01823],[109.34068,-0.0177],[109.34008,-0.01748],[109.33941,-0.0168],[109.33911,-0.01635],[109.33881,-0.01613],[109.33836,-0.0153],[109.33813,-0.0153],[109.33716,-0.01425],[109.33648,-0.01395],[109.33596,-0.01335],[109.33558,-0.0132],[109.33513,-0.01283],[109.33513,-0.0126],[109.33453,-0.012],[109.33453,-0.01155],[109.33408,-0.0111],[109.33378,-0.01065],[109.33303,-0.0102],[109.33266,-0.00975],[109.33221,-0.00945],[109.33131,-0.0084],[109.33063,-0.0078],[109.33033,-0.00735],[109.32943,-0.00683],[109.32891,-0.00645],[109.32876,-0.00615],[109.32786,-0.00548],[109.32771,-0.00518],[109.32726,-0.00473],[109.32666,-0.0045],[109.32621,-0.0039],[109.32583,-0.00383],[109.32568,-0.00345],[109.32538,-0.0033],[109.32516,-0.003],[109.32478,-0.003],[109.32441,-0.00255],[109.32373,-0.00233],[109.32328,-0.00173],[109.32261,-0.00173],[109.32178,-0.0009],[109.32171,-0.00023],[109.32156,0],[109.32096,0],[109.32088,-0.00023],[109.32013,-0.00015],[109.31946,0.00023],[109.31923,0.00023],[109.31871,0.00068],[109.31803,0.00068],[109.31773,0.00105],[109.31728,0.00105],[109.31713,0.00135],[109.31668,0.0015],[109.31608,0.00158],[109.31481,0.0021],[109.31458,0.00233],[109.31391,0.00225],[109.31383,0.00255],[109.31308,0.00263],[109.31293,0.00248],[109.31256,0.00255],[109.31248,0.00278],[109.31188,0.00278],[109.31151,0.00293],[109.31068,0.00375],[109.30993,0.00368],[109.30963,0.0042],[109.30933,0.00428],[109.30903,0.00458],[109.30866,0.00465],[109.30888,0.00495],[109.30888,0.00525],[109.30851,0.00533],[109.30821,0.0051],[109.30798,0.00473],[109.30738,0.00473],[109.30723,0.00495],[109.30686,0.00495],[109.30648,0.00473],[109.30633,0.00495],[109.30581,0.00495],[109.30573,0.00548],[109.30528,0.00548],[109.30521,0.0051],[109.30483,0.0051],[109.30453,0.00563],[109.30416,0.00563],[109.30386,0.00518],[109.30288,0.0051],[109.30138,0.0051],[109.30093,0.00548],[109.30003,0.00548],[109.29965,0.00578],[109.29943,0.00623],[109.2989,0.00623],[109.2983,0.00638],[109.2983,0.00668],[109.29763,0.00705],[109.2974,0.00743],[109.29703,0.0075],[109.2962,0.00788],[109.29605,0.00803],[109.29545,0.00795],[109.29493,0.00833],[109.29463,0.00825],[109.29388,0.00825],[109.2935,0.00848],[109.29335,0.00878],[109.29335,0.00938],[109.29305,0.0096],[109.29268,0.00945],[109.2926,0.0087],[109.2923,0.00848],[109.2917,0.0084],[109.29038,0.0084],[109.28724,0.0059],[109.28694,0.00278],[109.28693,0.00148],[109.28818,0.0015],[109.28863,0.00143],[109.28878,0.00158],[109.28923,0.00158],[109.2896,0.00143],[109.29028,0.00098],[109.29028,0.00045],[109.29043,0.0003],[109.29118,0.0003],[109.2914,0.00023],[109.29155,-0.00023],[109.292,-0.0003],[109.2926,-0.00075],[109.29268,-0.00173],[109.29253,-0.0021],[109.29268,-0.00263],[109.29268,-0.003],[109.29238,-0.00315],[109.29238,-0.00383],[109.29268,-0.00413],[109.2929,-0.00413],[109.29305,-0.00465],[109.29275,-0.0048],[109.29245,-0.00518],[109.29245,-0.00555],[109.29328,-0.0054],[109.29328,-0.00488],[109.29358,-0.00465],[109.29358,-0.00428],[109.29335,-0.00405],[109.29328,-0.00353],[109.2938,-0.00353],[109.29418,-0.00383],[109.2944,-0.00338],[109.2941,-0.0024],[109.2941,-0.00195],[109.29395,-0.0018],[109.29335,-0.0018],[109.2935,-0.00143],[109.29388,-0.00165],[109.29388,-0.00113],[109.29418,-0.00105],[109.29485,-0.00135],[109.29538,-0.0015],[109.2953,-0.00173],[109.29455,-0.00188],[109.29493,-0.00248],[109.29523,-0.00248],[109.29545,-0.00218],[109.29583,-0.0021],[109.2962,-0.00255],[109.29605,-0.00173],[109.29665,-0.0018],[109.29793,-0.0018],[109.29793,-0.00188],[109.29958,-0.00188],[109.30026,-0.0018],[109.30063,-0.00188],[109.30093,-0.00173],[109.30138,-0.00173],[109.30183,-0.00158],[109.30206,-0.00135],[109.30251,-0.0012],[109.30318,-0.0012],[109.30356,-0.0015],[109.30356,-0.0018],[109.30378,-0.00195],[109.30461,-0.00188],[109.30498,-0.00135],[109.30461,-0.00135],[109.30446,-0.00113],[109.30596,-0.00113],[109.30671,-0.00105],[109.30723,-0.00113],[109.30746,-0.00128],[109.30783,-0.00128],[109.30813,-0.0015],[109.30806,-0.00248],[109.30821,-0.00285],[109.30866,-0.0024],[109.30896,-0.0024],[109.30896,-0.00203],[109.30948,-0.00188],[109.30956,-0.00225],[109.30941,-0.00255],[109.30963,-0.00285],[109.30993,-0.00285],[109.31046,-0.00255],[109.31061,-0.00285],[109.31113,-0.003],[109.31128,-0.00263],[109.31113,-0.0024],[109.31113,-0.00195],[109.31158,-0.00195],[109.31196,-0.00218],[109.31248,-0.00218],[109.31338,-0.00248],[109.31376,-0.00278],[109.31406,-0.00278],[109.31466,-0.00315],[109.31481,-0.00315],[109.31563,-0.00353],[109.31661,-0.00405],[109.31721,-0.00428],[109.31751,-0.00465],[109.31751,-0.00495],[109.31788,-0.00518],[109.31811,-0.00548],[109.31908,-0.00555],[109.31931,-0.006],[109.31976,-0.00623],[109.32006,-0.0066],[109.32051,-0.00675],[109.32118,-0.0075],[109.32208,-0.00803],[109.32231,-0.00855],[109.32291,-0.0084],[109.32306,-0.00863],[109.32291,-0.00908],[109.32321,-0.00938],[109.32343,-0.00938],[109.32396,-0.0099],[109.32448,-0.01028],[109.32531,-0.01028],[109.32531,-0.0108],[109.32561,-0.01065],[109.32598,-0.01065],[109.32628,-0.01095],[109.32681,-0.01125],[109.32711,-0.01178],[109.32756,-0.01185],[109.32801,-0.01208],[109.32868,-0.01268],[109.32853,-0.01298],[109.32853,-0.01335],[109.32936,-0.0141],[109.32921,-0.01478],[109.32951,-0.01493],[109.32973,-0.01478],[109.32988,-0.0144],[109.33033,-0.01433],[109.33063,-0.01478],[109.33101,-0.01493],[109.33161,-0.015],[109.33206,-0.01515],[109.33228,-0.01545],[109.33228,-0.01598],[109.33311,-0.01598],[109.33341,-0.01643],[109.33341,-0.01673],[109.33408,-0.01673],[109.33416,-0.01703],[109.33446,-0.01703],[109.33528,-0.01778],[109.33558,-0.0183],[109.33663,-0.01875],[109.33738,-0.01973],[109.33798,-0.0201],[109.33821,-0.0201],[109.33858,-0.0204],[109.33888,-0.02048],[109.33933,-0.02093],[109.33918,-0.0213],[109.33873,-0.02138],[109.33843,-0.02175],[109.33843,-0.02213],[109.33881,-0.02243],[109.33911,-0.02243],[109.33926,-0.0222],[109.33926,-0.02175],[109.34038,-0.0216],[109.34076,-0.02198],[109.34098,-0.02198],[109.34166,-0.02265],[109.34218,-0.02288],[109.34301,-0.02363],[109.34428,-0.0249],[109.34451,-0.02528],[109.34451,-0.02558],[109.34481,-0.02595],[109.34541,-0.027],[109.34556,-0.02753],[109.34586,-0.02783],[109.34601,-0.0285],[109.34646,-0.02948],[109.34646,-0.03],[109.34691,-0.03068],[109.34691,-0.03098],[109.34721,-0.03135],[109.34736,-0.03195],[109.34766,-0.03225],[109.34788,-0.03315],[109.34841,-0.03368],[109.34953,-0.036],[109.34961,-0.03638],[109.34916,-0.03638],[109.34916,-0.0366],[109.34968,-0.0366],[109.35006,-0.03698],[109.35036,-0.03713],[109.35081,-0.03758],[109.35096,-0.03803],[109.35119,-0.03825],[109.35119,-0.039],[109.35171,-0.03915],[109.35186,-0.03953],[109.35291,-0.04058],[109.35291,-0.0408],[109.35366,-0.04125],[109.35374,-0.04178],[109.35404,-0.04193],[109.35479,-0.04268],[109.35554,-0.04335],[109.35576,-0.04373],[109.35644,-0.0444],[109.35651,-0.04478],[109.35674,-0.04478],[109.35741,-0.04523],[109.35764,-0.04553],[109.35831,-0.04605],[109.35906,-0.0468],[109.35944,-0.04703],[109.36026,-0.04793],[109.36034,-0.04838],[109.36109,-0.04875],[109.36146,-0.04905],[109.36139,-0.04943],[109.36214,-0.04973],[109.36266,-0.05041],[109.36319,-0.05093],[109.36416,-0.05206],[109.36401,-0.05266],[109.36416,-0.05296],[109.36476,-0.05341],[109.36544,-0.05416],[109.36536,-0.05453],[109.36499,-0.05476],[109.36521,-0.05513],[109.36521,-0.05543],[109.36581,-0.05536],[109.36596,-0.05558],[109.36641,-0.05588],[109.36664,-0.05633],[109.36664,-0.05671],[109.36686,-0.05693],[109.36701,-0.05776],[109.36649,-0.05821],[109.36619,-0.05836],[109.36619,-0.05866],[109.36649,-0.05873],[109.36664,-0.05903],[109.36709,-0.05888],[109.36709,-0.05851],[109.36724,-0.05798],[109.36746,-0.05791],[109.36776,-0.05813],[109.36835,-0.05822],[109.36859,-0.05798],[109.36836,-0.05723],[109.36799,-0.05708],[109.36769,-0.05678],[109.36769,-0.05656],[109.36724,-0.05603],[109.36716,-0.05573],[109.36626,-0.05498],[109.36619,-0.05438],[109.36589,-0.05348],[109.36536,-0.05303],[109.36506,-0.05288],[109.36499,-0.05228],[109.36469,-0.05168],[109.36409,-0.05108],[109.36349,-0.05026],[109.36274,-0.04965],[109.36274,-0.04943],[109.36229,-0.04928],[109.36199,-0.04853],[109.36094,-0.04785],[109.36064,-0.04755],[109.36056,-0.04725],[109.36004,-0.04688],[109.35959,-0.04628],[109.35876,-0.04553],[109.35839,-0.04538],[109.35839,-0.04515],[109.35786,-0.04485],[109.35479,-0.04178],[109.35434,-0.04118],[109.35434,-0.04095],[109.35359,-0.04035],[109.35359,-0.04013],[109.35329,-0.03975],[109.35284,-0.03953],[109.35216,-0.03885],[109.35156,-0.03788],[109.35149,-0.03743],[109.35126,-0.03713],[109.35096,-0.03698],[109.35066,-0.03653],[109.35044,-0.03645],[109.35036,-0.03593],[109.35014,-0.03578],[109.34953,-0.03473],[109.34938,-0.03413],[109.34908,-0.03383],[109.34908,-0.03338],[109.34856,-0.03263],[109.34833,-0.03255],[109.34818,-0.03195],[109.34773,-0.03143],[109.34766,-0.03083],[109.34736,-0.03053],[109.34736,-0.03023],[109.34683,-0.02963],[109.34683,-0.02873],[109.34653,-0.02828],[109.34638,-0.02745],[109.34593,-0.02715],[109.34593,-0.02693],[109.34563,-0.02655],[109.34556,-0.02603],[109.34533,-0.02588],[109.34518,-0.02535],[109.34473,-0.02483],[109.34466,-0.02445],[109.34443,-0.02438],[109.34428,-0.02393],[109.34376,-0.02363],[109.34368,-0.02333],[109.34308,-0.02288],[109.34278,-0.02243],[109.34188,-0.02175],[109.34136,-0.02145],[109.34128,-0.02108],[109.34053,-0.02108],[109.34038,-0.02078],[109.33993,-0.02063],[109.33933,-0.02003],[109.33836,-0.01958],[109.33806,-0.01913],[109.33768,-0.01905],[109.33723,-0.01868],[109.33723,-0.01845],[109.33678,-0.01808],[109.33678,-0.01793],[109.33603,-0.01785],[109.33573,-0.01733],[109.33543,-0.01718],[109.33528,-0.01673],[109.33498,-0.01665],[109.33453,-0.01613],[109.33423,-0.01613],[109.33416,-0.01583],[109.33326,-0.01508],[109.33258,-0.01463],[109.33198,-0.01448],[109.33153,-0.01448],[109.33138,-0.01403],[109.33086,-0.01365],[109.32973,-0.01365],[109.32966,-0.01343],[109.32928,-0.01313],[109.32928,-0.01223],[109.32868,-0.01178],[109.32838,-0.01178],[109.32793,-0.01133],[109.32748,-0.01118],[109.32718,-0.01073],[109.32598,-0.01005],[109.32598,-0.00975],[109.32546,-0.00938],[109.32433,-0.00938],[109.32418,-0.00893],[109.32366,-0.00893],[109.32358,-0.00825],[109.32328,-0.00795],[109.32268,-0.00795],[109.32268,-0.00773],[109.32223,-0.00743],[109.32178,-0.00698],[109.32126,-0.00668],[109.32126,-0.00645],[109.32058,-0.00608],[109.32028,-0.00563],[109.31976,-0.00555],[109.31976,-0.00533],[109.31938,-0.00495],[109.31878,-0.00495],[109.31833,-0.00473],[109.31803,-0.00443],[109.31803,-0.00413],[109.31698,-0.00368],[109.31683,-0.00345],[109.31653,-0.00345],[109.31616,-0.00323],[109.31488,-0.00263],[109.31413,-0.00233],[109.31398,-0.00203],[109.31316,-0.00188],[109.31308,-0.00165],[109.31226,-0.00165],[109.31203,-0.00143],[109.31136,-0.00128],[109.31053,-0.00128],[109.31016,-0.00105],[109.30888,-0.00105],[109.30866,-0.00083],[109.30783,-0.00075],[109.30753,-0.00053],[109.30678,-0.00045],[109.30588,-0.00053],[109.30408,-0.00053],[109.30408,-0.00068],[109.30318,-0.00075],[109.30176,-0.00075],[109.30153,-0.00098],[109.30086,-0.00128],[109.29973,-0.00135],[109.29725,-0.00135],[109.29643,-0.00128],[109.29643,-0.00113],[109.29545,-0.00098],[109.29545,-0.00083],[109.2947,-0.00075],[109.29448,-0.00045],[109.29343,-0.00045],[109.29305,-0.00038],[109.29298,-0.00015],[109.29253,0],[109.31863,0],[109.31893,-0.00038],[109.32006,-0.00075],[109.32118,-0.00075],[109.32133,-0.00098],[109.32133,-0.00135],[109.32186,-0.00173],[109.32193,-0.00203],[109.32223,-0.00218],[109.32276,-0.00218],[109.32306,-0.00233],[109.32343,-0.00293],[109.32396,-0.00308],[109.32403,-0.00338],[109.32486,-0.00375],[109.32523,-0.00383],[109.32523,-0.00428],[109.32583,-0.00443],[109.32613,-0.00473],[109.32613,-0.00495],[109.32658,-0.00503],[109.32696,-0.00525],[109.32703,-0.00578],[109.32763,-0.00615],[109.32793,-0.00623],[109.32823,-0.00668],[109.32883,-0.00705],[109.32883,-0.00728],[109.32928,-0.00735],[109.32958,-0.00758],[109.33108,-0.00908],[109.33123,-0.00938],[109.33168,-0.00953],[109.33198,-0.00975],[109.33206,-0.01028],[109.33251,-0.01028],[109.33251,-0.01058],[109.33296,-0.01088],[109.33318,-0.01088],[109.33363,-0.01133],[109.33363,-0.01163],[109.33416,-0.01193],[109.33416,-0.01245],[109.33476,-0.01298],[109.33476,-0.01335],[109.33498,-0.01358],[109.33528,-0.01358],[109.33626,-0.01433],[109.33633,-0.01478],[109.33693,-0.01493],[109.33716,-0.01523],[109.33806,-0.01575],[109.33813,-0.01628],[109.33896,-0.01748],[109.33948,-0.01763],[109.33956,-0.01793],[109.33986,-0.01808],[109.34053,-0.01808],[109.34068,-0.01823]],[[109.29845,0.0045],[109.29853,0.00398],[109.29815,0.0039],[109.29785,0.0045],[109.29785,0.00488],[109.29755,0.0048],[109.29755,0.00443],[109.29718,0.00435],[109.29725,0.00495],[109.29748,0.00525],[109.29793,0.0051],[109.29838,0.0048],[109.29845,0.0045]]]},"properties":{"STREAM_ID":1}},{"type":"Feature","geometry":{"type":"Polygon","coordinates":[[[109.37792,-0.03285],[109.37804,-0.03255],[109.37774,-0.03248],[109.37789,-0.03173],[109.37864,-0.03173],[109.37886,-0.0312],[109.37826,-0.03105],[109.37849,-0.0306],[109.37826,-0.03],[109.37849,-0.02993],[109.37954,-0.03],[109.37946,-0.03038],[109.37946,-0.03135],[109.37939,-0.03158],[109.37856,-0.03233],[109.37856,-0.0327],[109.37875,-0.0328],[109.37953,-0.03254],[109.38006,-0.03208],[109.38006,-0.0315],[109.38051,-0.0312],[109.38112,-0.0312],[109.38158,-0.03078],[109.38186,-0.03042],[109.38215,-0.0297],[109.38164,-0.02985],[109.38066,-0.02963],[109.38044,-0.0294],[109.38044,-0.02903],[109.37961,-0.0291],[109.37931,-0.02948],[109.37879,-0.02948],[109.37834,-0.02933],[109.37834,-0.02895],[109.37819,-0.02858],[109.37759,-0.02858],[109.37759,-0.02813],[109.37721,-0.02783],[109.37691,-0.02783],[109.37654,-0.02805],[109.37669,-0.02843],[109.37699,-0.0285],[109.37699,-0.0288],[109.37721,-0.02918],[109.37759,-0.02948],[109.37766,-0.03053],[109.37736,-0.03098],[109.37736,-0.03173],[109.37714,-0.03173],[109.37676,-0.03135],[109.37631,-0.03135],[109.37594,-0.03158],[109.37594,-0.0318],[109.37699,-0.03188],[109.37721,-0.03263],[109.37758,-0.03252],[109.37789,-0.03281],[109.37792,-0.03285]]]},"properties":{"STREAM_ID":1}},{"type":"Feature","geometry":{"type":"Polygon","coordinates":[[[109.37054,-0.05948],[109.37084,-0.05963],[109.37136,-0.06053],[109.37166,-0.06053],[109.37196,-0.06098],[109.37219,-0.06098],[109.37226,-0.06136],[109.37249,-0.06143],[109.37249,-0.06226],[109.37264,-0.06248],[109.37306,-0.06263],[109.37354,-0.06218],[109.37324,-0.06181],[109.37294,-0.06173],[109.37294,-0.06106],[109.37264,-0.06046],[109.37286,-0.06031],[109.37286,-0.05978],[109.37309,-0.05956],[109.37339,-0.05963],[109.37339,-0.05993],[109.37369,-0.05993],[109.37421,-0.05956],[109.37421,-0.05918],[109.37384,-0.05911],[109.37361,-0.05933],[109.37331,-0.05933],[109.37256,-0.05963],[109.37241,-0.05986],[109.37264,-0.06023],[109.37241,-0.06046],[109.37211,-0.06016],[109.37204,-0.05986],[109.37159,-0.05941],[109.37151,-0.05903],[109.37121,-0.05896],[109.37099,-0.05918],[109.37054,-0.05918],[109.37054,-0.05948]]]},"properties":{"STREAM_ID":1}},{"type":"Feature","geometry":{"type":"Polygon","coordinates":[[[109.28691,0.00015],[109.28695,0.00045],[109.28691,0.00018],[109.28691,0.00015]]]},"properties":{"STREAM_ID":1}},{"type":"Feature","geometry":{"type":"Polygon","coordinates":[[[109.36604,0.02298],[109.36596,0.02265],[109.36559,0.0225],[109.36529,0.02213],[109.36529,0.02175],[109.36559,0.0216],[109.36589,0.02123],[109.36664,0.02078],[109.36686,0.0204],[109.36709,0.0204],[109.36701,0.01988],[109.36739,0.01973],[109.36769,0.01995],[109.36791,0.01965],[109.36791,0.01808],[109.36851,0.018],[109.36851,0.01763],[109.36829,0.01748],[109.36836,0.0168],[109.36784,0.01658],[109.36754,0.0159],[109.36791,0.0159],[109.36821,0.01545],[109.36821,0.015],[109.36799,0.01478],[109.36799,0.01433],[109.36836,0.01448],[109.36896,0.01448],[109.36911,0.01485],[109.36949,0.01508],[109.36949,0.01545],[109.36919,0.01568],[109.36919,0.01598],[109.36859,0.0162],[109.36881,0.01665],[109.36926,0.01688],[109.36926,0.0171],[109.36979,0.01725],[109.37074,0.01725],[109.37072,0.01821],[109.37052,0.01875],[109.3708,0.01917],[109.37104,0.021],[109.37031,0.02138],[109.37031,0.02085],[109.36979,0.02078],[109.36941,0.0213],[109.36949,0.02168],[109.36934,0.0221],[109.36814,0.02244],[109.36651,0.02286],[109.36604,0.02298]],[[109.36851,0.02108],[109.36859,0.02078],[109.36821,0.02063],[109.36799,0.02123],[109.36799,0.0216],[109.36844,0.02168],[109.36851,0.02108]]]},"properties":{"STREAM_ID":1}},{"type":"Feature","geometry":{"type":"Polygon","coordinates":[[[109.37054,-0.05948],[109.37084,-0.05963],[109.37136,-0.06053],[109.37166,-0.06053],[109.37196,-0.06098],[109.37219,-0.06098],[109.37226,-0.06136],[109.37249,-0.06143],[109.37249,-0.06226],[109.37264,-0.06248],[109.37306,-0.06263],[109.37354,-0.06218],[109.37324,-0.06181],[109.37294,-0.06173],[109.37294,-0.06106],[109.37264,-0.06046],[109.37286,-0.06031],[109.37286,-0.05978],[109.37309,-0.05956],[109.37339,-0.05963],[109.37339,-0.05993],[109.37369,-0.05993],[109.37421,-0.05956],[109.37421,-0.05918],[109.37384,-0.05911],[109.37361,-0.05933],[109.37331,-0.05933],[109.37256,-0.05963],[109.37241,-0.05986],[109.37264,-0.06023],[109.37241,-0.06046],[109.37211,-0.06016],[109.37204,-0.05986],[109.37159,-0.05941],[109.37151,-0.05903],[109.37121,-0.05896],[109.37099,-0.05918],[109.37054,-0.05918],[109.37054,-0.05948]]]},"properties":{"STREAM_ID":1}},{"type":"Feature","geometry":{"type":"Polygon","coordinates":[[[109.36953,-0.05836],[109.36979,-0.05858],[109.37024,-0.05873],[109.37046,-0.05821],[109.36956,-0.05761],[109.36941,-0.05738],[109.36941,-0.05678],[109.36926,-0.05671],[109.36889,-0.05603],[109.36889,-0.05573],[109.36844,-0.05476],[109.36859,-0.05446],[109.36814,-0.05408],[109.36776,-0.05393],[109.36686,-0.05303],[109.36656,-0.05221],[109.36604,-0.05168],[109.36566,-0.05101],[109.36514,-0.05026],[109.36416,-0.04928],[109.36379,-0.04898],[109.36326,-0.04823],[109.36319,-0.04793],[109.36274,-0.04748],[109.36221,-0.04718],[109.36191,-0.0465],[109.36146,-0.04613],[109.36139,-0.04583],[109.36086,-0.0456],[109.36041,-0.04515],[109.36049,-0.0447],[109.36004,-0.04463],[109.35959,-0.0447],[109.35936,-0.04425],[109.35884,-0.04403],[109.35854,-0.0435],[109.35734,-0.0426],[109.35689,-0.04215],[109.35636,-0.04148],[109.35599,-0.0411],[109.35584,-0.04073],[109.35501,-0.03983],[109.35419,-0.0393],[109.35419,-0.03915],[109.35321,-0.03803],[109.35299,-0.03728],[109.35261,-0.03705],[109.35194,-0.03615],[109.35141,-0.03525],[109.35111,-0.03443],[109.35036,-0.0333],[109.35006,-0.03315],[109.34953,-0.03188],[109.34938,-0.0318],[109.34908,-0.0312],[109.34908,-0.03098],[109.34878,-0.03053],[109.34878,-0.03023],[109.34803,-0.0288],[109.34766,-0.02783],[109.34781,-0.02753],[109.34706,-0.02678],[109.34676,-0.02633],[109.34638,-0.02558],[109.34631,-0.02498],[109.34661,-0.02453],[109.34661,-0.02355],[109.34691,-0.02333],[109.34908,-0.02333],[109.34961,-0.0231],[109.35006,-0.0231],[109.35066,-0.02295],[109.35134,-0.02295],[109.35201,-0.02258],[109.35306,-0.02258],[109.35336,-0.02235],[109.35389,-0.02235],[109.35411,-0.02205],[109.35471,-0.02205],[109.35494,-0.0219],[109.35576,-0.02198],[109.35629,-0.0216],[109.35666,-0.0216],[109.35696,-0.02205],[109.35696,-0.0225],[109.35749,-0.0225],[109.35711,-0.02205],[109.35726,-0.02175],[109.35779,-0.02168],[109.35884,-0.02175],[109.35884,-0.02213],[109.35929,-0.02205],[109.35936,-0.0216],[109.36019,-0.02078],[109.36086,-0.0207],[109.36109,-0.02085],[109.36109,-0.02138],[109.36154,-0.02168],[109.36154,-0.0213],[109.36191,-0.02115],[109.36236,-0.02115],[109.36281,-0.0213],[109.36289,-0.021],[109.36529,-0.021],[109.36589,-0.0213],[109.36656,-0.0213],[109.36686,-0.02153],[109.36686,-0.02235],[109.36701,-0.02273],[109.36746,-0.0222],[109.36746,-0.02145],[109.36799,-0.02145],[109.36859,-0.0213],[109.36881,-0.02168],[109.36926,-0.02168],[109.36971,-0.0219],[109.37054,-0.0219],[109.37114,-0.02205],[109.37151,-0.02228],[109.37151,-0.02258],[109.37226,-0.02258],[109.37264,-0.02288],[109.37316,-0.02303],[109.37406,-0.02355],[109.37564,-0.02408],[109.37601,-0.02408],[109.37631,-0.0243],[109.37646,-0.0246],[109.37691,-0.02483],[109.37729,-0.02483],[109.37751,-0.02505],[109.37819,-0.02498],[109.37849,-0.02528],[109.37924,-0.02528],[109.37984,-0.02543],[109.38044,-0.02543],[109.38141,-0.02573],[109.38209,-0.02573],[109.38224,-0.02595],[109.38231,-0.02655],[109.38194,-0.02693],[109.38201,-0.0273],[109.38239,-0.0273],[109.38254,-0.02678],[109.38293,-0.0264],[109.38315,-0.0251],[109.37956,-0.0244],[109.37607,-0.0231],[109.37678,-0.02196],[109.37701,-0.02102],[109.37699,-0.0197],[109.37741,-0.0187],[109.37793,-0.01786],[109.37803,-0.01694],[109.37813,-0.01657],[109.37878,-0.01613],[109.37882,-0.01594],[109.37837,-0.01553],[109.37763,-0.01539],[109.37755,-0.01521],[109.37796,-0.01489],[109.37858,-0.01462],[109.37896,-0.01408],[109.37894,-0.01352],[109.37834,-0.01351],[109.37826,-0.01425],[109.37766,-0.0144],[109.37736,-0.01485],[109.37729,-0.01553],[109.37796,-0.0156],[109.37826,-0.01605],[109.37766,-0.01673],[109.37774,-0.01763],[109.37721,-0.01853],[109.37676,-0.0189],[109.37669,-0.01943],[109.37601,-0.0192],[109.37601,-0.01875],[109.37669,-0.01785],[109.37654,-0.0174],[109.37661,-0.01688],[109.37624,-0.0165],[109.37586,-0.01628],[109.37594,-0.01695],[109.37556,-0.01733],[109.37541,-0.01793],[109.37556,-0.0183],[109.37534,-0.01853],[109.37541,-0.01928],[109.37511,-0.0195],[109.37489,-0.02003],[109.37451,-0.0201],[109.37481,-0.02055],[109.37526,-0.02055],[109.37534,-0.02085],[109.37496,-0.02085],[109.37444,-0.02063],[109.37421,-0.0204],[109.37331,-0.0204],[109.37301,-0.02018],[109.37294,-0.01988],[109.37256,-0.01943],[109.37264,-0.01905],[109.37294,-0.01875],[109.37294,-0.01808],[109.37256,-0.0183],[109.37226,-0.01875],[109.37219,-0.01913],[109.37189,-0.01943],[109.37174,-0.01905],[109.37174,-0.0186],[109.37189,-0.01838],[109.37136,-0.0183],[109.37144,-0.0177],[109.37204,-0.01778],[109.37219,-0.01763],[109.37219,-0.01695],[109.37241,-0.01665],[109.37279,-0.01665],[109.37286,-0.01643],[109.37346,-0.0165],[109.37361,-0.01688],[109.37354,-0.01718],[109.37316,-0.01718],[109.37301,-0.0174],[109.37384,-0.018],[109.37429,-0.01793],[109.37421,-0.01748],[109.37429,-0.01695],[109.37391,-0.0168],[109.37399,-0.01635],[109.37421,-0.01635],[109.37444,-0.01688],[109.37466,-0.01688],[109.37496,-0.0162],[109.37496,-0.01583],[109.37451,-0.0156],[109.37414,-0.01568],[109.37361,-0.01605],[109.37331,-0.01605],[109.37301,-0.01575],[109.37226,-0.01605],[109.37226,-0.01665],[109.37174,-0.01673],[109.37159,-0.0165],[109.37211,-0.01613],[109.37196,-0.01575],[109.37159,-0.01575],[109.37076,-0.01628],[109.37084,-0.01703],[109.37054,-0.01748],[109.37024,-0.0177],[109.37009,-0.0174],[109.37031,-0.01718],[109.37016,-0.01688],[109.36971,-0.01665],[109.36949,-0.0162],[109.36949,-0.01583],[109.36979,-0.01575],[109.36986,-0.0153],[109.37031,-0.0153],[109.37054,-0.01515],[109.37031,-0.01448],[109.37001,-0.01455],[109.37001,-0.01493],[109.36964,-0.01515],[109.36919,-0.01523],[109.36919,-0.01575],[109.36866,-0.01575],[109.36836,-0.0156],[109.36821,-0.01605],[109.36784,-0.01635],[109.36731,-0.01643],[109.36731,-0.01793],[109.36716,-0.0183],[109.36679,-0.01853],[109.36619,-0.01845],[109.36566,-0.01815],[109.36506,-0.01815],[109.36484,-0.01853],[109.36379,-0.01845],[109.36334,-0.01823],[109.36304,-0.01853],[109.36229,-0.01845],[109.36116,-0.01845],[109.36094,-0.01868],[109.36011,-0.01868],[109.35966,-0.0189],[109.35861,-0.01883],[109.35794,-0.01905],[109.35726,-0.01898],[109.35719,-0.01913],[109.35651,-0.01913],[109.35614,-0.01868],[109.35644,-0.01838],[109.35636,-0.01808],[109.35584,-0.01808],[109.35554,-0.01755],[109.35584,-0.0174],[109.35584,-0.0171],[109.35524,-0.01703],[109.35471,-0.0174],[109.35441,-0.01808],[109.35449,-0.0186],[109.35434,-0.01868],[109.35464,-0.01935],[109.35464,-0.0198],[109.35441,-0.0201],[109.35396,-0.02033],[109.35314,-0.02033],[109.35269,-0.0204],[109.35224,-0.02018],[109.35179,-0.02018],[109.35104,-0.02078],[109.35096,-0.02093],[109.34953,-0.02085],[109.34893,-0.02123],[109.34848,-0.02123],[109.34826,-0.02138],[109.34758,-0.0213],[109.34683,-0.0213],[109.34578,-0.02145],[109.34503,-0.0213],[109.34413,-0.02093],[109.34353,-0.02048],[109.34331,-0.02048],[109.34293,-0.02018],[109.34263,-0.0201],[109.34218,-0.0198],[109.34203,-0.01935],[109.34121,-0.01898],[109.34106,-0.01875],[109.34061,-0.0189],[109.34061,-0.01913],[109.34106,-0.01958],[109.34166,-0.01973],[109.34166,-0.02018],[109.34188,-0.02018],[109.34218,-0.02048],[109.34256,-0.02055],[109.34353,-0.02138],[109.34428,-0.02153],[109.34458,-0.02175],[109.34518,-0.02175],[109.34548,-0.02198],[109.34638,-0.02198],[109.34646,-0.02213],[109.34646,-0.02295],[109.34616,-0.02295],[109.34616,-0.02423],[109.34593,-0.02445],[109.34593,-0.02573],[109.34623,-0.02648],[109.34646,-0.02685],[109.34668,-0.02693],[109.34683,-0.02745],[109.34728,-0.02775],[109.34728,-0.02858],[109.34743,-0.02918],[109.34773,-0.02955],[109.34773,-0.02985],[109.34818,-0.03023],[109.34833,-0.03098],[109.34856,-0.03113],[109.34856,-0.03143],[109.34878,-0.03188],[109.34908,-0.03218],[109.34923,-0.03285],[109.34946,-0.03293],[109.34953,-0.03338],[109.34976,-0.03368],[109.35036,-0.03405],[109.35044,-0.03465],[109.35089,-0.03518],[109.35089,-0.03555],[109.35104,-0.03593],[109.35134,-0.03623],[109.35134,-0.03645],[109.35179,-0.03675],[109.35179,-0.03698],[109.35224,-0.03758],[109.35269,-0.03795],[109.35276,-0.03848],[109.35306,-0.03863],[109.35329,-0.03893],[109.35344,-0.03938],[109.35404,-0.04005],[109.35434,-0.04028],[109.35479,-0.04043],[109.35516,-0.04088],[109.35524,-0.04118],[109.35576,-0.04178],[109.35599,-0.04185],[109.35629,-0.04238],[109.35659,-0.04253],[109.35674,-0.04298],[109.35704,-0.04313],[109.35936,-0.04545],[109.36004,-0.0456],[109.36019,-0.04598],[109.36056,-0.04613],[109.36079,-0.04658],[109.36116,-0.04673],[109.36124,-0.04695],[109.36169,-0.04695],[109.36161,-0.04733],[109.36214,-0.04793],[109.36259,-0.04815],[109.36274,-0.04853],[109.36319,-0.04883],[109.36334,-0.04935],[109.36409,-0.05018],[109.36469,-0.05063],[109.36514,-0.05146],[109.36536,-0.05153],[109.36566,-0.05213],[109.36589,-0.05221],[109.36589,-0.05258],[109.36619,-0.05288],[109.36634,-0.05348],[109.36664,-0.05363],[109.36716,-0.05416],[109.36739,-0.05468],[109.36784,-0.05513],[109.36829,-0.05573],[109.36859,-0.05663],[109.36889,-0.05716],[109.36902,-0.05765],[109.36949,-0.05828],[109.36949,-0.0583],[109.36953,-0.05836]],[[109.37676,-0.02063],[109.37676,-0.02085],[109.37646,-0.02115],[109.37676,-0.02145],[109.37661,-0.02175],[109.37594,-0.02138],[109.37594,-0.02048],[109.37601,-0.02033],[109.37654,-0.02025],[109.37676,-0.02063]],[[109.36904,-0.0183],[109.36896,-0.0186],[109.36814,-0.01845],[109.36799,-0.018],[109.36821,-0.0177],[109.36851,-0.01793],[109.36889,-0.018],[109.36904,-0.0183]]]},"properties":{"STREAM_ID":1}},{"type":"Feature","geometry":{"type":"Polygon","coordinates":[[[109.34068,-0.01823],[109.34068,-0.0177],[109.34008,-0.01748],[109.33941,-0.0168],[109.33911,-0.01635],[109.33881,-0.01613],[109.33836,-0.0153],[109.33813,-0.0153],[109.33716,-0.01425],[109.33648,-0.01395],[109.33596,-0.01335],[109.33558,-0.0132],[109.33513,-0.01283],[109.33513,-0.0126],[109.33453,-0.012],[109.33453,-0.01155],[109.33408,-0.0111],[109.33378,-0.01065],[109.33303,-0.0102],[109.33266,-0.00975],[109.33221,-0.00945],[109.33131,-0.0084],[109.33063,-0.0078],[109.33033,-0.00735],[109.32943,-0.00683],[109.32891,-0.00645],[109.32876,-0.00615],[109.32786,-0.00548],[109.32771,-0.00518],[109.32726,-0.00473],[109.32666,-0.0045],[109.32621,-0.0039],[109.32583,-0.00383],[109.32568,-0.00345],[109.32538,-0.0033],[109.32516,-0.003],[109.32478,-0.003],[109.32441,-0.00255],[109.32373,-0.00233],[109.32328,-0.00173],[109.32261,-0.00173],[109.32178,-0.0009],[109.32171,-0.00023],[109.32156,0],[109.32096,0],[109.32088,-0.00023],[109.32013,-0.00015],[109.31946,0.00023],[109.31923,0.00023],[109.31871,0.00068],[109.31803,0.00068],[109.31773,0.00105],[109.31728,0.00105],[109.31713,0.00135],[109.31668,0.0015],[109.31608,0.00158],[109.31481,0.0021],[109.31458,0.00233],[109.31391,0.00225],[109.31383,0.00255],[109.31308,0.00263],[109.31293,0.00248],[109.31256,0.00255],[109.31248,0.00278],[109.31188,0.00278],[109.31151,0.00293],[109.31068,0.00375],[109.30993,0.00368],[109.30963,0.0042],[109.30933,0.00428],[109.30903,0.00458],[109.30866,0.00465],[109.30888,0.00495],[109.30888,0.00525],[109.30851,0.00533],[109.30821,0.0051],[109.30798,0.00473],[109.30738,0.00473],[109.30723,0.00495],[109.30686,0.00495],[109.30648,0.00473],[109.30633,0.00495],[109.30581,0.00495],[109.30573,0.00548],[109.30528,0.00548],[109.30521,0.0051],[109.30483,0.0051],[109.30453,0.00563],[109.30416,0.00563],[109.30386,0.00518],[109.30288,0.0051],[109.30138,0.0051],[109.30093,0.00548],[109.30003,0.00548],[109.29965,0.00578],[109.29943,0.00623],[109.2989,0.00623],[109.2983,0.00638],[109.2983,0.00668],[109.29763,0.00705],[109.2974,0.00743],[109.29703,0.0075],[109.2962,0.00788],[109.29605,0.00803],[109.29545,0.00795],[109.29493,0.00833],[109.29463,0.00825],[109.29388,0.00825],[109.2935,0.00848],[109.29335,0.00878],[109.29335,0.00938],[109.29305,0.0096],[109.29268,0.00945],[109.2926,0.0087],[109.2923,0.00848],[109.2917,0.0084],[109.29038,0.0084],[109.28724,0.0059],[109.28694,0.00278],[109.28693,0.00148],[109.28818,0.0015],[109.28863,0.00143],[109.28878,0.00158],[109.28923,0.00158],[109.2896,0.00143],[109.29028,0.00098],[109.29028,0.00045],[109.29043,0.0003],[109.29118,0.0003],[109.2914,0.00023],[109.29155,-0.00023],[109.292,-0.0003],[109.2926,-0.00075],[109.29268,-0.00173],[109.29253,-0.0021],[109.29268,-0.00263],[109.29268,-0.003],[109.29238,-0.00315],[109.29238,-0.00383],[109.29268,-0.00413],[109.2929,-0.00413],[109.29305,-0.00465],[109.29275,-0.0048],[109.29245,-0.00518],[109.29245,-0.00555],[109.29328,-0.0054],[109.29328,-0.00488],[109.29358,-0.00465],[109.29358,-0.00428],[109.29335,-0.00405],[109.29328,-0.00353],[109.2938,-0.00353],[109.29418,-0.00383],[109.2944,-0.00338],[109.2941,-0.0024],[109.2941,-0.00195],[109.29395,-0.0018],[109.29335,-0.0018],[109.2935,-0.00143],[109.29388,-0.00165],[109.29388,-0.00113],[109.29418,-0.00105],[109.29485,-0.00135],[109.29538,-0.0015],[109.2953,-0.00173],[109.29455,-0.00188],[109.29493,-0.00248],[109.29523,-0.00248],[109.29545,-0.00218],[109.29583,-0.0021],[109.2962,-0.00255],[109.29605,-0.00173],[109.29665,-0.0018],[109.29793,-0.0018],[109.29793,-0.00188],[109.29958,-0.00188],[109.30026,-0.0018],[109.30063,-0.00188],[109.30093,-0.00173],[109.30138,-0.00173],[109.30183,-0.00158],[109.30206,-0.00135],[109.30251,-0.0012],[109.30318,-0.0012],[109.30356,-0.0015],[109.30356,-0.0018],[109.30378,-0.00195],[109.30461,-0.00188],[109.30498,-0.00135],[109.30461,-0.00135],[109.30446,-0.00113],[109.30596,-0.00113],[109.30671,-0.00105],[109.30723,-0.00113],[109.30746,-0.00128],[109.30783,-0.00128],[109.30813,-0.0015],[109.30806,-0.00248],[109.30821,-0.00285],[109.30866,-0.0024],[109.30896,-0.0024],[109.30896,-0.00203],[109.30948,-0.00188],[109.30956,-0.00225],[109.30941,-0.00255],[109.30963,-0.00285],[109.30993,-0.00285],[109.31046,-0.00255],[109.31061,-0.00285],[109.31113,-0.003],[109.31128,-0.00263],[109.31113,-0.0024],[109.31113,-0.00195],[109.31158,-0.00195],[109.31196,-0.00218],[109.31248,-0.00218],[109.31338,-0.00248],[109.31376,-0.00278],[109.31406,-0.00278],[109.31466,-0.00315],[109.31481,-0.00315],[109.31563,-0.00353],[109.31661,-0.00405],[109.31721,-0.00428],[109.31751,-0.00465],[109.31751,-0.00495],[109.31788,-0.00518],[109.31811,-0.00548],[109.31908,-0.00555],[109.31931,-0.006],[109.31976,-0.00623],[109.32006,-0.0066],[109.32051,-0.00675],[109.32118,-0.0075],[109.32208,-0.00803],[109.32231,-0.00855],[109.32291,-0.0084],[109.32306,-0.00863],[109.32291,-0.00908],[109.32321,-0.00938],[109.32343,-0.00938],[109.32396,-0.0099],[109.32448,-0.01028],[109.32531,-0.01028],[109.32531,-0.0108],[109.32561,-0.01065],[109.32598,-0.01065],[109.32628,-0.01095],[109.32681,-0.01125],[109.32711,-0.01178],[109.32756,-0.01185],[109.32801,-0.01208],[109.32868,-0.01268],[109.32853,-0.01298],[109.32853,-0.01335],[109.32936,-0.0141],[109.32921,-0.01478],[109.32951,-0.01493],[109.32973,-0.01478],[109.32988,-0.0144],[109.33033,-0.01433],[109.33063,-0.01478],[109.33101,-0.01493],[109.33161,-0.015],[109.33206,-0.01515],[109.33228,-0.01545],[109.33228,-0.01598],[109.33311,-0.01598],[109.33341,-0.01643],[109.33341,-0.01673],[109.33408,-0.01673],[109.33416,-0.01703],[109.33446,-0.01703],[109.33528,-0.01778],[109.33558,-0.0183],[109.33663,-0.01875],[109.33738,-0.01973],[109.33798,-0.0201],[109.33821,-0.0201],[109.33858,-0.0204],[109.33888,-0.02048],[109.33933,-0.02093],[109.33918,-0.0213],[109.33873,-0.02138],[109.33843,-0.02175],[109.33843,-0.02213],[109.33881,-0.02243],[109.33911,-0.02243],[109.33926,-0.0222],[109.33926,-0.02175],[109.34038,-0.0216],[109.34076,-0.02198],[109.34098,-0.02198],[109.34166,-0.02265],[109.34218,-0.02288],[109.34301,-0.02363],[109.34428,-0.0249],[109.34451,-0.02528],[109.34451,-0.02558],[109.34481,-0.02595],[109.34541,-0.027],[109.34556,-0.02753],[109.34586,-0.02783],[109.34601,-0.0285],[109.34646,-0.02948],[109.34646,-0.03],[109.34691,-0.03068],[109.34691,-0.03098],[109.34721,-0.03135],[109.34736,-0.03195],[109.34766,-0.03225],[109.34788,-0.03315],[109.34841,-0.03368],[109.34953,-0.036],[109.34961,-0.03638],[109.34916,-0.03638],[109.34916,-0.0366],[109.34968,-0.0366],[109.35006,-0.03698],[109.35036,-0.03713],[109.35081,-0.03758],[109.35096,-0.03803],[109.35119,-0.03825],[109.35119,-0.039],[109.35171,-0.03915],[109.35186,-0.03953],[109.35291,-0.04058],[109.35291,-0.0408],[109.35366,-0.04125],[109.35374,-0.04178],[109.35404,-0.04193],[109.35479,-0.04268],[109.35554,-0.04335],[109.35576,-0.04373],[109.35644,-0.0444],[109.35651,-0.04478],[109.35674,-0.04478],[109.35741,-0.04523],[109.35764,-0.04553],[109.35831,-0.04605],[109.35906,-0.0468],[109.35944,-0.04703],[109.36026,-0.04793],[109.36034,-0.04838],[109.36109,-0.04875],[109.36146,-0.04905],[109.36139,-0.04943],[109.36214,-0.04973],[109.36266,-0.05041],[109.36319,-0.05093],[109.36416,-0.05206],[109.36401,-0.05266],[109.36416,-0.05296],[109.36476,-0.05341],[109.36544,-0.05416],[109.36536,-0.05453],[109.36499,-0.05476],[109.36521,-0.05513],[109.36521,-0.05543],[109.36581,-0.05536],[109.36596,-0.05558],[109.36641,-0.05588],[109.36664,-0.05633],[109.36664,-0.05671],[109.36686,-0.05693],[109.36701,-0.05776],[109.36649,-0.05821],[109.36619,-0.05836],[109.36619,-0.05866],[109.36649,-0.05873],[109.36664,-0.05903],[109.36709,-0.05888],[109.36709,-0.05851],[109.36724,-0.05798],[109.36746,-0.05791],[109.36776,-0.05813],[109.36835,-0.05822],[109.36859,-0.05798],[109.36836,-0.05723],[109.36799,-0.05708],[109.36769,-0.05678],[109.36769,-0.05656],[109.36724,-0.05603],[109.36716,-0.05573],[109.36626,-0.05498],[109.36619,-0.05438],[109.36589,-0.05348],[109.36536,-0.05303],[109.36506,-0.05288],[109.36499,-0.05228],[109.36469,-0.05168],[109.36409,-0.05108],[109.36349,-0.05026],[109.36274,-0.04965],[109.36274,-0.04943],[109.36229,-0.04928],[109.36199,-0.04853],[109.36094,-0.04785],[109.36064,-0.04755],[109.36056,-0.04725],[109.36004,-0.04688],[109.35959,-0.04628],[109.35876,-0.04553],[109.35839,-0.04538],[109.35839,-0.04515],[109.35786,-0.04485],[109.35479,-0.04178],[109.35434,-0.04118],[109.35434,-0.04095],[109.35359,-0.04035],[109.35359,-0.04013],[109.35329,-0.03975],[109.35284,-0.03953],[109.35216,-0.03885],[109.35156,-0.03788],[109.35149,-0.03743],[109.35126,-0.03713],[109.35096,-0.03698],[109.35066,-0.03653],[109.35044,-0.03645],[109.35036,-0.03593],[109.35014,-0.03578],[109.34953,-0.03473],[109.34938,-0.03413],[109.34908,-0.03383],[109.34908,-0.03338],[109.34856,-0.03263],[109.34833,-0.03255],[109.34818,-0.03195],[109.34773,-0.03143],[109.34766,-0.03083],[109.34736,-0.03053],[109.34736,-0.03023],[109.34683,-0.02963],[109.34683,-0.02873],[109.34653,-0.02828],[109.34638,-0.02745],[109.34593,-0.02715],[109.34593,-0.02693],[109.34563,-0.02655],[109.34556,-0.02603],[109.34533,-0.02588],[109.34518,-0.02535],[109.34473,-0.02483],[109.34466,-0.02445],[109.34443,-0.02438],[109.34428,-0.02393],[109.34376,-0.02363],[109.34368,-0.02333],[109.34308,-0.02288],[109.34278,-0.02243],[109.34188,-0.02175],[109.34136,-0.02145],[109.34128,-0.02108],[109.34053,-0.02108],[109.34038,-0.02078],[109.33993,-0.02063],[109.33933,-0.02003],[109.33836,-0.01958],[109.33806,-0.01913],[109.33768,-0.01905],[109.33723,-0.01868],[109.33723,-0.01845],[109.33678,-0.01808],[109.33678,-0.01793],[109.33603,-0.01785],[109.33573,-0.01733],[109.33543,-0.01718],[109.33528,-0.01673],[109.33498,-0.01665],[109.33453,-0.01613],[109.33423,-0.01613],[109.33416,-0.01583],[109.33326,-0.01508],[109.33258,-0.01463],[109.33198,-0.01448],[109.33153,-0.01448],[109.33138,-0.01403],[109.33086,-0.01365],[109.32973,-0.01365],[109.32966,-0.01343],[109.32928,-0.01313],[109.32928,-0.01223],[109.32868,-0.01178],[109.32838,-0.01178],[109.32793,-0.01133],[109.32748,-0.01118],[109.32718,-0.01073],[109.32598,-0.01005],[109.32598,-0.00975],[109.32546,-0.00938],[109.32433,-0.00938],[109.32418,-0.00893],[109.32366,-0.00893],[109.32358,-0.00825],[109.32328,-0.00795],[109.32268,-0.00795],[109.32268,-0.00773],[109.32223,-0.00743],[109.32178,-0.00698],[109.32126,-0.00668],[109.32126,-0.00645],[109.32058,-0.00608],[109.32028,-0.00563],[109.31976,-0.00555],[109.31976,-0.00533],[109.31938,-0.00495],[109.31878,-0.00495],[109.31833,-0.00473],[109.31803,-0.00443],[109.31803,-0.00413],[109.31698,-0.00368],[109.31683,-0.00345],[109.31653,-0.00345],[109.31616,-0.00323],[109.31488,-0.00263],[109.31413,-0.00233],[109.31398,-0.00203],[109.31316,-0.00188],[109.31308,-0.00165],[109.31226,-0.00165],[109.31203,-0.00143],[109.31136,-0.00128],[109.31053,-0.00128],[109.31016,-0.00105],[109.30888,-0.00105],[109.30866,-0.00083],[109.30783,-0.00075],[109.30753,-0.00053],[109.30678,-0.00045],[109.30588,-0.00053],[109.30408,-0.00053],[109.30408,-0.00068],[109.30318,-0.00075],[109.30176,-0.00075],[109.30153,-0.00098],[109.30086,-0.00128],[109.29973,-0.00135],[109.29725,-0.00135],[109.29643,-0.00128],[109.29643,-0.00113],[109.29545,-0.00098],[109.29545,-0.00083],[109.2947,-0.00075],[109.29448,-0.00045],[109.29343,-0.00045],[109.29305,-0.00038],[109.29298,-0.00015],[109.29253,0],[109.31863,0],[109.31893,-0.00038],[109.32006,-0.00075],[109.32118,-0.00075],[109.32133,-0.00098],[109.32133,-0.00135],[109.32186,-0.00173],[109.32193,-0.00203],[109.32223,-0.00218],[109.32276,-0.00218],[109.32306,-0.00233],[109.32343,-0.00293],[109.32396,-0.00308],[109.32403,-0.00338],[109.32486,-0.00375],[109.32523,-0.00383],[109.32523,-0.00428],[109.32583,-0.00443],[109.32613,-0.00473],[109.32613,-0.00495],[109.32658,-0.00503],[109.32696,-0.00525],[109.32703,-0.00578],[109.32763,-0.00615],[109.32793,-0.00623],[109.32823,-0.00668],[109.32883,-0.00705],[109.32883,-0.00728],[109.32928,-0.00735],[109.32958,-0.00758],[109.33108,-0.00908],[109.33123,-0.00938],[109.33168,-0.00953],[109.33198,-0.00975],[109.33206,-0.01028],[109.33251,-0.01028],[109.33251,-0.01058],[109.33296,-0.01088],[109.33318,-0.01088],[109.33363,-0.01133],[109.33363,-0.01163],[109.33416,-0.01193],[109.33416,-0.01245],[109.33476,-0.01298],[109.33476,-0.01335],[109.33498,-0.01358],[109.33528,-0.01358],[109.33626,-0.01433],[109.33633,-0.01478],[109.33693,-0.01493],[109.33716,-0.01523],[109.33806,-0.01575],[109.33813,-0.01628],[109.33896,-0.01748],[109.33948,-0.01763],[109.33956,-0.01793],[109.33986,-0.01808],[109.34053,-0.01808],[109.34068,-0.01823]],[[109.29845,0.0045],[109.29853,0.00398],[109.29815,0.0039],[109.29785,0.0045],[109.29785,0.00488],[109.29755,0.0048],[109.29755,0.00443],[109.29718,0.00435],[109.29725,0.00495],[109.29748,0.00525],[109.29793,0.0051],[109.29838,0.0048],[109.29845,0.0045]]]},"properties":{"STREAM_ID":1}},{"type":"Feature","geometry":{"type":"Polygon","coordinates":[[[109.36604,0.02298],[109.36596,0.02265],[109.36559,0.0225],[109.36529,0.02213],[109.36529,0.02175],[109.36559,0.0216],[109.36589,0.02123],[109.36664,0.02078],[109.36686,0.0204],[109.36709,0.0204],[109.36701,0.01988],[109.36739,0.01973],[109.36769,0.01995],[109.36791,0.01965],[109.36791,0.01808],[109.36851,0.018],[109.36851,0.01763],[109.36829,0.01748],[109.36836,0.0168],[109.36784,0.01658],[109.36754,0.0159],[109.36791,0.0159],[109.36821,0.01545],[109.36821,0.015],[109.36799,0.01478],[109.36799,0.01433],[109.36836,0.01448],[109.36896,0.01448],[109.36911,0.01485],[109.36949,0.01508],[109.36949,0.01545],[109.36919,0.01568],[109.36919,0.01598],[109.36859,0.0162],[109.36881,0.01665],[109.36926,0.01688],[109.36926,0.0171],[109.36979,0.01725],[109.37074,0.01725],[109.37072,0.01821],[109.37052,0.01875],[109.3708,0.01917],[109.37104,0.021],[109.37031,0.02138],[109.37031,0.02085],[109.36979,0.02078],[109.36941,0.0213],[109.36949,0.02168],[109.36934,0.0221],[109.36814,0.02244],[109.36651,0.02286],[109.36604,0.02298]],[[109.36851,0.02108],[109.36859,0.02078],[109.36821,0.02063],[109.36799,0.02123],[109.36799,0.0216],[109.36844,0.02168],[109.36851,0.02108]]]},"properties":{"STREAM_ID":1}},{"type":"Feature","geometry":{"type":"Polygon","coordinates":[[[109.36604,0.02298],[109.36596,0.02265],[109.36559,0.0225],[109.36529,0.02213],[109.36529,0.02175],[109.36559,0.0216],[109.36589,0.02123],[109.36664,0.02078],[109.36686,0.0204],[109.36709,0.0204],[109.36701,0.01988],[109.36739,0.01973],[109.36769,0.01995],[109.36791,0.01965],[109.36791,0.01808],[109.36851,0.018],[109.36851,0.01763],[109.36829,0.01748],[109.36836,0.0168],[109.36784,0.01658],[109.36754,0.0159],[109.36791,0.0159],[109.36821,0.01545],[109.36821,0.015],[109.36799,0.01478],[109.36799,0.01433],[109.36836,0.01448],[109.36896,0.01448],[109.36911,0.01485],[109.36949,0.01508],[109.36949,0.01545],[109.36919,0.01568],[109.36919,0.01598],[109.36859,0.0162],[109.36881,0.01665],[109.36926,0.01688],[109.36926,0.0171],[109.36979,0.01725],[109.37074,0.01725],[109.37072,0.01821],[109.37052,0.01875],[109.3708,0.01917],[109.37104,0.021],[109.37031,0.02138],[109.37031,0.02085],[109.36979,0.02078],[109.36941,0.0213],[109.36949,0.02168],[109.36934,0.0221],[109.36814,0.02244],[109.36651,0.02286],[109.36604,0.02298]],[[109.36851,0.02108],[109.36859,0.02078],[109.36821,0.02063],[109.36799,0.02123],[109.36799,0.0216],[109.36844,0.02168],[109.36851,0.02108]]]},"properties":{"STREAM_ID":1}},{"type":"Feature","geometry":{"type":"Polygon","coordinates":[[[109.36604,0.02298],[109.36596,0.02265],[109.36559,0.0225],[109.36529,0.02213],[109.36529,0.02175],[109.36559,0.0216],[109.36589,0.02123],[109.36664,0.02078],[109.36686,0.0204],[109.36709,0.0204],[109.36701,0.01988],[109.36739,0.01973],[109.36769,0.01995],[109.36791,0.01965],[109.36791,0.01808],[109.36851,0.018],[109.36851,0.01763],[109.36829,0.01748],[109.36836,0.0168],[109.36784,0.01658],[109.36754,0.0159],[109.36791,0.0159],[109.36821,0.01545],[109.36821,0.015],[109.36799,0.01478],[109.36799,0.01433],[109.36836,0.01448],[109.36896,0.01448],[109.36911,0.01485],[109.36949,0.01508],[109.36949,0.01545],[109.36919,0.01568],[109.36919,0.01598],[109.36859,0.0162],[109.36881,0.01665],[109.36926,0.01688],[109.36926,0.0171],[109.36979,0.01725],[109.37074,0.01725],[109.37072,0.01821],[109.37052,0.01875],[109.3708,0.01917],[109.37104,0.021],[109.37031,0.02138],[109.37031,0.02085],[109.36979,0.02078],[109.36941,0.0213],[109.36949,0.02168],[109.36934,0.0221],[109.36814,0.02244],[109.36651,0.02286],[109.36604,0.02298]],[[109.36851,0.02108],[109.36859,0.02078],[109.36821,0.02063],[109.36799,0.02123],[109.36799,0.0216],[109.36844,0.02168],[109.36851,0.02108]]]},"properties":{"STREAM_ID":1}},{"type":"Feature","geometry":{"type":"Polygon","coordinates":[[[109.37054,-0.05948],[109.37084,-0.05963],[109.37136,-0.06053],[109.37166,-0.06053],[109.37196,-0.06098],[109.37219,-0.06098],[109.37226,-0.06136],[109.37249,-0.06143],[109.37249,-0.06226],[109.37264,-0.06248],[109.37306,-0.06263],[109.37354,-0.06218],[109.37324,-0.06181],[109.37294,-0.06173],[109.37294,-0.06106],[109.37264,-0.06046],[109.37286,-0.06031],[109.37286,-0.05978],[109.37309,-0.05956],[109.37339,-0.05963],[109.37339,-0.05993],[109.37369,-0.05993],[109.37421,-0.05956],[109.37421,-0.05918],[109.37384,-0.05911],[109.37361,-0.05933],[109.37331,-0.05933],[109.37256,-0.05963],[109.37241,-0.05986],[109.37264,-0.06023],[109.37241,-0.06046],[109.37211,-0.06016],[109.37204,-0.05986],[109.37159,-0.05941],[109.37151,-0.05903],[109.37121,-0.05896],[109.37099,-0.05918],[109.37054,-0.05918],[109.37054,-0.05948]]]},"properties":{"STREAM_ID":1}},{"type":"Feature","geometry":{"type":"Polygon","coordinates":[[[109.37054,-0.05948],[109.37084,-0.05963],[109.37136,-0.06053],[109.37166,-0.06053],[109.37196,-0.06098],[109.37219,-0.06098],[109.37226,-0.06136],[109.37249,-0.06143],[109.37249,-0.06226],[109.37264,-0.06248],[109.37306,-0.06263],[109.37354,-0.06218],[109.37324,-0.06181],[109.37294,-0.06173],[109.37294,-0.06106],[109.37264,-0.06046],[109.37286,-0.06031],[109.37286,-0.05978],[109.37309,-0.05956],[109.37339,-0.05963],[109.37339,-0.05993],[109.37369,-0.05993],[109.37421,-0.05956],[109.37421,-0.05918],[109.37384,-0.05911],[109.37361,-0.05933],[109.37331,-0.05933],[109.37256,-0.05963],[109.37241,-0.05986],[109.37264,-0.06023],[109.37241,-0.06046],[109.37211,-0.06016],[109.37204,-0.05986],[109.37159,-0.05941],[109.37151,-0.05903],[109.37121,-0.05896],[109.37099,-0.05918],[109.37054,-0.05918],[109.37054,-0.05948]]]},"properties":{"STREAM_ID":1}},{"type":"Feature","geometry":{"type":"Polygon","coordinates":[[[109.28691,0.00015],[109.28695,0.00045],[109.28691,0.00018],[109.28691,0.00015]]]},"properties":{"STREAM_ID":1}},{"type":"Feature","geometry":{"type":"Polygon","coordinates":[[[109.37586,-0.0024],[109.37526,-0.00285],[109.37511,-0.00315],[109.37451,-0.00315],[109.37444,-0.0039],[109.37406,-0.0045],[109.37369,-0.00413],[109.37331,-0.00443],[109.37204,-0.0045],[109.37181,-0.00413],[109.37106,-0.00413],[109.37099,-0.00458],[109.37114,-0.00503],[109.37069,-0.00503],[109.37039,-0.00548],[109.37084,-0.00563],[109.37084,-0.00645],[109.37091,-0.0072],[109.37114,-0.00765],[109.37099,-0.00833],[109.37114,-0.00855],[109.37151,-0.00833],[109.37219,-0.00833],[109.37234,-0.00795],[109.37204,-0.00765],[109.37174,-0.00758],[109.37151,-0.00705],[109.37181,-0.00683],[109.37196,-0.00638],[109.37196,-0.00593],[109.37166,-0.00578],[109.37256,-0.00503],[109.37354,-0.00503],[109.37376,-0.00525],[109.37376,-0.00578],[109.37406,-0.0063],[109.37354,-0.00623],[109.37301,-0.00638],[109.37256,-0.00638],[109.37241,-0.0069],[109.37286,-0.00713],[109.37286,-0.00735],[109.37316,-0.00765],[109.37316,-0.00803],[109.37331,-0.00825],[109.37376,-0.00788],[109.37369,-0.0084],[109.37384,-0.00878],[109.37384,-0.0093],[109.37354,-0.00945],[109.37331,-0.00983],[109.37241,-0.01013],[109.37226,-0.01043],[109.37144,-0.0105],[109.37136,-0.00975],[109.37099,-0.00968],[109.37106,-0.01043],[109.37091,-0.01065],[109.37091,-0.01185],[109.37166,-0.01185],[109.37144,-0.0114],[109.37129,-0.0108],[109.37159,-0.0108],[109.37174,-0.0111],[109.37241,-0.0111],[109.37249,-0.01133],[109.37286,-0.01163],[109.37339,-0.01148],[109.37339,-0.01095],[109.37294,-0.0108],[109.37316,-0.0105],[109.37369,-0.01005],[109.37421,-0.01005],[109.37466,-0.01028],[109.37496,-0.0108],[109.37496,-0.01118],[109.37519,-0.01133],[109.37556,-0.01133],[109.37579,-0.0111],[109.37631,-0.01118],[109.37646,-0.01163],[109.37624,-0.01178],[109.37624,-0.01268],[109.37639,-0.01335],[109.37676,-0.01335],[109.37699,-0.01358],[109.37744,-0.01335],[109.37744,-0.0129],[109.37774,-0.01275],[109.37781,-0.0132],[109.37729,-0.01358],[109.37729,-0.01395],[109.37751,-0.0141],[109.37772,-0.01389],[109.3776,-0.01358],[109.37807,-0.01319],[109.37841,-0.01268],[109.37833,-0.01218],[109.37745,-0.01231],[109.37738,-0.01202],[109.37772,-0.01128],[109.37799,-0.01106],[109.37786,-0.01053],[109.37781,-0.00896],[109.37745,-0.00796],[109.37691,-0.00627],[109.37649,-0.00594],[109.37639,-0.00555],[109.37609,-0.00548],[109.37609,-0.00488],[109.37594,-0.00458],[109.37571,-0.00417],[109.37594,-0.00351],[109.37575,-0.0031],[109.37604,-0.00266],[109.37586,-0.0024]],[[109.37639,-0.00638],[109.37646,-0.00668],[109.37624,-0.00683],[109.37549,-0.00683],[109.37519,-0.00705],[109.37466,-0.0069],[109.37474,-0.00623],[109.37496,-0.00585],[109.37519,-0.00585],[109.37556,-0.00638],[109.37586,-0.00638],[109.37601,-0.00615],[109.37639,-0.00638]],[[109.37571,-0.01005],[109.37571,-0.01028],[109.37511,-0.0102],[109.37511,-0.0099],[109.37549,-0.00983],[109.37571,-0.01005]]]},"properties":{"STREAM_ID":1}},{"type":"Feature","geometry":{"type":"Polygon","coordinates":[[[109.36953,-0.05836],[109.36979,-0.05858],[109.37024,-0.05873],[109.37046,-0.05821],[109.36956,-0.05761],[109.36941,-0.05738],[109.36941,-0.05678],[109.36926,-0.05671],[109.36889,-0.05603],[109.36889,-0.05573],[109.36844,-0.05476],[109.36859,-0.05446],[109.36814,-0.05408],[109.36776,-0.05393],[109.36686,-0.05303],[109.36656,-0.05221],[109.36604,-0.05168],[109.36566,-0.05101],[109.36514,-0.05026],[109.36416,-0.04928],[109.36379,-0.04898],[109.36326,-0.04823],[109.36319,-0.04793],[109.36274,-0.04748],[109.36221,-0.04718],[109.36191,-0.0465],[109.36146,-0.04613],[109.36139,-0.04583],[109.36086,-0.0456],[109.36041,-0.04515],[109.36049,-0.0447],[109.36004,-0.04463],[109.35959,-0.0447],[109.35936,-0.04425],[109.35884,-0.04403],[109.35854,-0.0435],[109.35734,-0.0426],[109.35689,-0.04215],[109.35636,-0.04148],[109.35599,-0.0411],[109.35584,-0.04073],[109.35501,-0.03983],[109.35419,-0.0393],[109.35419,-0.03915],[109.35321,-0.03803],[109.35299,-0.03728],[109.35261,-0.03705],[109.35194,-0.03615],[109.35141,-0.03525],[109.35111,-0.03443],[109.35036,-0.0333],[109.35006,-0.03315],[109.34953,-0.03188],[109.34938,-0.0318],[109.34908,-0.0312],[109.34908,-0.03098],[109.34878,-0.03053],[109.34878,-0.03023],[109.34803,-0.0288],[109.34766,-0.02783],[109.34781,-0.02753],[109.34706,-0.02678],[109.34676,-0.02633],[109.34638,-0.02558],[109.34631,-0.02498],[109.34661,-0.02453],[109.34661,-0.02355],[109.34691,-0.02333],[109.34908,-0.02333],[109.34961,-0.0231],[109.35006,-0.0231],[109.35066,-0.02295],[109.35134,-0.02295],[109.35201,-0.02258],[109.35306,-0.02258],[109.35336,-0.02235],[109.35389,-0.02235],[109.35411,-0.02205],[109.35471,-0.02205],[109.35494,-0.0219],[109.35576,-0.02198],[109.35629,-0.0216],[109.35666,-0.0216],[109.35696,-0.02205],[109.35696,-0.0225],[109.35749,-0.0225],[109.35711,-0.02205],[109.35726,-0.02175],[109.35779,-0.02168],[109.35884,-0.02175],[109.35884,-0.02213],[109.35929,-0.02205],[109.35936,-0.0216],[109.36019,-0.02078],[109.36086,-0.0207],[109.36109,-0.02085],[109.36109,-0.02138],[109.36154,-0.02168],[109.36154,-0.0213],[109.36191,-0.02115],[109.36236,-0.02115],[109.36281,-0.0213],[109.36289,-0.021],[109.36529,-0.021],[109.36589,-0.0213],[109.36656,-0.0213],[109.36686,-0.02153],[109.36686,-0.02235],[109.36701,-0.02273],[109.36746,-0.0222],[109.36746,-0.02145],[109.36799,-0.02145],[109.36859,-0.0213],[109.36881,-0.02168],[109.36926,-0.02168],[109.36971,-0.0219],[109.37054,-0.0219],[109.37114,-0.02205],[109.37151,-0.02228],[109.37151,-0.02258],[109.37226,-0.02258],[109.37264,-0.02288],[109.37316,-0.02303],[109.37406,-0.02355],[109.37564,-0.02408],[109.37601,-0.02408],[109.37631,-0.0243],[109.37646,-0.0246],[109.37691,-0.02483],[109.37729,-0.02483],[109.37751,-0.02505],[109.37819,-0.02498],[109.37849,-0.02528],[109.37924,-0.02528],[109.37984,-0.02543],[109.38044,-0.02543],[109.38141,-0.02573],[109.38209,-0.02573],[109.38224,-0.02595],[109.38231,-0.02655],[109.38194,-0.02693],[109.38201,-0.0273],[109.38239,-0.0273],[109.38254,-0.02678],[109.38293,-0.0264],[109.38315,-0.0251],[109.37956,-0.0244],[109.37607,-0.0231],[109.37678,-0.02196],[109.37701,-0.02102],[109.37699,-0.0197],[109.37741,-0.0187],[109.37793,-0.01786],[109.37803,-0.01694],[109.37813,-0.01657],[109.37878,-0.01613],[109.37882,-0.01594],[109.37837,-0.01553],[109.37763,-0.01539],[109.37755,-0.01521],[109.37796,-0.01489],[109.37858,-0.01462],[109.37896,-0.01408],[109.37894,-0.01352],[109.37834,-0.01351],[109.37826,-0.01425],[109.37766,-0.0144],[109.37736,-0.01485],[109.37729,-0.01553],[109.37796,-0.0156],[109.37826,-0.01605],[109.37766,-0.01673],[109.37774,-0.01763],[109.37721,-0.01853],[109.37676,-0.0189],[109.37669,-0.01943],[109.37601,-0.0192],[109.37601,-0.01875],[109.37669,-0.01785],[109.37654,-0.0174],[109.37661,-0.01688],[109.37624,-0.0165],[109.37586,-0.01628],[109.37594,-0.01695],[109.37556,-0.01733],[109.37541,-0.01793],[109.37556,-0.0183],[109.37534,-0.01853],[109.37541,-0.01928],[109.37511,-0.0195],[109.37489,-0.02003],[109.37451,-0.0201],[109.37481,-0.02055],[109.37526,-0.02055],[109.37534,-0.02085],[109.37496,-0.02085],[109.37444,-0.02063],[109.37421,-0.0204],[109.37331,-0.0204],[109.37301,-0.02018],[109.37294,-0.01988],[109.37256,-0.01943],[109.37264,-0.01905],[109.37294,-0.01875],[109.37294,-0.01808],[109.37256,-0.0183],[109.37226,-0.01875],[109.37219,-0.01913],[109.37189,-0.01943],[109.37174,-0.01905],[109.37174,-0.0186],[109.37189,-0.01838],[109.37136,-0.0183],[109.37144,-0.0177],[109.37204,-0.01778],[109.37219,-0.01763],[109.37219,-0.01695],[109.37241,-0.01665],[109.37279,-0.01665],[109.37286,-0.01643],[109.37346,-0.0165],[109.37361,-0.01688],[109.37354,-0.01718],[109.37316,-0.01718],[109.37301,-0.0174],[109.37384,-0.018],[109.37429,-0.01793],[109.37421,-0.01748],[109.37429,-0.01695],[109.37391,-0.0168],[109.37399,-0.01635],[109.37421,-0.01635],[109.37444,-0.01688],[109.37466,-0.01688],[109.37496,-0.0162],[109.37496,-0.01583],[109.37451,-0.0156],[109.37414,-0.01568],[109.37361,-0.01605],[109.37331,-0.01605],[109.37301,-0.01575],[109.37226,-0.01605],[109.37226,-0.01665],[109.37174,-0.01673],[109.37159,-0.0165],[109.37211,-0.01613],[109.37196,-0.01575],[109.37159,-0.01575],[109.37076,-0.01628],[109.37084,-0.01703],[109.37054,-0.01748],[109.37024,-0.0177],[109.37009,-0.0174],[109.37031,-0.01718],[109.37016,-0.01688],[109.36971,-0.01665],[109.36949,-0.0162],[109.36949,-0.01583],[109.36979,-0.01575],[109.36986,-0.0153],[109.37031,-0.0153],[109.37054,-0.01515],[109.37031,-0.01448],[109.37001,-0.01455],[109.37001,-0.01493],[109.36964,-0.01515],[109.36919,-0.01523],[109.36919,-0.01575],[109.36866,-0.01575],[109.36836,-0.0156],[109.36821,-0.01605],[109.36784,-0.01635],[109.36731,-0.01643],[109.36731,-0.01793],[109.36716,-0.0183],[109.36679,-0.01853],[109.36619,-0.01845],[109.36566,-0.01815],[109.36506,-0.01815],[109.36484,-0.01853],[109.36379,-0.01845],[109.36334,-0.01823],[109.36304,-0.01853],[109.36229,-0.01845],[109.36116,-0.01845],[109.36094,-0.01868],[109.36011,-0.01868],[109.35966,-0.0189],[109.35861,-0.01883],[109.35794,-0.01905],[109.35726,-0.01898],[109.35719,-0.01913],[109.35651,-0.01913],[109.35614,-0.01868],[109.35644,-0.01838],[109.35636,-0.01808],[109.35584,-0.01808],[109.35554,-0.01755],[109.35584,-0.0174],[109.35584,-0.0171],[109.35524,-0.01703],[109.35471,-0.0174],[109.35441,-0.01808],[109.35449,-0.0186],[109.35434,-0.01868],[109.35464,-0.01935],[109.35464,-0.0198],[109.35441,-0.0201],[109.35396,-0.02033],[109.35314,-0.02033],[109.35269,-0.0204],[109.35224,-0.02018],[109.35179,-0.02018],[109.35104,-0.02078],[109.35096,-0.02093],[109.34953,-0.02085],[109.34893,-0.02123],[109.34848,-0.02123],[109.34826,-0.02138],[109.34758,-0.0213],[109.34683,-0.0213],[109.34578,-0.02145],[109.34503,-0.0213],[109.34413,-0.02093],[109.34353,-0.02048],[109.34331,-0.02048],[109.34293,-0.02018],[109.34263,-0.0201],[109.34218,-0.0198],[109.34203,-0.01935],[109.34121,-0.01898],[109.34106,-0.01875],[109.34061,-0.0189],[109.34061,-0.01913],[109.34106,-0.01958],[109.34166,-0.01973],[109.34166,-0.02018],[109.34188,-0.02018],[109.34218,-0.02048],[109.34256,-0.02055],[109.34353,-0.02138],[109.34428,-0.02153],[109.34458,-0.02175],[109.34518,-0.02175],[109.34548,-0.02198],[109.34638,-0.02198],[109.34646,-0.02213],[109.34646,-0.02295],[109.34616,-0.02295],[109.34616,-0.02423],[109.34593,-0.02445],[109.34593,-0.02573],[109.34623,-0.02648],[109.34646,-0.02685],[109.34668,-0.02693],[109.34683,-0.02745],[109.34728,-0.02775],[109.34728,-0.02858],[109.34743,-0.02918],[109.34773,-0.02955],[109.34773,-0.02985],[109.34818,-0.03023],[109.34833,-0.03098],[109.34856,-0.03113],[109.34856,-0.03143],[109.34878,-0.03188],[109.34908,-0.03218],[109.34923,-0.03285],[109.34946,-0.03293],[109.34953,-0.03338],[109.34976,-0.03368],[109.35036,-0.03405],[109.35044,-0.03465],[109.35089,-0.03518],[109.35089,-0.03555],[109.35104,-0.03593],[109.35134,-0.03623],[109.35134,-0.03645],[109.35179,-0.03675],[109.35179,-0.03698],[109.35224,-0.03758],[109.35269,-0.03795],[109.35276,-0.03848],[109.35306,-0.03863],[109.35329,-0.03893],[109.35344,-0.03938],[109.35404,-0.04005],[109.35434,-0.04028],[109.35479,-0.04043],[109.35516,-0.04088],[109.35524,-0.04118],[109.35576,-0.04178],[109.35599,-0.04185],[109.35629,-0.04238],[109.35659,-0.04253],[109.35674,-0.04298],[109.35704,-0.04313],[109.35936,-0.04545],[109.36004,-0.0456],[109.36019,-0.04598],[109.36056,-0.04613],[109.36079,-0.04658],[109.36116,-0.04673],[109.36124,-0.04695],[109.36169,-0.04695],[109.36161,-0.04733],[109.36214,-0.04793],[109.36259,-0.04815],[109.36274,-0.04853],[109.36319,-0.04883],[109.36334,-0.04935],[109.36409,-0.05018],[109.36469,-0.05063],[109.36514,-0.05146],[109.36536,-0.05153],[109.36566,-0.05213],[109.36589,-0.05221],[109.36589,-0.05258],[109.36619,-0.05288],[109.36634,-0.05348],[109.36664,-0.05363],[109.36716,-0.05416],[109.36739,-0.05468],[109.36784,-0.05513],[109.36829,-0.05573],[109.36859,-0.05663],[109.36889,-0.05716],[109.36902,-0.05765],[109.36949,-0.05828],[109.36949,-0.0583],[109.36953,-0.05836]],[[109.37676,-0.02063],[109.37676,-0.02085],[109.37646,-0.02115],[109.37676,-0.02145],[109.37661,-0.02175],[109.37594,-0.02138],[109.37594,-0.02048],[109.37601,-0.02033],[109.37654,-0.02025],[109.37676,-0.02063]],[[109.36904,-0.0183],[109.36896,-0.0186],[109.36814,-0.01845],[109.36799,-0.018],[109.36821,-0.0177],[109.36851,-0.01793],[109.36889,-0.018],[109.36904,-0.0183]]]},"properties":{"STREAM_ID":1}},{"type":"Feature","geometry":{"type":"Polygon","coordinates":[[[109.36953,-0.05836],[109.36979,-0.05858],[109.37024,-0.05873],[109.37046,-0.05821],[109.36956,-0.05761],[109.36941,-0.05738],[109.36941,-0.05678],[109.36926,-0.05671],[109.36889,-0.05603],[109.36889,-0.05573],[109.36844,-0.05476],[109.36859,-0.05446],[109.36814,-0.05408],[109.36776,-0.05393],[109.36686,-0.05303],[109.36656,-0.05221],[109.36604,-0.05168],[109.36566,-0.05101],[109.36514,-0.05026],[109.36416,-0.04928],[109.36379,-0.04898],[109.36326,-0.04823],[109.36319,-0.04793],[109.36274,-0.04748],[109.36221,-0.04718],[109.36191,-0.0465],[109.36146,-0.04613],[109.36139,-0.04583],[109.36086,-0.0456],[109.36041,-0.04515],[109.36049,-0.0447],[109.36004,-0.04463],[109.35959,-0.0447],[109.35936,-0.04425],[109.35884,-0.04403],[109.35854,-0.0435],[109.35734,-0.0426],[109.35689,-0.04215],[109.35636,-0.04148],[109.35599,-0.0411],[109.35584,-0.04073],[109.35501,-0.03983],[109.35419,-0.0393],[109.35419,-0.03915],[109.35321,-0.03803],[109.35299,-0.03728],[109.35261,-0.03705],[109.35194,-0.03615],[109.35141,-0.03525],[109.35111,-0.03443],[109.35036,-0.0333],[109.35006,-0.03315],[109.34953,-0.03188],[109.34938,-0.0318],[109.34908,-0.0312],[109.34908,-0.03098],[109.34878,-0.03053],[109.34878,-0.03023],[109.34803,-0.0288],[109.34766,-0.02783],[109.34781,-0.02753],[109.34706,-0.02678],[109.34676,-0.02633],[109.34638,-0.02558],[109.34631,-0.02498],[109.34661,-0.02453],[109.34661,-0.02355],[109.34691,-0.02333],[109.34908,-0.02333],[109.34961,-0.0231],[109.35006,-0.0231],[109.35066,-0.02295],[109.35134,-0.02295],[109.35201,-0.02258],[109.35306,-0.02258],[109.35336,-0.02235],[109.35389,-0.02235],[109.35411,-0.02205],[109.35471,-0.02205],[109.35494,-0.0219],[109.35576,-0.02198],[109.35629,-0.0216],[109.35666,-0.0216],[109.35696,-0.02205],[109.35696,-0.0225],[109.35749,-0.0225],[109.35711,-0.02205],[109.35726,-0.02175],[109.35779,-0.02168],[109.35884,-0.02175],[109.35884,-0.02213],[109.35929,-0.02205],[109.35936,-0.0216],[109.36019,-0.02078],[109.36086,-0.0207],[109.36109,-0.02085],[109.36109,-0.02138],[109.36154,-0.02168],[109.36154,-0.0213],[109.36191,-0.02115],[109.36236,-0.02115],[109.36281,-0.0213],[109.36289,-0.021],[109.36529,-0.021],[109.36589,-0.0213],[109.36656,-0.0213],[109.36686,-0.02153],[109.36686,-0.02235],[109.36701,-0.02273],[109.36746,-0.0222],[109.36746,-0.02145],[109.36799,-0.02145],[109.36859,-0.0213],[109.36881,-0.02168],[109.36926,-0.02168],[109.36971,-0.0219],[109.37054,-0.0219],[109.37114,-0.02205],[109.37151,-0.02228],[109.37151,-0.02258],[109.37226,-0.02258],[109.37264,-0.02288],[109.37316,-0.02303],[109.37406,-0.02355],[109.37564,-0.02408],[109.37601,-0.02408],[109.37631,-0.0243],[109.37646,-0.0246],[109.37691,-0.02483],[109.37729,-0.02483],[109.37751,-0.02505],[109.37819,-0.02498],[109.37849,-0.02528],[109.37924,-0.02528],[109.37984,-0.02543],[109.38044,-0.02543],[109.38141,-0.02573],[109.38209,-0.02573],[109.38224,-0.02595],[109.38231,-0.02655],[109.38194,-0.02693],[109.38201,-0.0273],[109.38239,-0.0273],[109.38254,-0.02678],[109.38293,-0.0264],[109.38315,-0.0251],[109.37956,-0.0244],[109.37607,-0.0231],[109.37678,-0.02196],[109.37701,-0.02102],[109.37699,-0.0197],[109.37741,-0.0187],[109.37793,-0.01786],[109.37803,-0.01694],[109.37813,-0.01657],[109.37878,-0.01613],[109.37882,-0.01594],[109.37837,-0.01553],[109.37763,-0.01539],[109.37755,-0.01521],[109.37796,-0.01489],[109.37858,-0.01462],[109.37896,-0.01408],[109.37894,-0.01352],[109.37834,-0.01351],[109.37826,-0.01425],[109.37766,-0.0144],[109.37736,-0.01485],[109.37729,-0.01553],[109.37796,-0.0156],[109.37826,-0.01605],[109.37766,-0.01673],[109.37774,-0.01763],[109.37721,-0.01853],[109.37676,-0.0189],[109.37669,-0.01943],[109.37601,-0.0192],[109.37601,-0.01875],[109.37669,-0.01785],[109.37654,-0.0174],[109.37661,-0.01688],[109.37624,-0.0165],[109.37586,-0.01628],[109.37594,-0.01695],[109.37556,-0.01733],[109.37541,-0.01793],[109.37556,-0.0183],[109.37534,-0.01853],[109.37541,-0.01928],[109.37511,-0.0195],[109.37489,-0.02003],[109.37451,-0.0201],[109.37481,-0.02055],[109.37526,-0.02055],[109.37534,-0.02085],[109.37496,-0.02085],[109.37444,-0.02063],[109.37421,-0.0204],[109.37331,-0.0204],[109.37301,-0.02018],[109.37294,-0.01988],[109.37256,-0.01943],[109.37264,-0.01905],[109.37294,-0.01875],[109.37294,-0.01808],[109.37256,-0.0183],[109.37226,-0.01875],[109.37219,-0.01913],[109.37189,-0.01943],[109.37174,-0.01905],[109.37174,-0.0186],[109.37189,-0.01838],[109.37136,-0.0183],[109.37144,-0.0177],[109.37204,-0.01778],[109.37219,-0.01763],[109.37219,-0.01695],[109.37241,-0.01665],[109.37279,-0.01665],[109.37286,-0.01643],[109.37346,-0.0165],[109.37361,-0.01688],[109.37354,-0.01718],[109.37316,-0.01718],[109.37301,-0.0174],[109.37384,-0.018],[109.37429,-0.01793],[109.37421,-0.01748],[109.37429,-0.01695],[109.37391,-0.0168],[109.37399,-0.01635],[109.37421,-0.01635],[109.37444,-0.01688],[109.37466,-0.01688],[109.37496,-0.0162],[109.37496,-0.01583],[109.37451,-0.0156],[109.37414,-0.01568],[109.37361,-0.01605],[109.37331,-0.01605],[109.37301,-0.01575],[109.37226,-0.01605],[109.37226,-0.01665],[109.37174,-0.01673],[109.37159,-0.0165],[109.37211,-0.01613],[109.37196,-0.01575],[109.37159,-0.01575],[109.37076,-0.01628],[109.37084,-0.01703],[109.37054,-0.01748],[109.37024,-0.0177],[109.37009,-0.0174],[109.37031,-0.01718],[109.37016,-0.01688],[109.36971,-0.01665],[109.36949,-0.0162],[109.36949,-0.01583],[109.36979,-0.01575],[109.36986,-0.0153],[109.37031,-0.0153],[109.37054,-0.01515],[109.37031,-0.01448],[109.37001,-0.01455],[109.37001,-0.01493],[109.36964,-0.01515],[109.36919,-0.01523],[109.36919,-0.01575],[109.36866,-0.01575],[109.36836,-0.0156],[109.36821,-0.01605],[109.36784,-0.01635],[109.36731,-0.01643],[109.36731,-0.01793],[109.36716,-0.0183],[109.36679,-0.01853],[109.36619,-0.01845],[109.36566,-0.01815],[109.36506,-0.01815],[109.36484,-0.01853],[109.36379,-0.01845],[109.36334,-0.01823],[109.36304,-0.01853],[109.36229,-0.01845],[109.36116,-0.01845],[109.36094,-0.01868],[109.36011,-0.01868],[109.35966,-0.0189],[109.35861,-0.01883],[109.35794,-0.01905],[109.35726,-0.01898],[109.35719,-0.01913],[109.35651,-0.01913],[109.35614,-0.01868],[109.35644,-0.01838],[109.35636,-0.01808],[109.35584,-0.01808],[109.35554,-0.01755],[109.35584,-0.0174],[109.35584,-0.0171],[109.35524,-0.01703],[109.35471,-0.0174],[109.35441,-0.01808],[109.35449,-0.0186],[109.35434,-0.01868],[109.35464,-0.01935],[109.35464,-0.0198],[109.35441,-0.0201],[109.35396,-0.02033],[109.35314,-0.02033],[109.35269,-0.0204],[109.35224,-0.02018],[109.35179,-0.02018],[109.35104,-0.02078],[109.35096,-0.02093],[109.34953,-0.02085],[109.34893,-0.02123],[109.34848,-0.02123],[109.34826,-0.02138],[109.34758,-0.0213],[109.34683,-0.0213],[109.34578,-0.02145],[109.34503,-0.0213],[109.34413,-0.02093],[109.34353,-0.02048],[109.34331,-0.02048],[109.34293,-0.02018],[109.34263,-0.0201],[109.34218,-0.0198],[109.34203,-0.01935],[109.34121,-0.01898],[109.34106,-0.01875],[109.34061,-0.0189],[109.34061,-0.01913],[109.34106,-0.01958],[109.34166,-0.01973],[109.34166,-0.02018],[109.34188,-0.02018],[109.34218,-0.02048],[109.34256,-0.02055],[109.34353,-0.02138],[109.34428,-0.02153],[109.34458,-0.02175],[109.34518,-0.02175],[109.34548,-0.02198],[109.34638,-0.02198],[109.34646,-0.02213],[109.34646,-0.02295],[109.34616,-0.02295],[109.34616,-0.02423],[109.34593,-0.02445],[109.34593,-0.02573],[109.34623,-0.02648],[109.34646,-0.02685],[109.34668,-0.02693],[109.34683,-0.02745],[109.34728,-0.02775],[109.34728,-0.02858],[109.34743,-0.02918],[109.34773,-0.02955],[109.34773,-0.02985],[109.34818,-0.03023],[109.34833,-0.03098],[109.34856,-0.03113],[109.34856,-0.03143],[109.34878,-0.03188],[109.34908,-0.03218],[109.34923,-0.03285],[109.34946,-0.03293],[109.34953,-0.03338],[109.34976,-0.03368],[109.35036,-0.03405],[109.35044,-0.03465],[109.35089,-0.03518],[109.35089,-0.03555],[109.35104,-0.03593],[109.35134,-0.03623],[109.35134,-0.03645],[109.35179,-0.03675],[109.35179,-0.03698],[109.35224,-0.03758],[109.35269,-0.03795],[109.35276,-0.03848],[109.35306,-0.03863],[109.35329,-0.03893],[109.35344,-0.03938],[109.35404,-0.04005],[109.35434,-0.04028],[109.35479,-0.04043],[109.35516,-0.04088],[109.35524,-0.04118],[109.35576,-0.04178],[109.35599,-0.04185],[109.35629,-0.04238],[109.35659,-0.04253],[109.35674,-0.04298],[109.35704,-0.04313],[109.35936,-0.04545],[109.36004,-0.0456],[109.36019,-0.04598],[109.36056,-0.04613],[109.36079,-0.04658],[109.36116,-0.04673],[109.36124,-0.04695],[109.36169,-0.04695],[109.36161,-0.04733],[109.36214,-0.04793],[109.36259,-0.04815],[109.36274,-0.04853],[109.36319,-0.04883],[109.36334,-0.04935],[109.36409,-0.05018],[109.36469,-0.05063],[109.36514,-0.05146],[109.36536,-0.05153],[109.36566,-0.05213],[109.36589,-0.05221],[109.36589,-0.05258],[109.36619,-0.05288],[109.36634,-0.05348],[109.36664,-0.05363],[109.36716,-0.05416],[109.36739,-0.05468],[109.36784,-0.05513],[109.36829,-0.05573],[109.36859,-0.05663],[109.36889,-0.05716],[109.36902,-0.05765],[109.36949,-0.05828],[109.36949,-0.0583],[109.36953,-0.05836]],[[109.37676,-0.02063],[109.37676,-0.02085],[109.37646,-0.02115],[109.37676,-0.02145],[109.37661,-0.02175],[109.37594,-0.02138],[109.37594,-0.02048],[109.37601,-0.02033],[109.37654,-0.02025],[109.37676,-0.02063]],[[109.36904,-0.0183],[109.36896,-0.0186],[109.36814,-0.01845],[109.36799,-0.018],[109.36821,-0.0177],[109.36851,-0.01793],[109.36889,-0.018],[109.36904,-0.0183]]]},"properties":{"STREAM_ID":1}},{"type":"Feature","geometry":{"type":"Polygon","coordinates":[[[109.37792,-0.03285],[109.37804,-0.03255],[109.37774,-0.03248],[109.37789,-0.03173],[109.37864,-0.03173],[109.37886,-0.0312],[109.37826,-0.03105],[109.37849,-0.0306],[109.37826,-0.03],[109.37849,-0.02993],[109.37954,-0.03],[109.37946,-0.03038],[109.37946,-0.03135],[109.37939,-0.03158],[109.37856,-0.03233],[109.37856,-0.0327],[109.37875,-0.0328],[109.37953,-0.03254],[109.38006,-0.03208],[109.38006,-0.0315],[109.38051,-0.0312],[109.38112,-0.0312],[109.38158,-0.03078],[109.38186,-0.03042],[109.38215,-0.0297],[109.38164,-0.02985],[109.38066,-0.02963],[109.38044,-0.0294],[109.38044,-0.02903],[109.37961,-0.0291],[109.37931,-0.02948],[109.37879,-0.02948],[109.37834,-0.02933],[109.37834,-0.02895],[109.37819,-0.02858],[109.37759,-0.02858],[109.37759,-0.02813],[109.37721,-0.02783],[109.37691,-0.02783],[109.37654,-0.02805],[109.37669,-0.02843],[109.37699,-0.0285],[109.37699,-0.0288],[109.37721,-0.02918],[109.37759,-0.02948],[109.37766,-0.03053],[109.37736,-0.03098],[109.37736,-0.03173],[109.37714,-0.03173],[109.37676,-0.03135],[109.37631,-0.03135],[109.37594,-0.03158],[109.37594,-0.0318],[109.37699,-0.03188],[109.37721,-0.03263],[109.37758,-0.03252],[109.37789,-0.03281],[109.37789,-0.03281],[109.3779,-0.03283],[109.37792,-0.03285]]]},"properties":{"STREAM_ID":1}},{"type":"Feature","geometry":{"type":"Polygon","coordinates":[[[109.37792,-0.03285],[109.37804,-0.03255],[109.37774,-0.03248],[109.37789,-0.03173],[109.37864,-0.03173],[109.37886,-0.0312],[109.37826,-0.03105],[109.37849,-0.0306],[109.37826,-0.03],[109.37849,-0.02993],[109.37954,-0.03],[109.37946,-0.03038],[109.37946,-0.03135],[109.37939,-0.03158],[109.37856,-0.03233],[109.37856,-0.0327],[109.37875,-0.0328],[109.37953,-0.03254],[109.38006,-0.03208],[109.38006,-0.0315],[109.38051,-0.0312],[109.38112,-0.0312],[109.38158,-0.03078],[109.38186,-0.03042],[109.38215,-0.0297],[109.38164,-0.02985],[109.38066,-0.02963],[109.38044,-0.0294],[109.38044,-0.02903],[109.37961,-0.0291],[109.37931,-0.02948],[109.37879,-0.02948],[109.37834,-0.02933],[109.37834,-0.02895],[109.37819,-0.02858],[109.37759,-0.02858],[109.37759,-0.02813],[109.37721,-0.02783],[109.37691,-0.02783],[109.37654,-0.02805],[109.37669,-0.02843],[109.37699,-0.0285],[109.37699,-0.0288],[109.37721,-0.02918],[109.37759,-0.02948],[109.37766,-0.03053],[109.37736,-0.03098],[109.37736,-0.03173],[109.37714,-0.03173],[109.37676,-0.03135],[109.37631,-0.03135],[109.37594,-0.03158],[109.37594,-0.0318],[109.37699,-0.03188],[109.37721,-0.03263],[109.37758,-0.03252],[109.37789,-0.03281],[109.3779,-0.03283],[109.37792,-0.03285]]]},"properties":{"STREAM_ID":1}},{"type":"Feature","geometry":{"type":"Polygon","coordinates":[[[109.37586,-0.0024],[109.37526,-0.00285],[109.37511,-0.00315],[109.37451,-0.00315],[109.37444,-0.0039],[109.37406,-0.0045],[109.37369,-0.00413],[109.37331,-0.00443],[109.37204,-0.0045],[109.37181,-0.00413],[109.37106,-0.00413],[109.37099,-0.00458],[109.37114,-0.00503],[109.37069,-0.00503],[109.37039,-0.00548],[109.37084,-0.00563],[109.37084,-0.00645],[109.37091,-0.0072],[109.37114,-0.00765],[109.37099,-0.00833],[109.37114,-0.00855],[109.37151,-0.00833],[109.37219,-0.00833],[109.37234,-0.00795],[109.37204,-0.00765],[109.37174,-0.00758],[109.37151,-0.00705],[109.37181,-0.00683],[109.37196,-0.00638],[109.37196,-0.00593],[109.37166,-0.00578],[109.37256,-0.00503],[109.37354,-0.00503],[109.37376,-0.00525],[109.37376,-0.00578],[109.37406,-0.0063],[109.37354,-0.00623],[109.37301,-0.00638],[109.37256,-0.00638],[109.37241,-0.0069],[109.37286,-0.00713],[109.37286,-0.00735],[109.37316,-0.00765],[109.37316,-0.00803],[109.37331,-0.00825],[109.37376,-0.00788],[109.37369,-0.0084],[109.37384,-0.00878],[109.37384,-0.0093],[109.37354,-0.00945],[109.37331,-0.00983],[109.37241,-0.01013],[109.37226,-0.01043],[109.37144,-0.0105],[109.37136,-0.00975],[109.37099,-0.00968],[109.37106,-0.01043],[109.37091,-0.01065],[109.37091,-0.01185],[109.37166,-0.01185],[109.37144,-0.0114],[109.37129,-0.0108],[109.37159,-0.0108],[109.37174,-0.0111],[109.37241,-0.0111],[109.37249,-0.01133],[109.37286,-0.01163],[109.37339,-0.01148],[109.37339,-0.01095],[109.37294,-0.0108],[109.37316,-0.0105],[109.37369,-0.01005],[109.37421,-0.01005],[109.37466,-0.01028],[109.37496,-0.0108],[109.37496,-0.01118],[109.37519,-0.01133],[109.37556,-0.01133],[109.37579,-0.0111],[109.37631,-0.01118],[109.37646,-0.01163],[109.37624,-0.01178],[109.37624,-0.01268],[109.37639,-0.01335],[109.37676,-0.01335],[109.37699,-0.01358],[109.37744,-0.01335],[109.37744,-0.0129],[109.37774,-0.01275],[109.37781,-0.0132],[109.37729,-0.01358],[109.37729,-0.01395],[109.37751,-0.0141],[109.37772,-0.01389],[109.3776,-0.01358],[109.37807,-0.01319],[109.37841,-0.01268],[109.37833,-0.01218],[109.37745,-0.01231],[109.37738,-0.01202],[109.37772,-0.01128],[109.37799,-0.01106],[109.37786,-0.01053],[109.37781,-0.00896],[109.37745,-0.00796],[109.37691,-0.00627],[109.37649,-0.00594],[109.37639,-0.00555],[109.37609,-0.00548],[109.37609,-0.00488],[109.37594,-0.00458],[109.37571,-0.00417],[109.37594,-0.00351],[109.37575,-0.0031],[109.37604,-0.00266],[109.37586,-0.0024]],[[109.37639,-0.00638],[109.37646,-0.00668],[109.37624,-0.00683],[109.37549,-0.00683],[109.37519,-0.00705],[109.37466,-0.0069],[109.37474,-0.00623],[109.37496,-0.00585],[109.37519,-0.00585],[109.37556,-0.00638],[109.37586,-0.00638],[109.37601,-0.00615],[109.37639,-0.00638]],[[109.37571,-0.01005],[109.37571,-0.01028],[109.37511,-0.0102],[109.37511,-0.0099],[109.37549,-0.00983],[109.37571,-0.01005]]]},"properties":{"STREAM_ID":1}},{"type":"Feature","geometry":{"type":"Polygon","coordinates":[[[109.34068,-0.01823],[109.34068,-0.0177],[109.34008,-0.01748],[109.33941,-0.0168],[109.33911,-0.01635],[109.33881,-0.01613],[109.33836,-0.0153],[109.33813,-0.0153],[109.33716,-0.01425],[109.33648,-0.01395],[109.33596,-0.01335],[109.33558,-0.0132],[109.33513,-0.01283],[109.33513,-0.0126],[109.33453,-0.012],[109.33453,-0.01155],[109.33408,-0.0111],[109.33378,-0.01065],[109.33303,-0.0102],[109.33266,-0.00975],[109.33221,-0.00945],[109.33131,-0.0084],[109.33063,-0.0078],[109.33033,-0.00735],[109.32943,-0.00683],[109.32891,-0.00645],[109.32876,-0.00615],[109.32786,-0.00548],[109.32771,-0.00518],[109.32726,-0.00473],[109.32666,-0.0045],[109.32621,-0.0039],[109.32583,-0.00383],[109.32568,-0.00345],[109.32538,-0.0033],[109.32516,-0.003],[109.32478,-0.003],[109.32441,-0.00255],[109.32373,-0.00233],[109.32328,-0.00173],[109.32261,-0.00173],[109.32178,-0.0009],[109.32171,-0.00023],[109.32156,0],[109.32096,0],[109.32088,-0.00023],[109.32013,-0.00015],[109.31946,0.00023],[109.31923,0.00023],[109.31871,0.00068],[109.31803,0.00068],[109.31773,0.00105],[109.31728,0.00105],[109.31713,0.00135],[109.31668,0.0015],[109.31608,0.00158],[109.31481,0.0021],[109.31458,0.00233],[109.31391,0.00225],[109.31383,0.00255],[109.31308,0.00263],[109.31293,0.00248],[109.31256,0.00255],[109.31248,0.00278],[109.31188,0.00278],[109.31151,0.00293],[109.31068,0.00375],[109.30993,0.00368],[109.30963,0.0042],[109.30933,0.00428],[109.30903,0.00458],[109.30866,0.00465],[109.30888,0.00495],[109.30888,0.00525],[109.30851,0.00533],[109.30821,0.0051],[109.30798,0.00473],[109.30738,0.00473],[109.30723,0.00495],[109.30686,0.00495],[109.30648,0.00473],[109.30633,0.00495],[109.30581,0.00495],[109.30573,0.00548],[109.30528,0.00548],[109.30521,0.0051],[109.30483,0.0051],[109.30453,0.00563],[109.30416,0.00563],[109.30386,0.00518],[109.30288,0.0051],[109.30138,0.0051],[109.30093,0.00548],[109.30003,0.00548],[109.29965,0.00578],[109.29943,0.00623],[109.2989,0.00623],[109.2983,0.00638],[109.2983,0.00668],[109.29763,0.00705],[109.2974,0.00743],[109.29703,0.0075],[109.2962,0.00788],[109.29605,0.00803],[109.29545,0.00795],[109.29493,0.00833],[109.29463,0.00825],[109.29388,0.00825],[109.2935,0.00848],[109.29335,0.00878],[109.29335,0.00938],[109.29305,0.0096],[109.29268,0.00945],[109.2926,0.0087],[109.2923,0.00848],[109.2917,0.0084],[109.29038,0.0084],[109.28724,0.0059],[109.28694,0.00278],[109.28693,0.00148],[109.28818,0.0015],[109.28863,0.00143],[109.28878,0.00158],[109.28923,0.00158],[109.2896,0.00143],[109.29028,0.00098],[109.29028,0.00045],[109.29043,0.0003],[109.29118,0.0003],[109.2914,0.00023],[109.29155,-0.00023],[109.292,-0.0003],[109.2926,-0.00075],[109.29268,-0.00173],[109.29253,-0.0021],[109.29268,-0.00263],[109.29268,-0.003],[109.29238,-0.00315],[109.29238,-0.00383],[109.29268,-0.00413],[109.2929,-0.00413],[109.29305,-0.00465],[109.29275,-0.0048],[109.29245,-0.00518],[109.29245,-0.00555],[109.29328,-0.0054],[109.29328,-0.00488],[109.29358,-0.00465],[109.29358,-0.00428],[109.29335,-0.00405],[109.29328,-0.00353],[109.2938,-0.00353],[109.29418,-0.00383],[109.2944,-0.00338],[109.2941,-0.0024],[109.2941,-0.00195],[109.29395,-0.0018],[109.29335,-0.0018],[109.2935,-0.00143],[109.29388,-0.00165],[109.29388,-0.00113],[109.29418,-0.00105],[109.29485,-0.00135],[109.29538,-0.0015],[109.2953,-0.00173],[109.29455,-0.00188],[109.29493,-0.00248],[109.29523,-0.00248],[109.29545,-0.00218],[109.29583,-0.0021],[109.2962,-0.00255],[109.29605,-0.00173],[109.29665,-0.0018],[109.29793,-0.0018],[109.29793,-0.00188],[109.29958,-0.00188],[109.30026,-0.0018],[109.30063,-0.00188],[109.30093,-0.00173],[109.30138,-0.00173],[109.30183,-0.00158],[109.30206,-0.00135],[109.30251,-0.0012],[109.30318,-0.0012],[109.30356,-0.0015],[109.30356,-0.0018],[109.30378,-0.00195],[109.30461,-0.00188],[109.30498,-0.00135],[109.30461,-0.00135],[109.30446,-0.00113],[109.30596,-0.00113],[109.30671,-0.00105],[109.30723,-0.00113],[109.30746,-0.00128],[109.30783,-0.00128],[109.30813,-0.0015],[109.30806,-0.00248],[109.30821,-0.00285],[109.30866,-0.0024],[109.30896,-0.0024],[109.30896,-0.00203],[109.30948,-0.00188],[109.30956,-0.00225],[109.30941,-0.00255],[109.30963,-0.00285],[109.30993,-0.00285],[109.31046,-0.00255],[109.31061,-0.00285],[109.31113,-0.003],[109.31128,-0.00263],[109.31113,-0.0024],[109.31113,-0.00195],[109.31158,-0.00195],[109.31196,-0.00218],[109.31248,-0.00218],[109.31338,-0.00248],[109.31376,-0.00278],[109.31406,-0.00278],[109.31466,-0.00315],[109.31481,-0.00315],[109.31563,-0.00353],[109.31661,-0.00405],[109.31721,-0.00428],[109.31751,-0.00465],[109.31751,-0.00495],[109.31788,-0.00518],[109.31811,-0.00548],[109.31908,-0.00555],[109.31931,-0.006],[109.31976,-0.00623],[109.32006,-0.0066],[109.32051,-0.00675],[109.32118,-0.0075],[109.32208,-0.00803],[109.32231,-0.00855],[109.32291,-0.0084],[109.32306,-0.00863],[109.32291,-0.00908],[109.32321,-0.00938],[109.32343,-0.00938],[109.32396,-0.0099],[109.32448,-0.01028],[109.32531,-0.01028],[109.32531,-0.0108],[109.32561,-0.01065],[109.32598,-0.01065],[109.32628,-0.01095],[109.32681,-0.01125],[109.32711,-0.01178],[109.32756,-0.01185],[109.32801,-0.01208],[109.32868,-0.01268],[109.32853,-0.01298],[109.32853,-0.01335],[109.32936,-0.0141],[109.32921,-0.01478],[109.32951,-0.01493],[109.32973,-0.01478],[109.32988,-0.0144],[109.33033,-0.01433],[109.33063,-0.01478],[109.33101,-0.01493],[109.33161,-0.015],[109.33206,-0.01515],[109.33228,-0.01545],[109.33228,-0.01598],[109.33311,-0.01598],[109.33341,-0.01643],[109.33341,-0.01673],[109.33408,-0.01673],[109.33416,-0.01703],[109.33446,-0.01703],[109.33528,-0.01778],[109.33558,-0.0183],[109.33663,-0.01875],[109.33738,-0.01973],[109.33798,-0.0201],[109.33821,-0.0201],[109.33858,-0.0204],[109.33888,-0.02048],[109.33933,-0.02093],[109.33918,-0.0213],[109.33873,-0.02138],[109.33843,-0.02175],[109.33843,-0.02213],[109.33881,-0.02243],[109.33911,-0.02243],[109.33926,-0.0222],[109.33926,-0.02175],[109.34038,-0.0216],[109.34076,-0.02198],[109.34098,-0.02198],[109.34166,-0.02265],[109.34218,-0.02288],[109.34301,-0.02363],[109.34428,-0.0249],[109.34451,-0.02528],[109.34451,-0.02558],[109.34481,-0.02595],[109.34541,-0.027],[109.34556,-0.02753],[109.34586,-0.02783],[109.34601,-0.0285],[109.34646,-0.02948],[109.34646,-0.03],[109.34691,-0.03068],[109.34691,-0.03098],[109.34721,-0.03135],[109.34736,-0.03195],[109.34766,-0.03225],[109.34788,-0.03315],[109.34841,-0.03368],[109.34953,-0.036],[109.34961,-0.03638],[109.34916,-0.03638],[109.34916,-0.0366],[109.34968,-0.0366],[109.35006,-0.03698],[109.35036,-0.03713],[109.35081,-0.03758],[109.35096,-0.03803],[109.35119,-0.03825],[109.35119,-0.039],[109.35171,-0.03915],[109.35186,-0.03953],[109.35291,-0.04058],[109.35291,-0.0408],[109.35366,-0.04125],[109.35374,-0.04178],[109.35404,-0.04193],[109.35479,-0.04268],[109.35554,-0.04335],[109.35576,-0.04373],[109.35644,-0.0444],[109.35651,-0.04478],[109.35674,-0.04478],[109.35741,-0.04523],[109.35764,-0.04553],[109.35831,-0.04605],[109.35906,-0.0468],[109.35944,-0.04703],[109.36026,-0.04793],[109.36034,-0.04838],[109.36109,-0.04875],[109.36146,-0.04905],[109.36139,-0.04943],[109.36214,-0.04973],[109.36266,-0.05041],[109.36319,-0.05093],[109.36416,-0.05206],[109.36401,-0.05266],[109.36416,-0.05296],[109.36476,-0.05341],[109.36544,-0.05416],[109.36536,-0.05453],[109.36499,-0.05476],[109.36521,-0.05513],[109.36521,-0.05543],[109.36581,-0.05536],[109.36596,-0.05558],[109.36641,-0.05588],[109.36664,-0.05633],[109.36664,-0.05671],[109.36686,-0.05693],[109.36701,-0.05776],[109.36649,-0.05821],[109.36619,-0.05836],[109.36619,-0.05866],[109.36649,-0.05873],[109.36664,-0.05903],[109.36709,-0.05888],[109.36709,-0.05851],[109.36724,-0.05798],[109.36746,-0.05791],[109.36776,-0.05813],[109.36835,-0.05822],[109.36859,-0.05798],[109.36836,-0.05723],[109.36799,-0.05708],[109.36769,-0.05678],[109.36769,-0.05656],[109.36724,-0.05603],[109.36716,-0.05573],[109.36626,-0.05498],[109.36619,-0.05438],[109.36589,-0.05348],[109.36536,-0.05303],[109.36506,-0.05288],[109.36499,-0.05228],[109.36469,-0.05168],[109.36409,-0.05108],[109.36349,-0.05026],[109.36274,-0.04965],[109.36274,-0.04943],[109.36229,-0.04928],[109.36199,-0.04853],[109.36094,-0.04785],[109.36064,-0.04755],[109.36056,-0.04725],[109.36004,-0.04688],[109.35959,-0.04628],[109.35876,-0.04553],[109.35839,-0.04538],[109.35839,-0.04515],[109.35786,-0.04485],[109.35479,-0.04178],[109.35434,-0.04118],[109.35434,-0.04095],[109.35359,-0.04035],[109.35359,-0.04013],[109.35329,-0.03975],[109.35284,-0.03953],[109.35216,-0.03885],[109.35156,-0.03788],[109.35149,-0.03743],[109.35126,-0.03713],[109.35096,-0.03698],[109.35066,-0.03653],[109.35044,-0.03645],[109.35036,-0.03593],[109.35014,-0.03578],[109.34953,-0.03473],[109.34938,-0.03413],[109.34908,-0.03383],[109.34908,-0.03338],[109.34856,-0.03263],[109.34833,-0.03255],[109.34818,-0.03195],[109.34773,-0.03143],[109.34766,-0.03083],[109.34736,-0.03053],[109.34736,-0.03023],[109.34683,-0.02963],[109.34683,-0.02873],[109.34653,-0.02828],[109.34638,-0.02745],[109.34593,-0.02715],[109.34593,-0.02693],[109.34563,-0.02655],[109.34556,-0.02603],[109.34533,-0.02588],[109.34518,-0.02535],[109.34473,-0.02483],[109.34466,-0.02445],[109.34443,-0.02438],[109.34428,-0.02393],[109.34376,-0.02363],[109.34368,-0.02333],[109.34308,-0.02288],[109.34278,-0.02243],[109.34188,-0.02175],[109.34136,-0.02145],[109.34128,-0.02108],[109.34053,-0.02108],[109.34038,-0.02078],[109.33993,-0.02063],[109.33933,-0.02003],[109.33836,-0.01958],[109.33806,-0.01913],[109.33768,-0.01905],[109.33723,-0.01868],[109.33723,-0.01845],[109.33678,-0.01808],[109.33678,-0.01793],[109.33603,-0.01785],[109.33573,-0.01733],[109.33543,-0.01718],[109.33528,-0.01673],[109.33498,-0.01665],[109.33453,-0.01613],[109.33423,-0.01613],[109.33416,-0.01583],[109.33326,-0.01508],[109.33258,-0.01463],[109.33198,-0.01448],[109.33153,-0.01448],[109.33138,-0.01403],[109.33086,-0.01365],[109.32973,-0.01365],[109.32966,-0.01343],[109.32928,-0.01313],[109.32928,-0.01223],[109.32868,-0.01178],[109.32838,-0.01178],[109.32793,-0.01133],[109.32748,-0.01118],[109.32718,-0.01073],[109.32598,-0.01005],[109.32598,-0.00975],[109.32546,-0.00938],[109.32433,-0.00938],[109.32418,-0.00893],[109.32366,-0.00893],[109.32358,-0.00825],[109.32328,-0.00795],[109.32268,-0.00795],[109.32268,-0.00773],[109.32223,-0.00743],[109.32178,-0.00698],[109.32126,-0.00668],[109.32126,-0.00645],[109.32058,-0.00608],[109.32028,-0.00563],[109.31976,-0.00555],[109.31976,-0.00533],[109.31938,-0.00495],[109.31878,-0.00495],[109.31833,-0.00473],[109.31803,-0.00443],[109.31803,-0.00413],[109.31698,-0.00368],[109.31683,-0.00345],[109.31653,-0.00345],[109.31616,-0.00323],[109.31488,-0.00263],[109.31413,-0.00233],[109.31398,-0.00203],[109.31316,-0.00188],[109.31308,-0.00165],[109.31226,-0.00165],[109.31203,-0.00143],[109.31136,-0.00128],[109.31053,-0.00128],[109.31016,-0.00105],[109.30888,-0.00105],[109.30866,-0.00083],[109.30783,-0.00075],[109.30753,-0.00053],[109.30678,-0.00045],[109.30588,-0.00053],[109.30408,-0.00053],[109.30408,-0.00068],[109.30318,-0.00075],[109.30176,-0.00075],[109.30153,-0.00098],[109.30086,-0.00128],[109.29973,-0.00135],[109.29725,-0.00135],[109.29643,-0.00128],[109.29643,-0.00113],[109.29545,-0.00098],[109.29545,-0.00083],[109.2947,-0.00075],[109.29448,-0.00045],[109.29343,-0.00045],[109.29305,-0.00038],[109.29298,-0.00015],[109.29253,0],[109.31863,0],[109.31893,-0.00038],[109.32006,-0.00075],[109.32118,-0.00075],[109.32133,-0.00098],[109.32133,-0.00135],[109.32186,-0.00173],[109.32193,-0.00203],[109.32223,-0.00218],[109.32276,-0.00218],[109.32306,-0.00233],[109.32343,-0.00293],[109.32396,-0.00308],[109.32403,-0.00338],[109.32486,-0.00375],[109.32523,-0.00383],[109.32523,-0.00428],[109.32583,-0.00443],[109.32613,-0.00473],[109.32613,-0.00495],[109.32658,-0.00503],[109.32696,-0.00525],[109.32703,-0.00578],[109.32763,-0.00615],[109.32793,-0.00623],[109.32823,-0.00668],[109.32883,-0.00705],[109.32883,-0.00728],[109.32928,-0.00735],[109.32958,-0.00758],[109.33108,-0.00908],[109.33123,-0.00938],[109.33168,-0.00953],[109.33198,-0.00975],[109.33206,-0.01028],[109.33251,-0.01028],[109.33251,-0.01058],[109.33296,-0.01088],[109.33318,-0.01088],[109.33363,-0.01133],[109.33363,-0.01163],[109.33416,-0.01193],[109.33416,-0.01245],[109.33476,-0.01298],[109.33476,-0.01335],[109.33498,-0.01358],[109.33528,-0.01358],[109.33626,-0.01433],[109.33633,-0.01478],[109.33693,-0.01493],[109.33716,-0.01523],[109.33806,-0.01575],[109.33813,-0.01628],[109.33896,-0.01748],[109.33948,-0.01763],[109.33956,-0.01793],[109.33986,-0.01808],[109.34053,-0.01808],[109.34068,-0.01823]],[[109.29845,0.0045],[109.29853,0.00398],[109.29815,0.0039],[109.29785,0.0045],[109.29785,0.00488],[109.29755,0.0048],[109.29755,0.00443],[109.29718,0.00435],[109.29725,0.00495],[109.29748,0.00525],[109.29793,0.0051],[109.29838,0.0048],[109.29845,0.0045]]]},"properties":{"STREAM_ID":1}},{"type":"Feature","geometry":{"type":"Polygon","coordinates":[[[109.34068,-0.01823],[109.34068,-0.0177],[109.34008,-0.01748],[109.33941,-0.0168],[109.33911,-0.01635],[109.33881,-0.01613],[109.33836,-0.0153],[109.33813,-0.0153],[109.33716,-0.01425],[109.33648,-0.01395],[109.33596,-0.01335],[109.33558,-0.0132],[109.33513,-0.01283],[109.33513,-0.0126],[109.33453,-0.012],[109.33453,-0.01155],[109.33408,-0.0111],[109.33378,-0.01065],[109.33303,-0.0102],[109.33266,-0.00975],[109.33221,-0.00945],[109.33131,-0.0084],[109.33063,-0.0078],[109.33033,-0.00735],[109.32943,-0.00683],[109.32891,-0.00645],[109.32876,-0.00615],[109.32786,-0.00548],[109.32771,-0.00518],[109.32726,-0.00473],[109.32666,-0.0045],[109.32621,-0.0039],[109.32583,-0.00383],[109.32568,-0.00345],[109.32538,-0.0033],[109.32516,-0.003],[109.32478,-0.003],[109.32441,-0.00255],[109.32373,-0.00233],[109.32328,-0.00173],[109.32261,-0.00173],[109.32178,-0.0009],[109.32171,-0.00023],[109.32156,0],[109.32096,0],[109.32088,-0.00023],[109.32013,-0.00015],[109.31946,0.00023],[109.31923,0.00023],[109.31871,0.00068],[109.31803,0.00068],[109.31773,0.00105],[109.31728,0.00105],[109.31713,0.00135],[109.31668,0.0015],[109.31608,0.00158],[109.31481,0.0021],[109.31458,0.00233],[109.31391,0.00225],[109.31383,0.00255],[109.31308,0.00263],[109.31293,0.00248],[109.31256,0.00255],[109.31248,0.00278],[109.31188,0.00278],[109.31151,0.00293],[109.31068,0.00375],[109.30993,0.00368],[109.30963,0.0042],[109.30933,0.00428],[109.30903,0.00458],[109.30866,0.00465],[109.30888,0.00495],[109.30888,0.00525],[109.30851,0.00533],[109.30821,0.0051],[109.30798,0.00473],[109.30738,0.00473],[109.30723,0.00495],[109.30686,0.00495],[109.30648,0.00473],[109.30633,0.00495],[109.30581,0.00495],[109.30573,0.00548],[109.30528,0.00548],[109.30521,0.0051],[109.30483,0.0051],[109.30453,0.00563],[109.30416,0.00563],[109.30386,0.00518],[109.30288,0.0051],[109.30138,0.0051],[109.30093,0.00548],[109.30003,0.00548],[109.29965,0.00578],[109.29943,0.00623],[109.2989,0.00623],[109.2983,0.00638],[109.2983,0.00668],[109.29763,0.00705],[109.2974,0.00743],[109.29703,0.0075],[109.2962,0.00788],[109.29605,0.00803],[109.29545,0.00795],[109.29493,0.00833],[109.29463,0.00825],[109.29388,0.00825],[109.2935,0.00848],[109.29335,0.00878],[109.29335,0.00938],[109.29305,0.0096],[109.29268,0.00945],[109.2926,0.0087],[109.2923,0.00848],[109.2917,0.0084],[109.29038,0.0084],[109.28724,0.0059],[109.28694,0.00278],[109.28693,0.00148],[109.28818,0.0015],[109.28863,0.00143],[109.28878,0.00158],[109.28923,0.00158],[109.2896,0.00143],[109.29028,0.00098],[109.29028,0.00045],[109.29043,0.0003],[109.29118,0.0003],[109.2914,0.00023],[109.29155,-0.00023],[109.292,-0.0003],[109.2926,-0.00075],[109.29268,-0.00173],[109.29253,-0.0021],[109.29268,-0.00263],[109.29268,-0.003],[109.29238,-0.00315],[109.29238,-0.00383],[109.29268,-0.00413],[109.2929,-0.00413],[109.29305,-0.00465],[109.29275,-0.0048],[109.29245,-0.00518],[109.29245,-0.00555],[109.29328,-0.0054],[109.29328,-0.00488],[109.29358,-0.00465],[109.29358,-0.00428],[109.29335,-0.00405],[109.29328,-0.00353],[109.2938,-0.00353],[109.29418,-0.00383],[109.2944,-0.00338],[109.2941,-0.0024],[109.2941,-0.00195],[109.29395,-0.0018],[109.29335,-0.0018],[109.2935,-0.00143],[109.29388,-0.00165],[109.29388,-0.00113],[109.29418,-0.00105],[109.29485,-0.00135],[109.29538,-0.0015],[109.2953,-0.00173],[109.29455,-0.00188],[109.29493,-0.00248],[109.29523,-0.00248],[109.29545,-0.00218],[109.29583,-0.0021],[109.2962,-0.00255],[109.29605,-0.00173],[109.29665,-0.0018],[109.29793,-0.0018],[109.29793,-0.00188],[109.29958,-0.00188],[109.30026,-0.0018],[109.30063,-0.00188],[109.30093,-0.00173],[109.30138,-0.00173],[109.30183,-0.00158],[109.30206,-0.00135],[109.30251,-0.0012],[109.30318,-0.0012],[109.30356,-0.0015],[109.30356,-0.0018],[109.30378,-0.00195],[109.30461,-0.00188],[109.30498,-0.00135],[109.30461,-0.00135],[109.30446,-0.00113],[109.30596,-0.00113],[109.30671,-0.00105],[109.30723,-0.00113],[109.30746,-0.00128],[109.30783,-0.00128],[109.30813,-0.0015],[109.30806,-0.00248],[109.30821,-0.00285],[109.30866,-0.0024],[109.30896,-0.0024],[109.30896,-0.00203],[109.30948,-0.00188],[109.30956,-0.00225],[109.30941,-0.00255],[109.30963,-0.00285],[109.30993,-0.00285],[109.31046,-0.00255],[109.31061,-0.00285],[109.31113,-0.003],[109.31128,-0.00263],[109.31113,-0.0024],[109.31113,-0.00195],[109.31158,-0.00195],[109.31196,-0.00218],[109.31248,-0.00218],[109.31338,-0.00248],[109.31376,-0.00278],[109.31406,-0.00278],[109.31466,-0.00315],[109.31481,-0.00315],[109.31563,-0.00353],[109.31661,-0.00405],[109.31721,-0.00428],[109.31751,-0.00465],[109.31751,-0.00495],[109.31788,-0.00518],[109.31811,-0.00548],[109.31908,-0.00555],[109.31931,-0.006],[109.31976,-0.00623],[109.32006,-0.0066],[109.32051,-0.00675],[109.32118,-0.0075],[109.32208,-0.00803],[109.32231,-0.00855],[109.32291,-0.0084],[109.32306,-0.00863],[109.32291,-0.00908],[109.32321,-0.00938],[109.32343,-0.00938],[109.32396,-0.0099],[109.32448,-0.01028],[109.32531,-0.01028],[109.32531,-0.0108],[109.32561,-0.01065],[109.32598,-0.01065],[109.32628,-0.01095],[109.32681,-0.01125],[109.32711,-0.01178],[109.32756,-0.01185],[109.32801,-0.01208],[109.32868,-0.01268],[109.32853,-0.01298],[109.32853,-0.01335],[109.32936,-0.0141],[109.32921,-0.01478],[109.32951,-0.01493],[109.32973,-0.01478],[109.32988,-0.0144],[109.33033,-0.01433],[109.33063,-0.01478],[109.33101,-0.01493],[109.33161,-0.015],[109.33206,-0.01515],[109.33228,-0.01545],[109.33228,-0.01598],[109.33311,-0.01598],[109.33341,-0.01643],[109.33341,-0.01673],[109.33408,-0.01673],[109.33416,-0.01703],[109.33446,-0.01703],[109.33528,-0.01778],[109.33558,-0.0183],[109.33663,-0.01875],[109.33738,-0.01973],[109.33798,-0.0201],[109.33821,-0.0201],[109.33858,-0.0204],[109.33888,-0.02048],[109.33933,-0.02093],[109.33918,-0.0213],[109.33873,-0.02138],[109.33843,-0.02175],[109.33843,-0.02213],[109.33881,-0.02243],[109.33911,-0.02243],[109.33926,-0.0222],[109.33926,-0.02175],[109.34038,-0.0216],[109.34076,-0.02198],[109.34098,-0.02198],[109.34166,-0.02265],[109.34218,-0.02288],[109.34301,-0.02363],[109.34428,-0.0249],[109.34451,-0.02528],[109.34451,-0.02558],[109.34481,-0.02595],[109.34541,-0.027],[109.34556,-0.02753],[109.34586,-0.02783],[109.34601,-0.0285],[109.34646,-0.02948],[109.34646,-0.03],[109.34691,-0.03068],[109.34691,-0.03098],[109.34721,-0.03135],[109.34736,-0.03195],[109.34766,-0.03225],[109.34788,-0.03315],[109.34841,-0.03368],[109.34953,-0.036],[109.34961,-0.03638],[109.34916,-0.03638],[109.34916,-0.0366],[109.34968,-0.0366],[109.35006,-0.03698],[109.35036,-0.03713],[109.35081,-0.03758],[109.35096,-0.03803],[109.35119,-0.03825],[109.35119,-0.039],[109.35171,-0.03915],[109.35186,-0.03953],[109.35291,-0.04058],[109.35291,-0.0408],[109.35366,-0.04125],[109.35374,-0.04178],[109.35404,-0.04193],[109.35479,-0.04268],[109.35554,-0.04335],[109.35576,-0.04373],[109.35644,-0.0444],[109.35651,-0.04478],[109.35674,-0.04478],[109.35741,-0.04523],[109.35764,-0.04553],[109.35831,-0.04605],[109.35906,-0.0468],[109.35944,-0.04703],[109.36026,-0.04793],[109.36034,-0.04838],[109.36109,-0.04875],[109.36146,-0.04905],[109.36139,-0.04943],[109.36214,-0.04973],[109.36266,-0.05041],[109.36319,-0.05093],[109.36416,-0.05206],[109.36401,-0.05266],[109.36416,-0.05296],[109.36476,-0.05341],[109.36544,-0.05416],[109.36536,-0.05453],[109.36499,-0.05476],[109.36521,-0.05513],[109.36521,-0.05543],[109.36581,-0.05536],[109.36596,-0.05558],[109.36641,-0.05588],[109.36664,-0.05633],[109.36664,-0.05671],[109.36686,-0.05693],[109.36701,-0.05776],[109.36649,-0.05821],[109.36619,-0.05836],[109.36619,-0.05866],[109.36649,-0.05873],[109.36664,-0.05903],[109.36709,-0.05888],[109.36709,-0.05851],[109.36724,-0.05798],[109.36746,-0.05791],[109.36776,-0.05813],[109.36835,-0.05822],[109.36859,-0.05798],[109.36836,-0.05723],[109.36799,-0.05708],[109.36769,-0.05678],[109.36769,-0.05656],[109.36724,-0.05603],[109.36716,-0.05573],[109.36626,-0.05498],[109.36619,-0.05438],[109.36589,-0.05348],[109.36536,-0.05303],[109.36506,-0.05288],[109.36499,-0.05228],[109.36469,-0.05168],[109.36409,-0.05108],[109.36349,-0.05026],[109.36274,-0.04965],[109.36274,-0.04943],[109.36229,-0.04928],[109.36199,-0.04853],[109.36094,-0.04785],[109.36064,-0.04755],[109.36056,-0.04725],[109.36004,-0.04688],[109.35959,-0.04628],[109.35876,-0.04553],[109.35839,-0.04538],[109.35839,-0.04515],[109.35786,-0.04485],[109.35479,-0.04178],[109.35434,-0.04118],[109.35434,-0.04095],[109.35359,-0.04035],[109.35359,-0.04013],[109.35329,-0.03975],[109.35284,-0.03953],[109.35216,-0.03885],[109.35156,-0.03788],[109.35149,-0.03743],[109.35126,-0.03713],[109.35096,-0.03698],[109.35066,-0.03653],[109.35044,-0.03645],[109.35036,-0.03593],[109.35014,-0.03578],[109.34953,-0.03473],[109.34938,-0.03413],[109.34908,-0.03383],[109.34908,-0.03338],[109.34856,-0.03263],[109.34833,-0.03255],[109.34818,-0.03195],[109.34773,-0.03143],[109.34766,-0.03083],[109.34736,-0.03053],[109.34736,-0.03023],[109.34683,-0.02963],[109.34683,-0.02873],[109.34653,-0.02828],[109.34638,-0.02745],[109.34593,-0.02715],[109.34593,-0.02693],[109.34563,-0.02655],[109.34556,-0.02603],[109.34533,-0.02588],[109.34518,-0.02535],[109.34473,-0.02483],[109.34466,-0.02445],[109.34443,-0.02438],[109.34428,-0.02393],[109.34376,-0.02363],[109.34368,-0.02333],[109.34308,-0.02288],[109.34278,-0.02243],[109.34188,-0.02175],[109.34136,-0.02145],[109.34128,-0.02108],[109.34053,-0.02108],[109.34038,-0.02078],[109.33993,-0.02063],[109.33933,-0.02003],[109.33836,-0.01958],[109.33806,-0.01913],[109.33768,-0.01905],[109.33723,-0.01868],[109.33723,-0.01845],[109.33678,-0.01808],[109.33678,-0.01793],[109.33603,-0.01785],[109.33573,-0.01733],[109.33543,-0.01718],[109.33528,-0.01673],[109.33498,-0.01665],[109.33453,-0.01613],[109.33423,-0.01613],[109.33416,-0.01583],[109.33326,-0.01508],[109.33258,-0.01463],[109.33198,-0.01448],[109.33153,-0.01448],[109.33138,-0.01403],[109.33086,-0.01365],[109.32973,-0.01365],[109.32966,-0.01343],[109.32928,-0.01313],[109.32928,-0.01223],[109.32868,-0.01178],[109.32838,-0.01178],[109.32793,-0.01133],[109.32748,-0.01118],[109.32718,-0.01073],[109.32598,-0.01005],[109.32598,-0.00975],[109.32546,-0.00938],[109.32433,-0.00938],[109.32418,-0.00893],[109.32366,-0.00893],[109.32358,-0.00825],[109.32328,-0.00795],[109.32268,-0.00795],[109.32268,-0.00773],[109.32223,-0.00743],[109.32178,-0.00698],[109.32126,-0.00668],[109.32126,-0.00645],[109.32058,-0.00608],[109.32028,-0.00563],[109.31976,-0.00555],[109.31976,-0.00533],[109.31938,-0.00495],[109.31878,-0.00495],[109.31833,-0.00473],[109.31803,-0.00443],[109.31803,-0.00413],[109.31698,-0.00368],[109.31683,-0.00345],[109.31653,-0.00345],[109.31616,-0.00323],[109.31488,-0.00263],[109.31413,-0.00233],[109.31398,-0.00203],[109.31316,-0.00188],[109.31308,-0.00165],[109.31226,-0.00165],[109.31203,-0.00143],[109.31136,-0.00128],[109.31053,-0.00128],[109.31016,-0.00105],[109.30888,-0.00105],[109.30866,-0.00083],[109.30783,-0.00075],[109.30753,-0.00053],[109.30678,-0.00045],[109.30588,-0.00053],[109.30408,-0.00053],[109.30408,-0.00068],[109.30318,-0.00075],[109.30176,-0.00075],[109.30153,-0.00098],[109.30086,-0.00128],[109.29973,-0.00135],[109.29725,-0.00135],[109.29643,-0.00128],[109.29643,-0.00113],[109.29545,-0.00098],[109.29545,-0.00083],[109.2947,-0.00075],[109.29448,-0.00045],[109.29343,-0.00045],[109.29305,-0.00038],[109.29298,-0.00015],[109.29253,0],[109.31863,0],[109.31893,-0.00038],[109.32006,-0.00075],[109.32118,-0.00075],[109.32133,-0.00098],[109.32133,-0.00135],[109.32186,-0.00173],[109.32193,-0.00203],[109.32223,-0.00218],[109.32276,-0.00218],[109.32306,-0.00233],[109.32343,-0.00293],[109.32396,-0.00308],[109.32403,-0.00338],[109.32486,-0.00375],[109.32523,-0.00383],[109.32523,-0.00428],[109.32583,-0.00443],[109.32613,-0.00473],[109.32613,-0.00495],[109.32658,-0.00503],[109.32696,-0.00525],[109.32703,-0.00578],[109.32763,-0.00615],[109.32793,-0.00623],[109.32823,-0.00668],[109.32883,-0.00705],[109.32883,-0.00728],[109.32928,-0.00735],[109.32958,-0.00758],[109.33108,-0.00908],[109.33123,-0.00938],[109.33168,-0.00953],[109.33198,-0.00975],[109.33206,-0.01028],[109.33251,-0.01028],[109.33251,-0.01058],[109.33296,-0.01088],[109.33318,-0.01088],[109.33363,-0.01133],[109.33363,-0.01163],[109.33416,-0.01193],[109.33416,-0.01245],[109.33476,-0.01298],[109.33476,-0.01335],[109.33498,-0.01358],[109.33528,-0.01358],[109.33626,-0.01433],[109.33633,-0.01478],[109.33693,-0.01493],[109.33716,-0.01523],[109.33806,-0.01575],[109.33813,-0.01628],[109.33896,-0.01748],[109.33948,-0.01763],[109.33956,-0.01793],[109.33986,-0.01808],[109.34053,-0.01808],[109.34068,-0.01823]],[[109.29845,0.0045],[109.29853,0.00398],[109.29815,0.0039],[109.29785,0.0045],[109.29785,0.00488],[109.29755,0.0048],[109.29755,0.00443],[109.29718,0.00435],[109.29725,0.00495],[109.29748,0.00525],[109.29793,0.0051],[109.29838,0.0048],[109.29845,0.0045]]]},"properties":{"STREAM_ID":1}},{"type":"Feature","geometry":{"type":"Polygon","coordinates":[[[109.28691,0.00015],[109.28695,0.00045],[109.28691,0.00018],[109.28691,0.00015]]]},"properties":{"STREAM_ID":1}},{"type":"Feature","geometry":{"type":"Polygon","coordinates":[[[109.34068,-0.01823],[109.34068,-0.0177],[109.34008,-0.01748],[109.33941,-0.0168],[109.33911,-0.01635],[109.33881,-0.01613],[109.33836,-0.0153],[109.33813,-0.0153],[109.33716,-0.01425],[109.33648,-0.01395],[109.33596,-0.01335],[109.33558,-0.0132],[109.33513,-0.01283],[109.33513,-0.0126],[109.33453,-0.012],[109.33453,-0.01155],[109.33408,-0.0111],[109.33378,-0.01065],[109.33303,-0.0102],[109.33266,-0.00975],[109.33221,-0.00945],[109.33131,-0.0084],[109.33063,-0.0078],[109.33033,-0.00735],[109.32943,-0.00683],[109.32891,-0.00645],[109.32876,-0.00615],[109.32786,-0.00548],[109.32771,-0.00518],[109.32726,-0.00473],[109.32666,-0.0045],[109.32621,-0.0039],[109.32583,-0.00383],[109.32568,-0.00345],[109.32538,-0.0033],[109.32516,-0.003],[109.32478,-0.003],[109.32441,-0.00255],[109.32373,-0.00233],[109.32328,-0.00173],[109.32261,-0.00173],[109.32178,-0.0009],[109.32171,-0.00023],[109.32156,0],[109.32096,0],[109.32088,-0.00023],[109.32013,-0.00015],[109.31946,0.00023],[109.31923,0.00023],[109.31871,0.00068],[109.31803,0.00068],[109.31773,0.00105],[109.31728,0.00105],[109.31713,0.00135],[109.31668,0.0015],[109.31608,0.00158],[109.31481,0.0021],[109.31458,0.00233],[109.31391,0.00225],[109.31383,0.00255],[109.31308,0.00263],[109.31293,0.00248],[109.31256,0.00255],[109.31248,0.00278],[109.31188,0.00278],[109.31151,0.00293],[109.31068,0.00375],[109.30993,0.00368],[109.30963,0.0042],[109.30933,0.00428],[109.30903,0.00458],[109.30866,0.00465],[109.30888,0.00495],[109.30888,0.00525],[109.30851,0.00533],[109.30821,0.0051],[109.30798,0.00473],[109.30738,0.00473],[109.30723,0.00495],[109.30686,0.00495],[109.30648,0.00473],[109.30633,0.00495],[109.30581,0.00495],[109.30573,0.00548],[109.30528,0.00548],[109.30521,0.0051],[109.30483,0.0051],[109.30453,0.00563],[109.30416,0.00563],[109.30386,0.00518],[109.30288,0.0051],[109.30138,0.0051],[109.30093,0.00548],[109.30003,0.00548],[109.29965,0.00578],[109.29943,0.00623],[109.2989,0.00623],[109.2983,0.00638],[109.2983,0.00668],[109.29763,0.00705],[109.2974,0.00743],[109.29703,0.0075],[109.2962,0.00788],[109.29605,0.00803],[109.29545,0.00795],[109.29493,0.00833],[109.29463,0.00825],[109.29388,0.00825],[109.2935,0.00848],[109.29335,0.00878],[109.29335,0.00938],[109.29305,0.0096],[109.29268,0.00945],[109.2926,0.0087],[109.2923,0.00848],[109.2917,0.0084],[109.29038,0.0084],[109.28724,0.0059],[109.28694,0.00278],[109.28693,0.00148],[109.28818,0.0015],[109.28863,0.00143],[109.28878,0.00158],[109.28923,0.00158],[109.2896,0.00143],[109.29028,0.00098],[109.29028,0.00045],[109.29043,0.0003],[109.29118,0.0003],[109.2914,0.00023],[109.29155,-0.00023],[109.292,-0.0003],[109.2926,-0.00075],[109.29268,-0.00173],[109.29253,-0.0021],[109.29268,-0.00263],[109.29268,-0.003],[109.29238,-0.00315],[109.29238,-0.00383],[109.29268,-0.00413],[109.2929,-0.00413],[109.29305,-0.00465],[109.29275,-0.0048],[109.29245,-0.00518],[109.29245,-0.00555],[109.29328,-0.0054],[109.29328,-0.00488],[109.29358,-0.00465],[109.29358,-0.00428],[109.29335,-0.00405],[109.29328,-0.00353],[109.2938,-0.00353],[109.29418,-0.00383],[109.2944,-0.00338],[109.2941,-0.0024],[109.2941,-0.00195],[109.29395,-0.0018],[109.29335,-0.0018],[109.2935,-0.00143],[109.29388,-0.00165],[109.29388,-0.00113],[109.29418,-0.00105],[109.29485,-0.00135],[109.29538,-0.0015],[109.2953,-0.00173],[109.29455,-0.00188],[109.29493,-0.00248],[109.29523,-0.00248],[109.29545,-0.00218],[109.29583,-0.0021],[109.2962,-0.00255],[109.29605,-0.00173],[109.29665,-0.0018],[109.29793,-0.0018],[109.29793,-0.00188],[109.29958,-0.00188],[109.30026,-0.0018],[109.30063,-0.00188],[109.30093,-0.00173],[109.30138,-0.00173],[109.30183,-0.00158],[109.30206,-0.00135],[109.30251,-0.0012],[109.30318,-0.0012],[109.30356,-0.0015],[109.30356,-0.0018],[109.30378,-0.00195],[109.30461,-0.00188],[109.30498,-0.00135],[109.30461,-0.00135],[109.30446,-0.00113],[109.30596,-0.00113],[109.30671,-0.00105],[109.30723,-0.00113],[109.30746,-0.00128],[109.30783,-0.00128],[109.30813,-0.0015],[109.30806,-0.00248],[109.30821,-0.00285],[109.30866,-0.0024],[109.30896,-0.0024],[109.30896,-0.00203],[109.30948,-0.00188],[109.30956,-0.00225],[109.30941,-0.00255],[109.30963,-0.00285],[109.30993,-0.00285],[109.31046,-0.00255],[109.31061,-0.00285],[109.31113,-0.003],[109.31128,-0.00263],[109.31113,-0.0024],[109.31113,-0.00195],[109.31158,-0.00195],[109.31196,-0.00218],[109.31248,-0.00218],[109.31338,-0.00248],[109.31376,-0.00278],[109.31406,-0.00278],[109.31466,-0.00315],[109.31481,-0.00315],[109.31563,-0.00353],[109.31661,-0.00405],[109.31721,-0.00428],[109.31751,-0.00465],[109.31751,-0.00495],[109.31788,-0.00518],[109.31811,-0.00548],[109.31908,-0.00555],[109.31931,-0.006],[109.31976,-0.00623],[109.32006,-0.0066],[109.32051,-0.00675],[109.32118,-0.0075],[109.32208,-0.00803],[109.32231,-0.00855],[109.32291,-0.0084],[109.32306,-0.00863],[109.32291,-0.00908],[109.32321,-0.00938],[109.32343,-0.00938],[109.32396,-0.0099],[109.32448,-0.01028],[109.32531,-0.01028],[109.32531,-0.0108],[109.32561,-0.01065],[109.32598,-0.01065],[109.32628,-0.01095],[109.32681,-0.01125],[109.32711,-0.01178],[109.32756,-0.01185],[109.32801,-0.01208],[109.32868,-0.01268],[109.32853,-0.01298],[109.32853,-0.01335],[109.32936,-0.0141],[109.32921,-0.01478],[109.32951,-0.01493],[109.32973,-0.01478],[109.32988,-0.0144],[109.33033,-0.01433],[109.33063,-0.01478],[109.33101,-0.01493],[109.33161,-0.015],[109.33206,-0.01515],[109.33228,-0.01545],[109.33228,-0.01598],[109.33311,-0.01598],[109.33341,-0.01643],[109.33341,-0.01673],[109.33408,-0.01673],[109.33416,-0.01703],[109.33446,-0.01703],[109.33528,-0.01778],[109.33558,-0.0183],[109.33663,-0.01875],[109.33738,-0.01973],[109.33798,-0.0201],[109.33821,-0.0201],[109.33858,-0.0204],[109.33888,-0.02048],[109.33933,-0.02093],[109.33918,-0.0213],[109.33873,-0.02138],[109.33843,-0.02175],[109.33843,-0.02213],[109.33881,-0.02243],[109.33911,-0.02243],[109.33926,-0.0222],[109.33926,-0.02175],[109.34038,-0.0216],[109.34076,-0.02198],[109.34098,-0.02198],[109.34166,-0.02265],[109.34218,-0.02288],[109.34301,-0.02363],[109.34428,-0.0249],[109.34451,-0.02528],[109.34451,-0.02558],[109.34481,-0.02595],[109.34541,-0.027],[109.34556,-0.02753],[109.34586,-0.02783],[109.34601,-0.0285],[109.34646,-0.02948],[109.34646,-0.03],[109.34691,-0.03068],[109.34691,-0.03098],[109.34721,-0.03135],[109.34736,-0.03195],[109.34766,-0.03225],[109.34788,-0.03315],[109.34841,-0.03368],[109.34953,-0.036],[109.34961,-0.03638],[109.34916,-0.03638],[109.34916,-0.0366],[109.34968,-0.0366],[109.35006,-0.03698],[109.35036,-0.03713],[109.35081,-0.03758],[109.35096,-0.03803],[109.35119,-0.03825],[109.35119,-0.039],[109.35171,-0.03915],[109.35186,-0.03953],[109.35291,-0.04058],[109.35291,-0.0408],[109.35366,-0.04125],[109.35374,-0.04178],[109.35404,-0.04193],[109.35479,-0.04268],[109.35554,-0.04335],[109.35576,-0.04373],[109.35644,-0.0444],[109.35651,-0.04478],[109.35674,-0.04478],[109.35741,-0.04523],[109.35764,-0.04553],[109.35831,-0.04605],[109.35906,-0.0468],[109.35944,-0.04703],[109.36026,-0.04793],[109.36034,-0.04838],[109.36109,-0.04875],[109.36146,-0.04905],[109.36139,-0.04943],[109.36214,-0.04973],[109.36266,-0.05041],[109.36319,-0.05093],[109.36416,-0.05206],[109.36401,-0.05266],[109.36416,-0.05296],[109.36476,-0.05341],[109.36544,-0.05416],[109.36536,-0.05453],[109.36499,-0.05476],[109.36521,-0.05513],[109.36521,-0.05543],[109.36581,-0.05536],[109.36596,-0.05558],[109.36641,-0.05588],[109.36664,-0.05633],[109.36664,-0.05671],[109.36686,-0.05693],[109.36701,-0.05776],[109.36649,-0.05821],[109.36619,-0.05836],[109.36619,-0.05866],[109.36649,-0.05873],[109.36664,-0.05903],[109.36709,-0.05888],[109.36709,-0.05851],[109.36724,-0.05798],[109.36746,-0.05791],[109.36776,-0.05813],[109.36835,-0.05822],[109.36859,-0.05798],[109.36836,-0.05723],[109.36799,-0.05708],[109.36769,-0.05678],[109.36769,-0.05656],[109.36724,-0.05603],[109.36716,-0.05573],[109.36626,-0.05498],[109.36619,-0.05438],[109.36589,-0.05348],[109.36536,-0.05303],[109.36506,-0.05288],[109.36499,-0.05228],[109.36469,-0.05168],[109.36409,-0.05108],[109.36349,-0.05026],[109.36274,-0.04965],[109.36274,-0.04943],[109.36229,-0.04928],[109.36199,-0.04853],[109.36094,-0.04785],[109.36064,-0.04755],[109.36056,-0.04725],[109.36004,-0.04688],[109.35959,-0.04628],[109.35876,-0.04553],[109.35839,-0.04538],[109.35839,-0.04515],[109.35786,-0.04485],[109.35479,-0.04178],[109.35434,-0.04118],[109.35434,-0.04095],[109.35359,-0.04035],[109.35359,-0.04013],[109.35329,-0.03975],[109.35284,-0.03953],[109.35216,-0.03885],[109.35156,-0.03788],[109.35149,-0.03743],[109.35126,-0.03713],[109.35096,-0.03698],[109.35066,-0.03653],[109.35044,-0.03645],[109.35036,-0.03593],[109.35014,-0.03578],[109.34953,-0.03473],[109.34938,-0.03413],[109.34908,-0.03383],[109.34908,-0.03338],[109.34856,-0.03263],[109.34833,-0.03255],[109.34818,-0.03195],[109.34773,-0.03143],[109.34766,-0.03083],[109.34736,-0.03053],[109.34736,-0.03023],[109.34683,-0.02963],[109.34683,-0.02873],[109.34653,-0.02828],[109.34638,-0.02745],[109.34593,-0.02715],[109.34593,-0.02693],[109.34563,-0.02655],[109.34556,-0.02603],[109.34533,-0.02588],[109.34518,-0.02535],[109.34473,-0.02483],[109.34466,-0.02445],[109.34443,-0.02438],[109.34428,-0.02393],[109.34376,-0.02363],[109.34368,-0.02333],[109.34308,-0.02288],[109.34278,-0.02243],[109.34188,-0.02175],[109.34136,-0.02145],[109.34128,-0.02108],[109.34053,-0.02108],[109.34038,-0.02078],[109.33993,-0.02063],[109.33933,-0.02003],[109.33836,-0.01958],[109.33806,-0.01913],[109.33768,-0.01905],[109.33723,-0.01868],[109.33723,-0.01845],[109.33678,-0.01808],[109.33678,-0.01793],[109.33603,-0.01785],[109.33573,-0.01733],[109.33543,-0.01718],[109.33528,-0.01673],[109.33498,-0.01665],[109.33453,-0.01613],[109.33423,-0.01613],[109.33416,-0.01583],[109.33326,-0.01508],[109.33258,-0.01463],[109.33198,-0.01448],[109.33153,-0.01448],[109.33138,-0.01403],[109.33086,-0.01365],[109.32973,-0.01365],[109.32966,-0.01343],[109.32928,-0.01313],[109.32928,-0.01223],[109.32868,-0.01178],[109.32838,-0.01178],[109.32793,-0.01133],[109.32748,-0.01118],[109.32718,-0.01073],[109.32598,-0.01005],[109.32598,-0.00975],[109.32546,-0.00938],[109.32433,-0.00938],[109.32418,-0.00893],[109.32366,-0.00893],[109.32358,-0.00825],[109.32328,-0.00795],[109.32268,-0.00795],[109.32268,-0.00773],[109.32223,-0.00743],[109.32178,-0.00698],[109.32126,-0.00668],[109.32126,-0.00645],[109.32058,-0.00608],[109.32028,-0.00563],[109.31976,-0.00555],[109.31976,-0.00533],[109.31938,-0.00495],[109.31878,-0.00495],[109.31833,-0.00473],[109.31803,-0.00443],[109.31803,-0.00413],[109.31698,-0.00368],[109.31683,-0.00345],[109.31653,-0.00345],[109.31616,-0.00323],[109.31488,-0.00263],[109.31413,-0.00233],[109.31398,-0.00203],[109.31316,-0.00188],[109.31308,-0.00165],[109.31226,-0.00165],[109.31203,-0.00143],[109.31136,-0.00128],[109.31053,-0.00128],[109.31016,-0.00105],[109.30888,-0.00105],[109.30866,-0.00083],[109.30783,-0.00075],[109.30753,-0.00053],[109.30678,-0.00045],[109.30588,-0.00053],[109.30408,-0.00053],[109.30408,-0.00068],[109.30318,-0.00075],[109.30176,-0.00075],[109.30153,-0.00098],[109.30086,-0.00128],[109.29973,-0.00135],[109.29725,-0.00135],[109.29643,-0.00128],[109.29643,-0.00113],[109.29545,-0.00098],[109.29545,-0.00083],[109.2947,-0.00075],[109.29448,-0.00045],[109.29343,-0.00045],[109.29305,-0.00038],[109.29298,-0.00015],[109.29253,0],[109.31863,0],[109.31893,-0.00038],[109.32006,-0.00075],[109.32118,-0.00075],[109.32133,-0.00098],[109.32133,-0.00135],[109.32186,-0.00173],[109.32193,-0.00203],[109.32223,-0.00218],[109.32276,-0.00218],[109.32306,-0.00233],[109.32343,-0.00293],[109.32396,-0.00308],[109.32403,-0.00338],[109.32486,-0.00375],[109.32523,-0.00383],[109.32523,-0.00428],[109.32583,-0.00443],[109.32613,-0.00473],[109.32613,-0.00495],[109.32658,-0.00503],[109.32696,-0.00525],[109.32703,-0.00578],[109.32763,-0.00615],[109.32793,-0.00623],[109.32823,-0.00668],[109.32883,-0.00705],[109.32883,-0.00728],[109.32928,-0.00735],[109.32958,-0.00758],[109.33108,-0.00908],[109.33123,-0.00938],[109.33168,-0.00953],[109.33198,-0.00975],[109.33206,-0.01028],[109.33251,-0.01028],[109.33251,-0.01058],[109.33296,-0.01088],[109.33318,-0.01088],[109.33363,-0.01133],[109.33363,-0.01163],[109.33416,-0.01193],[109.33416,-0.01245],[109.33476,-0.01298],[109.33476,-0.01335],[109.33498,-0.01358],[109.33528,-0.01358],[109.33626,-0.01433],[109.33633,-0.01478],[109.33693,-0.01493],[109.33716,-0.01523],[109.33806,-0.01575],[109.33813,-0.01628],[109.33896,-0.01748],[109.33948,-0.01763],[109.33956,-0.01793],[109.33986,-0.01808],[109.34053,-0.01808],[109.34068,-0.01823]],[[109.29845,0.0045],[109.29853,0.00398],[109.29815,0.0039],[109.29785,0.0045],[109.29785,0.00488],[109.29755,0.0048],[109.29755,0.00443],[109.29718,0.00435],[109.29725,0.00495],[109.29748,0.00525],[109.29793,0.0051],[109.29838,0.0048],[109.29845,0.0045]]]},"properties":{"STREAM_ID":1}},{"type":"Feature","geometry":{"type":"Polygon","coordinates":[[[109.37054,-0.05948],[109.37084,-0.05963],[109.37136,-0.06053],[109.37166,-0.06053],[109.37196,-0.06098],[109.37219,-0.06098],[109.37226,-0.06136],[109.37249,-0.06143],[109.37249,-0.06226],[109.37264,-0.06248],[109.37306,-0.06263],[109.37354,-0.06218],[109.37324,-0.06181],[109.37294,-0.06173],[109.37294,-0.06106],[109.37264,-0.06046],[109.37286,-0.06031],[109.37286,-0.05978],[109.37309,-0.05956],[109.37339,-0.05963],[109.37339,-0.05993],[109.37369,-0.05993],[109.37421,-0.05956],[109.37421,-0.05918],[109.37384,-0.05911],[109.37361,-0.05933],[109.37331,-0.05933],[109.37256,-0.05963],[109.37241,-0.05986],[109.37264,-0.06023],[109.37241,-0.06046],[109.37211,-0.06016],[109.37204,-0.05986],[109.37159,-0.05941],[109.37151,-0.05903],[109.37121,-0.05896],[109.37099,-0.05918],[109.37054,-0.05918],[109.37054,-0.05948]]]},"properties":{"STREAM_ID":1}},{"type":"Feature","geometry":{"type":"Polygon","coordinates":[[[109.34068,-0.01823],[109.34068,-0.0177],[109.34008,-0.01748],[109.33941,-0.0168],[109.33911,-0.01635],[109.33881,-0.01613],[109.33836,-0.0153],[109.33813,-0.0153],[109.33716,-0.01425],[109.33648,-0.01395],[109.33596,-0.01335],[109.33558,-0.0132],[109.33513,-0.01283],[109.33513,-0.0126],[109.33453,-0.012],[109.33453,-0.01155],[109.33408,-0.0111],[109.33378,-0.01065],[109.33303,-0.0102],[109.33266,-0.00975],[109.33221,-0.00945],[109.33131,-0.0084],[109.33063,-0.0078],[109.33033,-0.00735],[109.32943,-0.00683],[109.32891,-0.00645],[109.32876,-0.00615],[109.32786,-0.00548],[109.32771,-0.00518],[109.32726,-0.00473],[109.32666,-0.0045],[109.32621,-0.0039],[109.32583,-0.00383],[109.32568,-0.00345],[109.32538,-0.0033],[109.32516,-0.003],[109.32478,-0.003],[109.32441,-0.00255],[109.32373,-0.00233],[109.32328,-0.00173],[109.32261,-0.00173],[109.32178,-0.0009],[109.32171,-0.00023],[109.32156,0],[109.32096,0],[109.32088,-0.00023],[109.32013,-0.00015],[109.31946,0.00023],[109.31923,0.00023],[109.31871,0.00068],[109.31803,0.00068],[109.31773,0.00105],[109.31728,0.00105],[109.31713,0.00135],[109.31668,0.0015],[109.31608,0.00158],[109.31481,0.0021],[109.31458,0.00233],[109.31391,0.00225],[109.31383,0.00255],[109.31308,0.00263],[109.31293,0.00248],[109.31256,0.00255],[109.31248,0.00278],[109.31188,0.00278],[109.31151,0.00293],[109.31068,0.00375],[109.30993,0.00368],[109.30963,0.0042],[109.30933,0.00428],[109.30903,0.00458],[109.30866,0.00465],[109.30888,0.00495],[109.30888,0.00525],[109.30851,0.00533],[109.30821,0.0051],[109.30798,0.00473],[109.30738,0.00473],[109.30723,0.00495],[109.30686,0.00495],[109.30648,0.00473],[109.30633,0.00495],[109.30581,0.00495],[109.30573,0.00548],[109.30528,0.00548],[109.30521,0.0051],[109.30483,0.0051],[109.30453,0.00563],[109.30416,0.00563],[109.30386,0.00518],[109.30288,0.0051],[109.30138,0.0051],[109.30093,0.00548],[109.30003,0.00548],[109.29965,0.00578],[109.29943,0.00623],[109.2989,0.00623],[109.2983,0.00638],[109.2983,0.00668],[109.29763,0.00705],[109.2974,0.00743],[109.29703,0.0075],[109.2962,0.00788],[109.29605,0.00803],[109.29545,0.00795],[109.29493,0.00833],[109.29463,0.00825],[109.29388,0.00825],[109.2935,0.00848],[109.29335,0.00878],[109.29335,0.00938],[109.29305,0.0096],[109.29268,0.00945],[109.2926,0.0087],[109.2923,0.00848],[109.2917,0.0084],[109.29038,0.0084],[109.28724,0.0059],[109.28694,0.00278],[109.28693,0.00148],[109.28818,0.0015],[109.28863,0.00143],[109.28878,0.00158],[109.28923,0.00158],[109.2896,0.00143],[109.29028,0.00098],[109.29028,0.00045],[109.29043,0.0003],[109.29118,0.0003],[109.2914,0.00023],[109.29155,-0.00023],[109.292,-0.0003],[109.2926,-0.00075],[109.29268,-0.00173],[109.29253,-0.0021],[109.29268,-0.00263],[109.29268,-0.003],[109.29238,-0.00315],[109.29238,-0.00383],[109.29268,-0.00413],[109.2929,-0.00413],[109.29305,-0.00465],[109.29275,-0.0048],[109.29245,-0.00518],[109.29245,-0.00555],[109.29328,-0.0054],[109.29328,-0.00488],[109.29358,-0.00465],[109.29358,-0.00428],[109.29335,-0.00405],[109.29328,-0.00353],[109.2938,-0.00353],[109.29418,-0.00383],[109.2944,-0.00338],[109.2941,-0.0024],[109.2941,-0.00195],[109.29395,-0.0018],[109.29335,-0.0018],[109.2935,-0.00143],[109.29388,-0.00165],[109.29388,-0.00113],[109.29418,-0.00105],[109.29485,-0.00135],[109.29538,-0.0015],[109.2953,-0.00173],[109.29455,-0.00188],[109.29493,-0.00248],[109.29523,-0.00248],[109.29545,-0.00218],[109.29583,-0.0021],[109.2962,-0.00255],[109.29605,-0.00173],[109.29665,-0.0018],[109.29793,-0.0018],[109.29793,-0.00188],[109.29958,-0.00188],[109.30026,-0.0018],[109.30063,-0.00188],[109.30093,-0.00173],[109.30138,-0.00173],[109.30183,-0.00158],[109.30206,-0.00135],[109.30251,-0.0012],[109.30318,-0.0012],[109.30356,-0.0015],[109.30356,-0.0018],[109.30378,-0.00195],[109.30461,-0.00188],[109.30498,-0.00135],[109.30461,-0.00135],[109.30446,-0.00113],[109.30596,-0.00113],[109.30671,-0.00105],[109.30723,-0.00113],[109.30746,-0.00128],[109.30783,-0.00128],[109.30813,-0.0015],[109.30806,-0.00248],[109.30821,-0.00285],[109.30866,-0.0024],[109.30896,-0.0024],[109.30896,-0.00203],[109.30948,-0.00188],[109.30956,-0.00225],[109.30941,-0.00255],[109.30963,-0.00285],[109.30993,-0.00285],[109.31046,-0.00255],[109.31061,-0.00285],[109.31113,-0.003],[109.31128,-0.00263],[109.31113,-0.0024],[109.31113,-0.00195],[109.31158,-0.00195],[109.31196,-0.00218],[109.31248,-0.00218],[109.31338,-0.00248],[109.31376,-0.00278],[109.31406,-0.00278],[109.31466,-0.00315],[109.31481,-0.00315],[109.31563,-0.00353],[109.31661,-0.00405],[109.31721,-0.00428],[109.31751,-0.00465],[109.31751,-0.00495],[109.31788,-0.00518],[109.31811,-0.00548],[109.31908,-0.00555],[109.31931,-0.006],[109.31976,-0.00623],[109.32006,-0.0066],[109.32051,-0.00675],[109.32118,-0.0075],[109.32208,-0.00803],[109.32231,-0.00855],[109.32291,-0.0084],[109.32306,-0.00863],[109.32291,-0.00908],[109.32321,-0.00938],[109.32343,-0.00938],[109.32396,-0.0099],[109.32448,-0.01028],[109.32531,-0.01028],[109.32531,-0.0108],[109.32561,-0.01065],[109.32598,-0.01065],[109.32628,-0.01095],[109.32681,-0.01125],[109.32711,-0.01178],[109.32756,-0.01185],[109.32801,-0.01208],[109.32868,-0.01268],[109.32853,-0.01298],[109.32853,-0.01335],[109.32936,-0.0141],[109.32921,-0.01478],[109.32951,-0.01493],[109.32973,-0.01478],[109.32988,-0.0144],[109.33033,-0.01433],[109.33063,-0.01478],[109.33101,-0.01493],[109.33161,-0.015],[109.33206,-0.01515],[109.33228,-0.01545],[109.33228,-0.01598],[109.33311,-0.01598],[109.33341,-0.01643],[109.33341,-0.01673],[109.33408,-0.01673],[109.33416,-0.01703],[109.33446,-0.01703],[109.33528,-0.01778],[109.33558,-0.0183],[109.33663,-0.01875],[109.33738,-0.01973],[109.33798,-0.0201],[109.33821,-0.0201],[109.33858,-0.0204],[109.33888,-0.02048],[109.33933,-0.02093],[109.33918,-0.0213],[109.33873,-0.02138],[109.33843,-0.02175],[109.33843,-0.02213],[109.33881,-0.02243],[109.33911,-0.02243],[109.33926,-0.0222],[109.33926,-0.02175],[109.34038,-0.0216],[109.34076,-0.02198],[109.34098,-0.02198],[109.34166,-0.02265],[109.34218,-0.02288],[109.34301,-0.02363],[109.34428,-0.0249],[109.34451,-0.02528],[109.34451,-0.02558],[109.34481,-0.02595],[109.34541,-0.027],[109.34556,-0.02753],[109.34586,-0.02783],[109.34601,-0.0285],[109.34646,-0.02948],[109.34646,-0.03],[109.34691,-0.03068],[109.34691,-0.03098],[109.34721,-0.03135],[109.34736,-0.03195],[109.34766,-0.03225],[109.34788,-0.03315],[109.34841,-0.03368],[109.34953,-0.036],[109.34961,-0.03638],[109.34916,-0.03638],[109.34916,-0.0366],[109.34968,-0.0366],[109.35006,-0.03698],[109.35036,-0.03713],[109.35081,-0.03758],[109.35096,-0.03803],[109.35119,-0.03825],[109.35119,-0.039],[109.35171,-0.03915],[109.35186,-0.03953],[109.35291,-0.04058],[109.35291,-0.0408],[109.35366,-0.04125],[109.35374,-0.04178],[109.35404,-0.04193],[109.35479,-0.04268],[109.35554,-0.04335],[109.35576,-0.04373],[109.35644,-0.0444],[109.35651,-0.04478],[109.35674,-0.04478],[109.35741,-0.04523],[109.35764,-0.04553],[109.35831,-0.04605],[109.35906,-0.0468],[109.35944,-0.04703],[109.36026,-0.04793],[109.36034,-0.04838],[109.36109,-0.04875],[109.36146,-0.04905],[109.36139,-0.04943],[109.36214,-0.04973],[109.36266,-0.05041],[109.36319,-0.05093],[109.36416,-0.05206],[109.36401,-0.05266],[109.36416,-0.05296],[109.36476,-0.05341],[109.36544,-0.05416],[109.36536,-0.05453],[109.36499,-0.05476],[109.36521,-0.05513],[109.36521,-0.05543],[109.36581,-0.05536],[109.36596,-0.05558],[109.36641,-0.05588],[109.36664,-0.05633],[109.36664,-0.05671],[109.36686,-0.05693],[109.36701,-0.05776],[109.36649,-0.05821],[109.36619,-0.05836],[109.36619,-0.05866],[109.36649,-0.05873],[109.36664,-0.05903],[109.36709,-0.05888],[109.36709,-0.05851],[109.36724,-0.05798],[109.36746,-0.05791],[109.36776,-0.05813],[109.36835,-0.05822],[109.36859,-0.05798],[109.36836,-0.05723],[109.36799,-0.05708],[109.36769,-0.05678],[109.36769,-0.05656],[109.36724,-0.05603],[109.36716,-0.05573],[109.36626,-0.05498],[109.36619,-0.05438],[109.36589,-0.05348],[109.36536,-0.05303],[109.36506,-0.05288],[109.36499,-0.05228],[109.36469,-0.05168],[109.36409,-0.05108],[109.36349,-0.05026],[109.36274,-0.04965],[109.36274,-0.04943],[109.36229,-0.04928],[109.36199,-0.04853],[109.36094,-0.04785],[109.36064,-0.04755],[109.36056,-0.04725],[109.36004,-0.04688],[109.35959,-0.04628],[109.35876,-0.04553],[109.35839,-0.04538],[109.35839,-0.04515],[109.35786,-0.04485],[109.35479,-0.04178],[109.35434,-0.04118],[109.35434,-0.04095],[109.35359,-0.04035],[109.35359,-0.04013],[109.35329,-0.03975],[109.35284,-0.03953],[109.35216,-0.03885],[109.35156,-0.03788],[109.35149,-0.03743],[109.35126,-0.03713],[109.35096,-0.03698],[109.35066,-0.03653],[109.35044,-0.03645],[109.35036,-0.03593],[109.35014,-0.03578],[109.34953,-0.03473],[109.34938,-0.03413],[109.34908,-0.03383],[109.34908,-0.03338],[109.34856,-0.03263],[109.34833,-0.03255],[109.34818,-0.03195],[109.34773,-0.03143],[109.34766,-0.03083],[109.34736,-0.03053],[109.34736,-0.03023],[109.34683,-0.02963],[109.34683,-0.02873],[109.34653,-0.02828],[109.34638,-0.02745],[109.34593,-0.02715],[109.34593,-0.02693],[109.34563,-0.02655],[109.34556,-0.02603],[109.34533,-0.02588],[109.34518,-0.02535],[109.34473,-0.02483],[109.34466,-0.02445],[109.34443,-0.02438],[109.34428,-0.02393],[109.34376,-0.02363],[109.34368,-0.02333],[109.34308,-0.02288],[109.34278,-0.02243],[109.34188,-0.02175],[109.34136,-0.02145],[109.34128,-0.02108],[109.34053,-0.02108],[109.34038,-0.02078],[109.33993,-0.02063],[109.33933,-0.02003],[109.33836,-0.01958],[109.33806,-0.01913],[109.33768,-0.01905],[109.33723,-0.01868],[109.33723,-0.01845],[109.33678,-0.01808],[109.33678,-0.01793],[109.33603,-0.01785],[109.33573,-0.01733],[109.33543,-0.01718],[109.33528,-0.01673],[109.33498,-0.01665],[109.33453,-0.01613],[109.33423,-0.01613],[109.33416,-0.01583],[109.33326,-0.01508],[109.33258,-0.01463],[109.33198,-0.01448],[109.33153,-0.01448],[109.33138,-0.01403],[109.33086,-0.01365],[109.32973,-0.01365],[109.32966,-0.01343],[109.32928,-0.01313],[109.32928,-0.01223],[109.32868,-0.01178],[109.32838,-0.01178],[109.32793,-0.01133],[109.32748,-0.01118],[109.32718,-0.01073],[109.32598,-0.01005],[109.32598,-0.00975],[109.32546,-0.00938],[109.32433,-0.00938],[109.32418,-0.00893],[109.32366,-0.00893],[109.32358,-0.00825],[109.32328,-0.00795],[109.32268,-0.00795],[109.32268,-0.00773],[109.32223,-0.00743],[109.32178,-0.00698],[109.32126,-0.00668],[109.32126,-0.00645],[109.32058,-0.00608],[109.32028,-0.00563],[109.31976,-0.00555],[109.31976,-0.00533],[109.31938,-0.00495],[109.31878,-0.00495],[109.31833,-0.00473],[109.31803,-0.00443],[109.31803,-0.00413],[109.31698,-0.00368],[109.31683,-0.00345],[109.31653,-0.00345],[109.31616,-0.00323],[109.31488,-0.00263],[109.31413,-0.00233],[109.31398,-0.00203],[109.31316,-0.00188],[109.31308,-0.00165],[109.31226,-0.00165],[109.31203,-0.00143],[109.31136,-0.00128],[109.31053,-0.00128],[109.31016,-0.00105],[109.30888,-0.00105],[109.30866,-0.00083],[109.30783,-0.00075],[109.30753,-0.00053],[109.30678,-0.00045],[109.30588,-0.00053],[109.30408,-0.00053],[109.30408,-0.00068],[109.30318,-0.00075],[109.30176,-0.00075],[109.30153,-0.00098],[109.30086,-0.00128],[109.29973,-0.00135],[109.29725,-0.00135],[109.29643,-0.00128],[109.29643,-0.00113],[109.29545,-0.00098],[109.29545,-0.00083],[109.2947,-0.00075],[109.29448,-0.00045],[109.29343,-0.00045],[109.29305,-0.00038],[109.29298,-0.00015],[109.29253,0],[109.31863,0],[109.31893,-0.00038],[109.32006,-0.00075],[109.32118,-0.00075],[109.32133,-0.00098],[109.32133,-0.00135],[109.32186,-0.00173],[109.32193,-0.00203],[109.32223,-0.00218],[109.32276,-0.00218],[109.32306,-0.00233],[109.32343,-0.00293],[109.32396,-0.00308],[109.32403,-0.00338],[109.32486,-0.00375],[109.32523,-0.00383],[109.32523,-0.00428],[109.32583,-0.00443],[109.32613,-0.00473],[109.32613,-0.00495],[109.32658,-0.00503],[109.32696,-0.00525],[109.32703,-0.00578],[109.32763,-0.00615],[109.32793,-0.00623],[109.32823,-0.00668],[109.32883,-0.00705],[109.32883,-0.00728],[109.32928,-0.00735],[109.32958,-0.00758],[109.33108,-0.00908],[109.33123,-0.00938],[109.33168,-0.00953],[109.33198,-0.00975],[109.33206,-0.01028],[109.33251,-0.01028],[109.33251,-0.01058],[109.33296,-0.01088],[109.33318,-0.01088],[109.33363,-0.01133],[109.33363,-0.01163],[109.33416,-0.01193],[109.33416,-0.01245],[109.33476,-0.01298],[109.33476,-0.01335],[109.33498,-0.01358],[109.33528,-0.01358],[109.33626,-0.01433],[109.33633,-0.01478],[109.33693,-0.01493],[109.33716,-0.01523],[109.33806,-0.01575],[109.33813,-0.01628],[109.33896,-0.01748],[109.33948,-0.01763],[109.33956,-0.01793],[109.33986,-0.01808],[109.34053,-0.01808],[109.34068,-0.01823]],[[109.29845,0.0045],[109.29853,0.00398],[109.29815,0.0039],[109.29785,0.0045],[109.29785,0.00488],[109.29755,0.0048],[109.29755,0.00443],[109.29718,0.00435],[109.29725,0.00495],[109.29748,0.00525],[109.29793,0.0051],[109.29838,0.0048],[109.29845,0.0045]]]},"properties":{"STREAM_ID":1}},{"type":"Feature","geometry":{"type":"Polygon","coordinates":[[[109.36604,0.02298],[109.36596,0.02265],[109.36559,0.0225],[109.36529,0.02213],[109.36529,0.02175],[109.36559,0.0216],[109.36589,0.02123],[109.36664,0.02078],[109.36686,0.0204],[109.36709,0.0204],[109.36701,0.01988],[109.36739,0.01973],[109.36769,0.01995],[109.36791,0.01965],[109.36791,0.01808],[109.36851,0.018],[109.36851,0.01763],[109.36829,0.01748],[109.36836,0.0168],[109.36784,0.01658],[109.36754,0.0159],[109.36791,0.0159],[109.36821,0.01545],[109.36821,0.015],[109.36799,0.01478],[109.36799,0.01433],[109.36836,0.01448],[109.36896,0.01448],[109.36911,0.01485],[109.36949,0.01508],[109.36949,0.01545],[109.36919,0.01568],[109.36919,0.01598],[109.36859,0.0162],[109.36881,0.01665],[109.36926,0.01688],[109.36926,0.0171],[109.36979,0.01725],[109.37074,0.01725],[109.37072,0.01821],[109.37052,0.01875],[109.3708,0.01917],[109.37104,0.021],[109.37031,0.02138],[109.37031,0.02085],[109.36979,0.02078],[109.36941,0.0213],[109.36949,0.02168],[109.36934,0.0221],[109.36814,0.02244],[109.36651,0.02286],[109.36604,0.02298]],[[109.36851,0.02108],[109.36859,0.02078],[109.36821,0.02063],[109.36799,0.02123],[109.36799,0.0216],[109.36844,0.02168],[109.36851,0.02108]]]},"properties":{"STREAM_ID":1}},{"type":"Feature","geometry":{"type":"Polygon","coordinates":[[[109.37792,-0.03285],[109.37804,-0.03255],[109.37774,-0.03248],[109.37789,-0.03173],[109.37864,-0.03173],[109.37886,-0.0312],[109.37826,-0.03105],[109.37849,-0.0306],[109.37826,-0.03],[109.37849,-0.02993],[109.37954,-0.03],[109.37946,-0.03038],[109.37946,-0.03135],[109.37939,-0.03158],[109.37856,-0.03233],[109.37856,-0.0327],[109.37875,-0.0328],[109.37953,-0.03254],[109.38006,-0.03208],[109.38006,-0.0315],[109.38051,-0.0312],[109.38112,-0.0312],[109.38158,-0.03078],[109.38186,-0.03042],[109.38215,-0.0297],[109.38164,-0.02985],[109.38066,-0.02963],[109.38044,-0.0294],[109.38044,-0.02903],[109.37961,-0.0291],[109.37931,-0.02948],[109.37879,-0.02948],[109.37834,-0.02933],[109.37834,-0.02895],[109.37819,-0.02858],[109.37759,-0.02858],[109.37759,-0.02813],[109.37721,-0.02783],[109.37691,-0.02783],[109.37654,-0.02805],[109.37669,-0.02843],[109.37699,-0.0285],[109.37699,-0.0288],[109.37721,-0.02918],[109.37759,-0.02948],[109.37766,-0.03053],[109.37736,-0.03098],[109.37736,-0.03173],[109.37714,-0.03173],[109.37676,-0.03135],[109.37631,-0.03135],[109.37594,-0.03158],[109.37594,-0.0318],[109.37699,-0.03188],[109.37721,-0.03263],[109.37758,-0.03252],[109.37789,-0.03281],[109.3779,-0.03283],[109.37792,-0.03285]]]},"properties":{"STREAM_ID":1}},{"type":"Feature","geometry":{"type":"Polygon","coordinates":[[[109.37792,-0.03285],[109.37804,-0.03255],[109.37774,-0.03248],[109.37789,-0.03173],[109.37864,-0.03173],[109.37886,-0.0312],[109.37826,-0.03105],[109.37849,-0.0306],[109.37826,-0.03],[109.37849,-0.02993],[109.37954,-0.03],[109.37946,-0.03038],[109.37946,-0.03135],[109.37939,-0.03158],[109.37856,-0.03233],[109.37856,-0.0327],[109.37875,-0.0328],[109.37953,-0.03254],[109.38006,-0.03208],[109.38006,-0.0315],[109.38051,-0.0312],[109.38112,-0.0312],[109.38158,-0.03078],[109.38186,-0.03042],[109.38215,-0.0297],[109.38164,-0.02985],[109.38066,-0.02963],[109.38044,-0.0294],[109.38044,-0.02903],[109.37961,-0.0291],[109.37931,-0.02948],[109.37879,-0.02948],[109.37834,-0.02933],[109.37834,-0.02895],[109.37819,-0.02858],[109.37759,-0.02858],[109.37759,-0.02813],[109.37721,-0.02783],[109.37691,-0.02783],[109.37654,-0.02805],[109.37669,-0.02843],[109.37699,-0.0285],[109.37699,-0.0288],[109.37721,-0.02918],[109.37759,-0.02948],[109.37766,-0.03053],[109.37736,-0.03098],[109.37736,-0.03173],[109.37714,-0.03173],[109.37676,-0.03135],[109.37631,-0.03135],[109.37594,-0.03158],[109.37594,-0.0318],[109.37699,-0.03188],[109.37721,-0.03263],[109.37758,-0.03252],[109.37789,-0.03281],[109.37789,-0.03281],[109.3779,-0.03283],[109.37792,-0.03285]]]},"properties":{"STREAM_ID":1}},{"type":"Feature","geometry":{"type":"Polygon","coordinates":[[[109.36953,-0.05836],[109.36979,-0.05858],[109.37024,-0.05873],[109.37046,-0.05821],[109.36956,-0.05761],[109.36941,-0.05738],[109.36941,-0.05678],[109.36926,-0.05671],[109.36889,-0.05603],[109.36889,-0.05573],[109.36844,-0.05476],[109.36859,-0.05446],[109.36814,-0.05408],[109.36776,-0.05393],[109.36686,-0.05303],[109.36656,-0.05221],[109.36604,-0.05168],[109.36566,-0.05101],[109.36514,-0.05026],[109.36416,-0.04928],[109.36379,-0.04898],[109.36326,-0.04823],[109.36319,-0.04793],[109.36274,-0.04748],[109.36221,-0.04718],[109.36191,-0.0465],[109.36146,-0.04613],[109.36139,-0.04583],[109.36086,-0.0456],[109.36041,-0.04515],[109.36049,-0.0447],[109.36004,-0.04463],[109.35959,-0.0447],[109.35936,-0.04425],[109.35884,-0.04403],[109.35854,-0.0435],[109.35734,-0.0426],[109.35689,-0.04215],[109.35636,-0.04148],[109.35599,-0.0411],[109.35584,-0.04073],[109.35501,-0.03983],[109.35419,-0.0393],[109.35419,-0.03915],[109.35321,-0.03803],[109.35299,-0.03728],[109.35261,-0.03705],[109.35194,-0.03615],[109.35141,-0.03525],[109.35111,-0.03443],[109.35036,-0.0333],[109.35006,-0.03315],[109.34953,-0.03188],[109.34938,-0.0318],[109.34908,-0.0312],[109.34908,-0.03098],[109.34878,-0.03053],[109.34878,-0.03023],[109.34803,-0.0288],[109.34766,-0.02783],[109.34781,-0.02753],[109.34706,-0.02678],[109.34676,-0.02633],[109.34638,-0.02558],[109.34631,-0.02498],[109.34661,-0.02453],[109.34661,-0.02355],[109.34691,-0.02333],[109.34908,-0.02333],[109.34961,-0.0231],[109.35006,-0.0231],[109.35066,-0.02295],[109.35134,-0.02295],[109.35201,-0.02258],[109.35306,-0.02258],[109.35336,-0.02235],[109.35389,-0.02235],[109.35411,-0.02205],[109.35471,-0.02205],[109.35494,-0.0219],[109.35576,-0.02198],[109.35629,-0.0216],[109.35666,-0.0216],[109.35696,-0.02205],[109.35696,-0.0225],[109.35749,-0.0225],[109.35711,-0.02205],[109.35726,-0.02175],[109.35779,-0.02168],[109.35884,-0.02175],[109.35884,-0.02213],[109.35929,-0.02205],[109.35936,-0.0216],[109.36019,-0.02078],[109.36086,-0.0207],[109.36109,-0.02085],[109.36109,-0.02138],[109.36154,-0.02168],[109.36154,-0.0213],[109.36191,-0.02115],[109.36236,-0.02115],[109.36281,-0.0213],[109.36289,-0.021],[109.36529,-0.021],[109.36589,-0.0213],[109.36656,-0.0213],[109.36686,-0.02153],[109.36686,-0.02235],[109.36701,-0.02273],[109.36746,-0.0222],[109.36746,-0.02145],[109.36799,-0.02145],[109.36859,-0.0213],[109.36881,-0.02168],[109.36926,-0.02168],[109.36971,-0.0219],[109.37054,-0.0219],[109.37114,-0.02205],[109.37151,-0.02228],[109.37151,-0.02258],[109.37226,-0.02258],[109.37264,-0.02288],[109.37316,-0.02303],[109.37406,-0.02355],[109.37564,-0.02408],[109.37601,-0.02408],[109.37631,-0.0243],[109.37646,-0.0246],[109.37691,-0.02483],[109.37729,-0.02483],[109.37751,-0.02505],[109.37819,-0.02498],[109.37849,-0.02528],[109.37924,-0.02528],[109.37984,-0.02543],[109.38044,-0.02543],[109.38141,-0.02573],[109.38209,-0.02573],[109.38224,-0.02595],[109.38231,-0.02655],[109.38194,-0.02693],[109.38201,-0.0273],[109.38239,-0.0273],[109.38254,-0.02678],[109.38293,-0.0264],[109.38315,-0.0251],[109.37956,-0.0244],[109.37607,-0.0231],[109.37678,-0.02196],[109.37701,-0.02102],[109.37699,-0.0197],[109.37741,-0.0187],[109.37793,-0.01786],[109.37803,-0.01694],[109.37813,-0.01657],[109.37878,-0.01613],[109.37882,-0.01594],[109.37837,-0.01553],[109.37763,-0.01539],[109.37755,-0.01521],[109.37796,-0.01489],[109.37858,-0.01462],[109.37896,-0.01408],[109.37894,-0.01352],[109.37834,-0.01351],[109.37826,-0.01425],[109.37766,-0.0144],[109.37736,-0.01485],[109.37729,-0.01553],[109.37796,-0.0156],[109.37826,-0.01605],[109.37766,-0.01673],[109.37774,-0.01763],[109.37721,-0.01853],[109.37676,-0.0189],[109.37669,-0.01943],[109.37601,-0.0192],[109.37601,-0.01875],[109.37669,-0.01785],[109.37654,-0.0174],[109.37661,-0.01688],[109.37624,-0.0165],[109.37586,-0.01628],[109.37594,-0.01695],[109.37556,-0.01733],[109.37541,-0.01793],[109.37556,-0.0183],[109.37534,-0.01853],[109.37541,-0.01928],[109.37511,-0.0195],[109.37489,-0.02003],[109.37451,-0.0201],[109.37481,-0.02055],[109.37526,-0.02055],[109.37534,-0.02085],[109.37496,-0.02085],[109.37444,-0.02063],[109.37421,-0.0204],[109.37331,-0.0204],[109.37301,-0.02018],[109.37294,-0.01988],[109.37256,-0.01943],[109.37264,-0.01905],[109.37294,-0.01875],[109.37294,-0.01808],[109.37256,-0.0183],[109.37226,-0.01875],[109.37219,-0.01913],[109.37189,-0.01943],[109.37174,-0.01905],[109.37174,-0.0186],[109.37189,-0.01838],[109.37136,-0.0183],[109.37144,-0.0177],[109.37204,-0.01778],[109.37219,-0.01763],[109.37219,-0.01695],[109.37241,-0.01665],[109.37279,-0.01665],[109.37286,-0.01643],[109.37346,-0.0165],[109.37361,-0.01688],[109.37354,-0.01718],[109.37316,-0.01718],[109.37301,-0.0174],[109.37384,-0.018],[109.37429,-0.01793],[109.37421,-0.01748],[109.37429,-0.01695],[109.37391,-0.0168],[109.37399,-0.01635],[109.37421,-0.01635],[109.37444,-0.01688],[109.37466,-0.01688],[109.37496,-0.0162],[109.37496,-0.01583],[109.37451,-0.0156],[109.37414,-0.01568],[109.37361,-0.01605],[109.37331,-0.01605],[109.37301,-0.01575],[109.37226,-0.01605],[109.37226,-0.01665],[109.37174,-0.01673],[109.37159,-0.0165],[109.37211,-0.01613],[109.37196,-0.01575],[109.37159,-0.01575],[109.37076,-0.01628],[109.37084,-0.01703],[109.37054,-0.01748],[109.37024,-0.0177],[109.37009,-0.0174],[109.37031,-0.01718],[109.37016,-0.01688],[109.36971,-0.01665],[109.36949,-0.0162],[109.36949,-0.01583],[109.36979,-0.01575],[109.36986,-0.0153],[109.37031,-0.0153],[109.37054,-0.01515],[109.37031,-0.01448],[109.37001,-0.01455],[109.37001,-0.01493],[109.36964,-0.01515],[109.36919,-0.01523],[109.36919,-0.01575],[109.36866,-0.01575],[109.36836,-0.0156],[109.36821,-0.01605],[109.36784,-0.01635],[109.36731,-0.01643],[109.36731,-0.01793],[109.36716,-0.0183],[109.36679,-0.01853],[109.36619,-0.01845],[109.36566,-0.01815],[109.36506,-0.01815],[109.36484,-0.01853],[109.36379,-0.01845],[109.36334,-0.01823],[109.36304,-0.01853],[109.36229,-0.01845],[109.36116,-0.01845],[109.36094,-0.01868],[109.36011,-0.01868],[109.35966,-0.0189],[109.35861,-0.01883],[109.35794,-0.01905],[109.35726,-0.01898],[109.35719,-0.01913],[109.35651,-0.01913],[109.35614,-0.01868],[109.35644,-0.01838],[109.35636,-0.01808],[109.35584,-0.01808],[109.35554,-0.01755],[109.35584,-0.0174],[109.35584,-0.0171],[109.35524,-0.01703],[109.35471,-0.0174],[109.35441,-0.01808],[109.35449,-0.0186],[109.35434,-0.01868],[109.35464,-0.01935],[109.35464,-0.0198],[109.35441,-0.0201],[109.35396,-0.02033],[109.35314,-0.02033],[109.35269,-0.0204],[109.35224,-0.02018],[109.35179,-0.02018],[109.35104,-0.02078],[109.35096,-0.02093],[109.34953,-0.02085],[109.34893,-0.02123],[109.34848,-0.02123],[109.34826,-0.02138],[109.34758,-0.0213],[109.34683,-0.0213],[109.34578,-0.02145],[109.34503,-0.0213],[109.34413,-0.02093],[109.34353,-0.02048],[109.34331,-0.02048],[109.34293,-0.02018],[109.34263,-0.0201],[109.34218,-0.0198],[109.34203,-0.01935],[109.34121,-0.01898],[109.34106,-0.01875],[109.34061,-0.0189],[109.34061,-0.01913],[109.34106,-0.01958],[109.34166,-0.01973],[109.34166,-0.02018],[109.34188,-0.02018],[109.34218,-0.02048],[109.34256,-0.02055],[109.34353,-0.02138],[109.34428,-0.02153],[109.34458,-0.02175],[109.34518,-0.02175],[109.34548,-0.02198],[109.34638,-0.02198],[109.34646,-0.02213],[109.34646,-0.02295],[109.34616,-0.02295],[109.34616,-0.02423],[109.34593,-0.02445],[109.34593,-0.02573],[109.34623,-0.02648],[109.34646,-0.02685],[109.34668,-0.02693],[109.34683,-0.02745],[109.34728,-0.02775],[109.34728,-0.02858],[109.34743,-0.02918],[109.34773,-0.02955],[109.34773,-0.02985],[109.34818,-0.03023],[109.34833,-0.03098],[109.34856,-0.03113],[109.34856,-0.03143],[109.34878,-0.03188],[109.34908,-0.03218],[109.34923,-0.03285],[109.34946,-0.03293],[109.34953,-0.03338],[109.34976,-0.03368],[109.35036,-0.03405],[109.35044,-0.03465],[109.35089,-0.03518],[109.35089,-0.03555],[109.35104,-0.03593],[109.35134,-0.03623],[109.35134,-0.03645],[109.35179,-0.03675],[109.35179,-0.03698],[109.35224,-0.03758],[109.35269,-0.03795],[109.35276,-0.03848],[109.35306,-0.03863],[109.35329,-0.03893],[109.35344,-0.03938],[109.35404,-0.04005],[109.35434,-0.04028],[109.35479,-0.04043],[109.35516,-0.04088],[109.35524,-0.04118],[109.35576,-0.04178],[109.35599,-0.04185],[109.35629,-0.04238],[109.35659,-0.04253],[109.35674,-0.04298],[109.35704,-0.04313],[109.35936,-0.04545],[109.36004,-0.0456],[109.36019,-0.04598],[109.36056,-0.04613],[109.36079,-0.04658],[109.36116,-0.04673],[109.36124,-0.04695],[109.36169,-0.04695],[109.36161,-0.04733],[109.36214,-0.04793],[109.36259,-0.04815],[109.36274,-0.04853],[109.36319,-0.04883],[109.36334,-0.04935],[109.36409,-0.05018],[109.36469,-0.05063],[109.36514,-0.05146],[109.36536,-0.05153],[109.36566,-0.05213],[109.36589,-0.05221],[109.36589,-0.05258],[109.36619,-0.05288],[109.36634,-0.05348],[109.36664,-0.05363],[109.36716,-0.05416],[109.36739,-0.05468],[109.36784,-0.05513],[109.36829,-0.05573],[109.36859,-0.05663],[109.36889,-0.05716],[109.36902,-0.05765],[109.36949,-0.05828],[109.36949,-0.0583],[109.36953,-0.05836]],[[109.37676,-0.02063],[109.37676,-0.02085],[109.37646,-0.02115],[109.37676,-0.02145],[109.37661,-0.02175],[109.37594,-0.02138],[109.37594,-0.02048],[109.37601,-0.02033],[109.37654,-0.02025],[109.37676,-0.02063]],[[109.36904,-0.0183],[109.36896,-0.0186],[109.36814,-0.01845],[109.36799,-0.018],[109.36821,-0.0177],[109.36851,-0.01793],[109.36889,-0.018],[109.36904,-0.0183]]]},"properties":{"STREAM_ID":1}},{"type":"Feature","geometry":{"type":"Polygon","coordinates":[[[109.37792,-0.03285],[109.37804,-0.03255],[109.37774,-0.03248],[109.37789,-0.03173],[109.37864,-0.03173],[109.37886,-0.0312],[109.37826,-0.03105],[109.37849,-0.0306],[109.37826,-0.03],[109.37849,-0.02993],[109.37954,-0.03],[109.37946,-0.03038],[109.37946,-0.03135],[109.37939,-0.03158],[109.37856,-0.03233],[109.37856,-0.0327],[109.37875,-0.0328],[109.37953,-0.03254],[109.38006,-0.03208],[109.38006,-0.0315],[109.38051,-0.0312],[109.38112,-0.0312],[109.38158,-0.03078],[109.38186,-0.03042],[109.38215,-0.0297],[109.38164,-0.02985],[109.38066,-0.02963],[109.38044,-0.0294],[109.38044,-0.02903],[109.37961,-0.0291],[109.37931,-0.02948],[109.37879,-0.02948],[109.37834,-0.02933],[109.37834,-0.02895],[109.37819,-0.02858],[109.37759,-0.02858],[109.37759,-0.02813],[109.37721,-0.02783],[109.37691,-0.02783],[109.37654,-0.02805],[109.37669,-0.02843],[109.37699,-0.0285],[109.37699,-0.0288],[109.37721,-0.02918],[109.37759,-0.02948],[109.37766,-0.03053],[109.37736,-0.03098],[109.37736,-0.03173],[109.37714,-0.03173],[109.37676,-0.03135],[109.37631,-0.03135],[109.37594,-0.03158],[109.37594,-0.0318],[109.37699,-0.03188],[109.37721,-0.03263],[109.37758,-0.03252],[109.37789,-0.03281],[109.37789,-0.03281],[109.3779,-0.03283],[109.37792,-0.03285]]]},"properties":{"STREAM_ID":1}},{"type":"Feature","geometry":{"type":"Polygon","coordinates":[[[109.37586,-0.0024],[109.37526,-0.00285],[109.37511,-0.00315],[109.37451,-0.00315],[109.37444,-0.0039],[109.37406,-0.0045],[109.37369,-0.00413],[109.37331,-0.00443],[109.37204,-0.0045],[109.37181,-0.00413],[109.37106,-0.00413],[109.37099,-0.00458],[109.37114,-0.00503],[109.37069,-0.00503],[109.37039,-0.00548],[109.37084,-0.00563],[109.37084,-0.00645],[109.37091,-0.0072],[109.37114,-0.00765],[109.37099,-0.00833],[109.37114,-0.00855],[109.37151,-0.00833],[109.37219,-0.00833],[109.37234,-0.00795],[109.37204,-0.00765],[109.37174,-0.00758],[109.37151,-0.00705],[109.37181,-0.00683],[109.37196,-0.00638],[109.37196,-0.00593],[109.37166,-0.00578],[109.37256,-0.00503],[109.37354,-0.00503],[109.37376,-0.00525],[109.37376,-0.00578],[109.37406,-0.0063],[109.37354,-0.00623],[109.37301,-0.00638],[109.37256,-0.00638],[109.37241,-0.0069],[109.37286,-0.00713],[109.37286,-0.00735],[109.37316,-0.00765],[109.37316,-0.00803],[109.37331,-0.00825],[109.37376,-0.00788],[109.37369,-0.0084],[109.37384,-0.00878],[109.37384,-0.0093],[109.37354,-0.00945],[109.37331,-0.00983],[109.37241,-0.01013],[109.37226,-0.01043],[109.37144,-0.0105],[109.37136,-0.00975],[109.37099,-0.00968],[109.37106,-0.01043],[109.37091,-0.01065],[109.37091,-0.01185],[109.37166,-0.01185],[109.37144,-0.0114],[109.37129,-0.0108],[109.37159,-0.0108],[109.37174,-0.0111],[109.37241,-0.0111],[109.37249,-0.01133],[109.37286,-0.01163],[109.37339,-0.01148],[109.37339,-0.01095],[109.37294,-0.0108],[109.37316,-0.0105],[109.37369,-0.01005],[109.37421,-0.01005],[109.37466,-0.01028],[109.37496,-0.0108],[109.37496,-0.01118],[109.37519,-0.01133],[109.37556,-0.01133],[109.37579,-0.0111],[109.37631,-0.01118],[109.37646,-0.01163],[109.37624,-0.01178],[109.37624,-0.01268],[109.37639,-0.01335],[109.37676,-0.01335],[109.37699,-0.01358],[109.37744,-0.01335],[109.37744,-0.0129],[109.37774,-0.01275],[109.37781,-0.0132],[109.37729,-0.01358],[109.37729,-0.01395],[109.37751,-0.0141],[109.37772,-0.01389],[109.3776,-0.01358],[109.37807,-0.01319],[109.37841,-0.01268],[109.37833,-0.01218],[109.37745,-0.01231],[109.37738,-0.01202],[109.37772,-0.01128],[109.37799,-0.01106],[109.37786,-0.01053],[109.37781,-0.00896],[109.37745,-0.00796],[109.37691,-0.00627],[109.37649,-0.00594],[109.37639,-0.00555],[109.37609,-0.00548],[109.37609,-0.00488],[109.37594,-0.00458],[109.37571,-0.00417],[109.37594,-0.00351],[109.37575,-0.0031],[109.37604,-0.00266],[109.37586,-0.0024]],[[109.37639,-0.00638],[109.37646,-0.00668],[109.37624,-0.00683],[109.37549,-0.00683],[109.37519,-0.00705],[109.37466,-0.0069],[109.37474,-0.00623],[109.37496,-0.00585],[109.37519,-0.00585],[109.37556,-0.00638],[109.37586,-0.00638],[109.37601,-0.00615],[109.37639,-0.00638]],[[109.37571,-0.01005],[109.37571,-0.01028],[109.37511,-0.0102],[109.37511,-0.0099],[109.37549,-0.00983],[109.37571,-0.01005]]]},"properties":{"STREAM_ID":1}},{"type":"Feature","geometry":{"type":"Polygon","coordinates":[[[109.28691,0.00015],[109.28695,0.00045],[109.28691,0.00018],[109.28691,0.00015]]]},"properties":{"STREAM_ID":1}},{"type":"Feature","geometry":{"type":"Polygon","coordinates":[[[109.34068,-0.01823],[109.34068,-0.0177],[109.34008,-0.01748],[109.33941,-0.0168],[109.33911,-0.01635],[109.33881,-0.01613],[109.33836,-0.0153],[109.33813,-0.0153],[109.33716,-0.01425],[109.33648,-0.01395],[109.33596,-0.01335],[109.33558,-0.0132],[109.33513,-0.01283],[109.33513,-0.0126],[109.33453,-0.012],[109.33453,-0.01155],[109.33408,-0.0111],[109.33378,-0.01065],[109.33303,-0.0102],[109.33266,-0.00975],[109.33221,-0.00945],[109.33131,-0.0084],[109.33063,-0.0078],[109.33033,-0.00735],[109.32943,-0.00683],[109.32891,-0.00645],[109.32876,-0.00615],[109.32786,-0.00548],[109.32771,-0.00518],[109.32726,-0.00473],[109.32666,-0.0045],[109.32621,-0.0039],[109.32583,-0.00383],[109.32568,-0.00345],[109.32538,-0.0033],[109.32516,-0.003],[109.32478,-0.003],[109.32441,-0.00255],[109.32373,-0.00233],[109.32328,-0.00173],[109.32261,-0.00173],[109.32178,-0.0009],[109.32171,-0.00023],[109.32156,0],[109.32096,0],[109.32088,-0.00023],[109.32013,-0.00015],[109.31946,0.00023],[109.31923,0.00023],[109.31871,0.00068],[109.31803,0.00068],[109.31773,0.00105],[109.31728,0.00105],[109.31713,0.00135],[109.31668,0.0015],[109.31608,0.00158],[109.31481,0.0021],[109.31458,0.00233],[109.31391,0.00225],[109.31383,0.00255],[109.31308,0.00263],[109.31293,0.00248],[109.31256,0.00255],[109.31248,0.00278],[109.31188,0.00278],[109.31151,0.00293],[109.31068,0.00375],[109.30993,0.00368],[109.30963,0.0042],[109.30933,0.00428],[109.30903,0.00458],[109.30866,0.00465],[109.30888,0.00495],[109.30888,0.00525],[109.30851,0.00533],[109.30821,0.0051],[109.30798,0.00473],[109.30738,0.00473],[109.30723,0.00495],[109.30686,0.00495],[109.30648,0.00473],[109.30633,0.00495],[109.30581,0.00495],[109.30573,0.00548],[109.30528,0.00548],[109.30521,0.0051],[109.30483,0.0051],[109.30453,0.00563],[109.30416,0.00563],[109.30386,0.00518],[109.30288,0.0051],[109.30138,0.0051],[109.30093,0.00548],[109.30003,0.00548],[109.29965,0.00578],[109.29943,0.00623],[109.2989,0.00623],[109.2983,0.00638],[109.2983,0.00668],[109.29763,0.00705],[109.2974,0.00743],[109.29703,0.0075],[109.2962,0.00788],[109.29605,0.00803],[109.29545,0.00795],[109.29493,0.00833],[109.29463,0.00825],[109.29388,0.00825],[109.2935,0.00848],[109.29335,0.00878],[109.29335,0.00938],[109.29305,0.0096],[109.29268,0.00945],[109.2926,0.0087],[109.2923,0.00848],[109.2917,0.0084],[109.29038,0.0084],[109.28724,0.0059],[109.28694,0.00278],[109.28693,0.00148],[109.28818,0.0015],[109.28863,0.00143],[109.28878,0.00158],[109.28923,0.00158],[109.2896,0.00143],[109.29028,0.00098],[109.29028,0.00045],[109.29043,0.0003],[109.29118,0.0003],[109.2914,0.00023],[109.29155,-0.00023],[109.292,-0.0003],[109.2926,-0.00075],[109.29268,-0.00173],[109.29253,-0.0021],[109.29268,-0.00263],[109.29268,-0.003],[109.29238,-0.00315],[109.29238,-0.00383],[109.29268,-0.00413],[109.2929,-0.00413],[109.29305,-0.00465],[109.29275,-0.0048],[109.29245,-0.00518],[109.29245,-0.00555],[109.29328,-0.0054],[109.29328,-0.00488],[109.29358,-0.00465],[109.29358,-0.00428],[109.29335,-0.00405],[109.29328,-0.00353],[109.2938,-0.00353],[109.29418,-0.00383],[109.2944,-0.00338],[109.2941,-0.0024],[109.2941,-0.00195],[109.29395,-0.0018],[109.29335,-0.0018],[109.2935,-0.00143],[109.29388,-0.00165],[109.29388,-0.00113],[109.29418,-0.00105],[109.29485,-0.00135],[109.29538,-0.0015],[109.2953,-0.00173],[109.29455,-0.00188],[109.29493,-0.00248],[109.29523,-0.00248],[109.29545,-0.00218],[109.29583,-0.0021],[109.2962,-0.00255],[109.29605,-0.00173],[109.29665,-0.0018],[109.29793,-0.0018],[109.29793,-0.00188],[109.29958,-0.00188],[109.30026,-0.0018],[109.30063,-0.00188],[109.30093,-0.00173],[109.30138,-0.00173],[109.30183,-0.00158],[109.30206,-0.00135],[109.30251,-0.0012],[109.30318,-0.0012],[109.30356,-0.0015],[109.30356,-0.0018],[109.30378,-0.00195],[109.30461,-0.00188],[109.30498,-0.00135],[109.30461,-0.00135],[109.30446,-0.00113],[109.30596,-0.00113],[109.30671,-0.00105],[109.30723,-0.00113],[109.30746,-0.00128],[109.30783,-0.00128],[109.30813,-0.0015],[109.30806,-0.00248],[109.30821,-0.00285],[109.30866,-0.0024],[109.30896,-0.0024],[109.30896,-0.00203],[109.30948,-0.00188],[109.30956,-0.00225],[109.30941,-0.00255],[109.30963,-0.00285],[109.30993,-0.00285],[109.31046,-0.00255],[109.31061,-0.00285],[109.31113,-0.003],[109.31128,-0.00263],[109.31113,-0.0024],[109.31113,-0.00195],[109.31158,-0.00195],[109.31196,-0.00218],[109.31248,-0.00218],[109.31338,-0.00248],[109.31376,-0.00278],[109.31406,-0.00278],[109.31466,-0.00315],[109.31481,-0.00315],[109.31563,-0.00353],[109.31661,-0.00405],[109.31721,-0.00428],[109.31751,-0.00465],[109.31751,-0.00495],[109.31788,-0.00518],[109.31811,-0.00548],[109.31908,-0.00555],[109.31931,-0.006],[109.31976,-0.00623],[109.32006,-0.0066],[109.32051,-0.00675],[109.32118,-0.0075],[109.32208,-0.00803],[109.32231,-0.00855],[109.32291,-0.0084],[109.32306,-0.00863],[109.32291,-0.00908],[109.32321,-0.00938],[109.32343,-0.00938],[109.32396,-0.0099],[109.32448,-0.01028],[109.32531,-0.01028],[109.32531,-0.0108],[109.32561,-0.01065],[109.32598,-0.01065],[109.32628,-0.01095],[109.32681,-0.01125],[109.32711,-0.01178],[109.32756,-0.01185],[109.32801,-0.01208],[109.32868,-0.01268],[109.32853,-0.01298],[109.32853,-0.01335],[109.32936,-0.0141],[109.32921,-0.01478],[109.32951,-0.01493],[109.32973,-0.01478],[109.32988,-0.0144],[109.33033,-0.01433],[109.33063,-0.01478],[109.33101,-0.01493],[109.33161,-0.015],[109.33206,-0.01515],[109.33228,-0.01545],[109.33228,-0.01598],[109.33311,-0.01598],[109.33341,-0.01643],[109.33341,-0.01673],[109.33408,-0.01673],[109.33416,-0.01703],[109.33446,-0.01703],[109.33528,-0.01778],[109.33558,-0.0183],[109.33663,-0.01875],[109.33738,-0.01973],[109.33798,-0.0201],[109.33821,-0.0201],[109.33858,-0.0204],[109.33888,-0.02048],[109.33933,-0.02093],[109.33918,-0.0213],[109.33873,-0.02138],[109.33843,-0.02175],[109.33843,-0.02213],[109.33881,-0.02243],[109.33911,-0.02243],[109.33926,-0.0222],[109.33926,-0.02175],[109.34038,-0.0216],[109.34076,-0.02198],[109.34098,-0.02198],[109.34166,-0.02265],[109.34218,-0.02288],[109.34301,-0.02363],[109.34428,-0.0249],[109.34451,-0.02528],[109.34451,-0.02558],[109.34481,-0.02595],[109.34541,-0.027],[109.34556,-0.02753],[109.34586,-0.02783],[109.34601,-0.0285],[109.34646,-0.02948],[109.34646,-0.03],[109.34691,-0.03068],[109.34691,-0.03098],[109.34721,-0.03135],[109.34736,-0.03195],[109.34766,-0.03225],[109.34788,-0.03315],[109.34841,-0.03368],[109.34953,-0.036],[109.34961,-0.03638],[109.34916,-0.03638],[109.34916,-0.0366],[109.34968,-0.0366],[109.35006,-0.03698],[109.35036,-0.03713],[109.35081,-0.03758],[109.35096,-0.03803],[109.35119,-0.03825],[109.35119,-0.039],[109.35171,-0.03915],[109.35186,-0.03953],[109.35291,-0.04058],[109.35291,-0.0408],[109.35366,-0.04125],[109.35374,-0.04178],[109.35404,-0.04193],[109.35479,-0.04268],[109.35554,-0.04335],[109.35576,-0.04373],[109.35644,-0.0444],[109.35651,-0.04478],[109.35674,-0.04478],[109.35741,-0.04523],[109.35764,-0.04553],[109.35831,-0.04605],[109.35906,-0.0468],[109.35944,-0.04703],[109.36026,-0.04793],[109.36034,-0.04838],[109.36109,-0.04875],[109.36146,-0.04905],[109.36139,-0.04943],[109.36214,-0.04973],[109.36266,-0.05041],[109.36319,-0.05093],[109.36416,-0.05206],[109.36401,-0.05266],[109.36416,-0.05296],[109.36476,-0.05341],[109.36544,-0.05416],[109.36536,-0.05453],[109.36499,-0.05476],[109.36521,-0.05513],[109.36521,-0.05543],[109.36581,-0.05536],[109.36596,-0.05558],[109.36641,-0.05588],[109.36664,-0.05633],[109.36664,-0.05671],[109.36686,-0.05693],[109.36701,-0.05776],[109.36649,-0.05821],[109.36619,-0.05836],[109.36619,-0.05866],[109.36649,-0.05873],[109.36664,-0.05903],[109.36709,-0.05888],[109.36709,-0.05851],[109.36724,-0.05798],[109.36746,-0.05791],[109.36776,-0.05813],[109.36835,-0.05822],[109.36859,-0.05798],[109.36836,-0.05723],[109.36799,-0.05708],[109.36769,-0.05678],[109.36769,-0.05656],[109.36724,-0.05603],[109.36716,-0.05573],[109.36626,-0.05498],[109.36619,-0.05438],[109.36589,-0.05348],[109.36536,-0.05303],[109.36506,-0.05288],[109.36499,-0.05228],[109.36469,-0.05168],[109.36409,-0.05108],[109.36349,-0.05026],[109.36274,-0.04965],[109.36274,-0.04943],[109.36229,-0.04928],[109.36199,-0.04853],[109.36094,-0.04785],[109.36064,-0.04755],[109.36056,-0.04725],[109.36004,-0.04688],[109.35959,-0.04628],[109.35876,-0.04553],[109.35839,-0.04538],[109.35839,-0.04515],[109.35786,-0.04485],[109.35479,-0.04178],[109.35434,-0.04118],[109.35434,-0.04095],[109.35359,-0.04035],[109.35359,-0.04013],[109.35329,-0.03975],[109.35284,-0.03953],[109.35216,-0.03885],[109.35156,-0.03788],[109.35149,-0.03743],[109.35126,-0.03713],[109.35096,-0.03698],[109.35066,-0.03653],[109.35044,-0.03645],[109.35036,-0.03593],[109.35014,-0.03578],[109.34953,-0.03473],[109.34938,-0.03413],[109.34908,-0.03383],[109.34908,-0.03338],[109.34856,-0.03263],[109.34833,-0.03255],[109.34818,-0.03195],[109.34773,-0.03143],[109.34766,-0.03083],[109.34736,-0.03053],[109.34736,-0.03023],[109.34683,-0.02963],[109.34683,-0.02873],[109.34653,-0.02828],[109.34638,-0.02745],[109.34593,-0.02715],[109.34593,-0.02693],[109.34563,-0.02655],[109.34556,-0.02603],[109.34533,-0.02588],[109.34518,-0.02535],[109.34473,-0.02483],[109.34466,-0.02445],[109.34443,-0.02438],[109.34428,-0.02393],[109.34376,-0.02363],[109.34368,-0.02333],[109.34308,-0.02288],[109.34278,-0.02243],[109.34188,-0.02175],[109.34136,-0.02145],[109.34128,-0.02108],[109.34053,-0.02108],[109.34038,-0.02078],[109.33993,-0.02063],[109.33933,-0.02003],[109.33836,-0.01958],[109.33806,-0.01913],[109.33768,-0.01905],[109.33723,-0.01868],[109.33723,-0.01845],[109.33678,-0.01808],[109.33678,-0.01793],[109.33603,-0.01785],[109.33573,-0.01733],[109.33543,-0.01718],[109.33528,-0.01673],[109.33498,-0.01665],[109.33453,-0.01613],[109.33423,-0.01613],[109.33416,-0.01583],[109.33326,-0.01508],[109.33258,-0.01463],[109.33198,-0.01448],[109.33153,-0.01448],[109.33138,-0.01403],[109.33086,-0.01365],[109.32973,-0.01365],[109.32966,-0.01343],[109.32928,-0.01313],[109.32928,-0.01223],[109.32868,-0.01178],[109.32838,-0.01178],[109.32793,-0.01133],[109.32748,-0.01118],[109.32718,-0.01073],[109.32598,-0.01005],[109.32598,-0.00975],[109.32546,-0.00938],[109.32433,-0.00938],[109.32418,-0.00893],[109.32366,-0.00893],[109.32358,-0.00825],[109.32328,-0.00795],[109.32268,-0.00795],[109.32268,-0.00773],[109.32223,-0.00743],[109.32178,-0.00698],[109.32126,-0.00668],[109.32126,-0.00645],[109.32058,-0.00608],[109.32028,-0.00563],[109.31976,-0.00555],[109.31976,-0.00533],[109.31938,-0.00495],[109.31878,-0.00495],[109.31833,-0.00473],[109.31803,-0.00443],[109.31803,-0.00413],[109.31698,-0.00368],[109.31683,-0.00345],[109.31653,-0.00345],[109.31616,-0.00323],[109.31488,-0.00263],[109.31413,-0.00233],[109.31398,-0.00203],[109.31316,-0.00188],[109.31308,-0.00165],[109.31226,-0.00165],[109.31203,-0.00143],[109.31136,-0.00128],[109.31053,-0.00128],[109.31016,-0.00105],[109.30888,-0.00105],[109.30866,-0.00083],[109.30783,-0.00075],[109.30753,-0.00053],[109.30678,-0.00045],[109.30588,-0.00053],[109.30408,-0.00053],[109.30408,-0.00068],[109.30318,-0.00075],[109.30176,-0.00075],[109.30153,-0.00098],[109.30086,-0.00128],[109.29973,-0.00135],[109.29725,-0.00135],[109.29643,-0.00128],[109.29643,-0.00113],[109.29545,-0.00098],[109.29545,-0.00083],[109.2947,-0.00075],[109.29448,-0.00045],[109.29343,-0.00045],[109.29305,-0.00038],[109.29298,-0.00015],[109.29253,0],[109.31863,0],[109.31893,-0.00038],[109.32006,-0.00075],[109.32118,-0.00075],[109.32133,-0.00098],[109.32133,-0.00135],[109.32186,-0.00173],[109.32193,-0.00203],[109.32223,-0.00218],[109.32276,-0.00218],[109.32306,-0.00233],[109.32343,-0.00293],[109.32396,-0.00308],[109.32403,-0.00338],[109.32486,-0.00375],[109.32523,-0.00383],[109.32523,-0.00428],[109.32583,-0.00443],[109.32613,-0.00473],[109.32613,-0.00495],[109.32658,-0.00503],[109.32696,-0.00525],[109.32703,-0.00578],[109.32763,-0.00615],[109.32793,-0.00623],[109.32823,-0.00668],[109.32883,-0.00705],[109.32883,-0.00728],[109.32928,-0.00735],[109.32958,-0.00758],[109.33108,-0.00908],[109.33123,-0.00938],[109.33168,-0.00953],[109.33198,-0.00975],[109.33206,-0.01028],[109.33251,-0.01028],[109.33251,-0.01058],[109.33296,-0.01088],[109.33318,-0.01088],[109.33363,-0.01133],[109.33363,-0.01163],[109.33416,-0.01193],[109.33416,-0.01245],[109.33476,-0.01298],[109.33476,-0.01335],[109.33498,-0.01358],[109.33528,-0.01358],[109.33626,-0.01433],[109.33633,-0.01478],[109.33693,-0.01493],[109.33716,-0.01523],[109.33806,-0.01575],[109.33813,-0.01628],[109.33896,-0.01748],[109.33948,-0.01763],[109.33956,-0.01793],[109.33986,-0.01808],[109.34053,-0.01808],[109.34068,-0.01823]],[[109.29845,0.0045],[109.29853,0.00398],[109.29815,0.0039],[109.29785,0.0045],[109.29785,0.00488],[109.29755,0.0048],[109.29755,0.00443],[109.29718,0.00435],[109.29725,0.00495],[109.29748,0.00525],[109.29793,0.0051],[109.29838,0.0048],[109.29845,0.0045]]]},"properties":{"STREAM_ID":1}},{"type":"Feature","geometry":{"type":"Polygon","coordinates":[[[109.37792,-0.03285],[109.37804,-0.03255],[109.37774,-0.03248],[109.37789,-0.03173],[109.37864,-0.03173],[109.37886,-0.0312],[109.37826,-0.03105],[109.37849,-0.0306],[109.37826,-0.03],[109.37849,-0.02993],[109.37954,-0.03],[109.37946,-0.03038],[109.37946,-0.03135],[109.37939,-0.03158],[109.37856,-0.03233],[109.37856,-0.0327],[109.37875,-0.0328],[109.37953,-0.03254],[109.38006,-0.03208],[109.38006,-0.0315],[109.38051,-0.0312],[109.38112,-0.0312],[109.38158,-0.03078],[109.38186,-0.03042],[109.38215,-0.0297],[109.38164,-0.02985],[109.38066,-0.02963],[109.38044,-0.0294],[109.38044,-0.02903],[109.37961,-0.0291],[109.37931,-0.02948],[109.37879,-0.02948],[109.37834,-0.02933],[109.37834,-0.02895],[109.37819,-0.02858],[109.37759,-0.02858],[109.37759,-0.02813],[109.37721,-0.02783],[109.37691,-0.02783],[109.37654,-0.02805],[109.37669,-0.02843],[109.37699,-0.0285],[109.37699,-0.0288],[109.37721,-0.02918],[109.37759,-0.02948],[109.37766,-0.03053],[109.37736,-0.03098],[109.37736,-0.03173],[109.37714,-0.03173],[109.37676,-0.03135],[109.37631,-0.03135],[109.37594,-0.03158],[109.37594,-0.0318],[109.37699,-0.03188],[109.37721,-0.03263],[109.37758,-0.03252],[109.37789,-0.03281],[109.37789,-0.03281],[109.3779,-0.03283],[109.37792,-0.03285]]]},"properties":{"STREAM_ID":1}},{"type":"Feature","geometry":{"type":"Polygon","coordinates":[[[109.28691,0.00015],[109.28695,0.00045],[109.28691,0.00018],[109.28691,0.00015]]]},"properties":{"STREAM_ID":1}},{"type":"Feature","geometry":{"type":"Polygon","coordinates":[[[109.36604,0.02298],[109.36596,0.02265],[109.36559,0.0225],[109.36529,0.02213],[109.36529,0.02175],[109.36559,0.0216],[109.36589,0.02123],[109.36664,0.02078],[109.36686,0.0204],[109.36709,0.0204],[109.36701,0.01988],[109.36739,0.01973],[109.36769,0.01995],[109.36791,0.01965],[109.36791,0.01808],[109.36851,0.018],[109.36851,0.01763],[109.36829,0.01748],[109.36836,0.0168],[109.36784,0.01658],[109.36754,0.0159],[109.36791,0.0159],[109.36821,0.01545],[109.36821,0.015],[109.36799,0.01478],[109.36799,0.01433],[109.36836,0.01448],[109.36896,0.01448],[109.36911,0.01485],[109.36949,0.01508],[109.36949,0.01545],[109.36919,0.01568],[109.36919,0.01598],[109.36859,0.0162],[109.36881,0.01665],[109.36926,0.01688],[109.36926,0.0171],[109.36979,0.01725],[109.37074,0.01725],[109.37072,0.01821],[109.37052,0.01875],[109.3708,0.01917],[109.37104,0.021],[109.37031,0.02138],[109.37031,0.02085],[109.36979,0.02078],[109.36941,0.0213],[109.36949,0.02168],[109.36934,0.0221],[109.36814,0.02244],[109.36651,0.02286],[109.36604,0.02298]],[[109.36851,0.02108],[109.36859,0.02078],[109.36821,0.02063],[109.36799,0.02123],[109.36799,0.0216],[109.36844,0.02168],[109.36851,0.02108]]]},"properties":{"STREAM_ID":1}},{"type":"Feature","geometry":{"type":"Polygon","coordinates":[[[109.37586,-0.0024],[109.37526,-0.00285],[109.37511,-0.00315],[109.37451,-0.00315],[109.37444,-0.0039],[109.37406,-0.0045],[109.37369,-0.00413],[109.37331,-0.00443],[109.37204,-0.0045],[109.37181,-0.00413],[109.37106,-0.00413],[109.37099,-0.00458],[109.37114,-0.00503],[109.37069,-0.00503],[109.37039,-0.00548],[109.37084,-0.00563],[109.37084,-0.00645],[109.37091,-0.0072],[109.37114,-0.00765],[109.37099,-0.00833],[109.37114,-0.00855],[109.37151,-0.00833],[109.37219,-0.00833],[109.37234,-0.00795],[109.37204,-0.00765],[109.37174,-0.00758],[109.37151,-0.00705],[109.37181,-0.00683],[109.37196,-0.00638],[109.37196,-0.00593],[109.37166,-0.00578],[109.37256,-0.00503],[109.37354,-0.00503],[109.37376,-0.00525],[109.37376,-0.00578],[109.37406,-0.0063],[109.37354,-0.00623],[109.37301,-0.00638],[109.37256,-0.00638],[109.37241,-0.0069],[109.37286,-0.00713],[109.37286,-0.00735],[109.37316,-0.00765],[109.37316,-0.00803],[109.37331,-0.00825],[109.37376,-0.00788],[109.37369,-0.0084],[109.37384,-0.00878],[109.37384,-0.0093],[109.37354,-0.00945],[109.37331,-0.00983],[109.37241,-0.01013],[109.37226,-0.01043],[109.37144,-0.0105],[109.37136,-0.00975],[109.37099,-0.00968],[109.37106,-0.01043],[109.37091,-0.01065],[109.37091,-0.01185],[109.37166,-0.01185],[109.37144,-0.0114],[109.37129,-0.0108],[109.37159,-0.0108],[109.37174,-0.0111],[109.37241,-0.0111],[109.37249,-0.01133],[109.37286,-0.01163],[109.37339,-0.01148],[109.37339,-0.01095],[109.37294,-0.0108],[109.37316,-0.0105],[109.37369,-0.01005],[109.37421,-0.01005],[109.37466,-0.01028],[109.37496,-0.0108],[109.37496,-0.01118],[109.37519,-0.01133],[109.37556,-0.01133],[109.37579,-0.0111],[109.37631,-0.01118],[109.37646,-0.01163],[109.37624,-0.01178],[109.37624,-0.01268],[109.37639,-0.01335],[109.37676,-0.01335],[109.37699,-0.01358],[109.37744,-0.01335],[109.37744,-0.0129],[109.37774,-0.01275],[109.37781,-0.0132],[109.37729,-0.01358],[109.37729,-0.01395],[109.37751,-0.0141],[109.37772,-0.01389],[109.3776,-0.01358],[109.37807,-0.01319],[109.37841,-0.01268],[109.37833,-0.01218],[109.37745,-0.01231],[109.37738,-0.01202],[109.37772,-0.01128],[109.37799,-0.01106],[109.37786,-0.01053],[109.37781,-0.00896],[109.37745,-0.00796],[109.37691,-0.00627],[109.37649,-0.00594],[109.37639,-0.00555],[109.37609,-0.00548],[109.37609,-0.00488],[109.37594,-0.00458],[109.37571,-0.00417],[109.37594,-0.00351],[109.37575,-0.0031],[109.37604,-0.00266],[109.37586,-0.0024]],[[109.37639,-0.00638],[109.37646,-0.00668],[109.37624,-0.00683],[109.37549,-0.00683],[109.37519,-0.00705],[109.37466,-0.0069],[109.37474,-0.00623],[109.37496,-0.00585],[109.37519,-0.00585],[109.37556,-0.00638],[109.37586,-0.00638],[109.37601,-0.00615],[109.37639,-0.00638]],[[109.37571,-0.01005],[109.37571,-0.01028],[109.37511,-0.0102],[109.37511,-0.0099],[109.37549,-0.00983],[109.37571,-0.01005]]]},"properties":{"STREAM_ID":1}},{"type":"Feature","geometry":{"type":"Polygon","coordinates":[[[109.36604,0.02298],[109.36596,0.02265],[109.36559,0.0225],[109.36529,0.02213],[109.36529,0.02175],[109.36559,0.0216],[109.36589,0.02123],[109.36664,0.02078],[109.36686,0.0204],[109.36709,0.0204],[109.36701,0.01988],[109.36739,0.01973],[109.36769,0.01995],[109.36791,0.01965],[109.36791,0.01808],[109.36851,0.018],[109.36851,0.01763],[109.36829,0.01748],[109.36836,0.0168],[109.36784,0.01658],[109.36754,0.0159],[109.36791,0.0159],[109.36821,0.01545],[109.36821,0.015],[109.36799,0.01478],[109.36799,0.01433],[109.36836,0.01448],[109.36896,0.01448],[109.36911,0.01485],[109.36949,0.01508],[109.36949,0.01545],[109.36919,0.01568],[109.36919,0.01598],[109.36859,0.0162],[109.36881,0.01665],[109.36926,0.01688],[109.36926,0.0171],[109.36979,0.01725],[109.37074,0.01725],[109.37072,0.01821],[109.37052,0.01875],[109.3708,0.01917],[109.37104,0.021],[109.37031,0.02138],[109.37031,0.02085],[109.36979,0.02078],[109.36941,0.0213],[109.36949,0.02168],[109.36934,0.0221],[109.36814,0.02244],[109.36651,0.02286],[109.36604,0.02298]],[[109.36851,0.02108],[109.36859,0.02078],[109.36821,0.02063],[109.36799,0.02123],[109.36799,0.0216],[109.36844,0.02168],[109.36851,0.02108]]]},"properties":{"STREAM_ID":1}},{"type":"Feature","geometry":{"type":"Polygon","coordinates":[[[109.36953,-0.05836],[109.36979,-0.05858],[109.37024,-0.05873],[109.37046,-0.05821],[109.36956,-0.05761],[109.36941,-0.05738],[109.36941,-0.05678],[109.36926,-0.05671],[109.36889,-0.05603],[109.36889,-0.05573],[109.36844,-0.05476],[109.36859,-0.05446],[109.36814,-0.05408],[109.36776,-0.05393],[109.36686,-0.05303],[109.36656,-0.05221],[109.36604,-0.05168],[109.36566,-0.05101],[109.36514,-0.05026],[109.36416,-0.04928],[109.36379,-0.04898],[109.36326,-0.04823],[109.36319,-0.04793],[109.36274,-0.04748],[109.36221,-0.04718],[109.36191,-0.0465],[109.36146,-0.04613],[109.36139,-0.04583],[109.36086,-0.0456],[109.36041,-0.04515],[109.36049,-0.0447],[109.36004,-0.04463],[109.35959,-0.0447],[109.35936,-0.04425],[109.35884,-0.04403],[109.35854,-0.0435],[109.35734,-0.0426],[109.35689,-0.04215],[109.35636,-0.04148],[109.35599,-0.0411],[109.35584,-0.04073],[109.35501,-0.03983],[109.35419,-0.0393],[109.35419,-0.03915],[109.35321,-0.03803],[109.35299,-0.03728],[109.35261,-0.03705],[109.35194,-0.03615],[109.35141,-0.03525],[109.35111,-0.03443],[109.35036,-0.0333],[109.35006,-0.03315],[109.34953,-0.03188],[109.34938,-0.0318],[109.34908,-0.0312],[109.34908,-0.03098],[109.34878,-0.03053],[109.34878,-0.03023],[109.34803,-0.0288],[109.34766,-0.02783],[109.34781,-0.02753],[109.34706,-0.02678],[109.34676,-0.02633],[109.34638,-0.02558],[109.34631,-0.02498],[109.34661,-0.02453],[109.34661,-0.02355],[109.34691,-0.02333],[109.34908,-0.02333],[109.34961,-0.0231],[109.35006,-0.0231],[109.35066,-0.02295],[109.35134,-0.02295],[109.35201,-0.02258],[109.35306,-0.02258],[109.35336,-0.02235],[109.35389,-0.02235],[109.35411,-0.02205],[109.35471,-0.02205],[109.35494,-0.0219],[109.35576,-0.02198],[109.35629,-0.0216],[109.35666,-0.0216],[109.35696,-0.02205],[109.35696,-0.0225],[109.35749,-0.0225],[109.35711,-0.02205],[109.35726,-0.02175],[109.35779,-0.02168],[109.35884,-0.02175],[109.35884,-0.02213],[109.35929,-0.02205],[109.35936,-0.0216],[109.36019,-0.02078],[109.36086,-0.0207],[109.36109,-0.02085],[109.36109,-0.02138],[109.36154,-0.02168],[109.36154,-0.0213],[109.36191,-0.02115],[109.36236,-0.02115],[109.36281,-0.0213],[109.36289,-0.021],[109.36529,-0.021],[109.36589,-0.0213],[109.36656,-0.0213],[109.36686,-0.02153],[109.36686,-0.02235],[109.36701,-0.02273],[109.36746,-0.0222],[109.36746,-0.02145],[109.36799,-0.02145],[109.36859,-0.0213],[109.36881,-0.02168],[109.36926,-0.02168],[109.36971,-0.0219],[109.37054,-0.0219],[109.37114,-0.02205],[109.37151,-0.02228],[109.37151,-0.02258],[109.37226,-0.02258],[109.37264,-0.02288],[109.37316,-0.02303],[109.37406,-0.02355],[109.37564,-0.02408],[109.37601,-0.02408],[109.37631,-0.0243],[109.37646,-0.0246],[109.37691,-0.02483],[109.37729,-0.02483],[109.37751,-0.02505],[109.37819,-0.02498],[109.37849,-0.02528],[109.37924,-0.02528],[109.37984,-0.02543],[109.38044,-0.02543],[109.38141,-0.02573],[109.38209,-0.02573],[109.38224,-0.02595],[109.38231,-0.02655],[109.38194,-0.02693],[109.38201,-0.0273],[109.38239,-0.0273],[109.38254,-0.02678],[109.38293,-0.0264],[109.38315,-0.0251],[109.37956,-0.0244],[109.37607,-0.0231],[109.37678,-0.02196],[109.37701,-0.02102],[109.37699,-0.0197],[109.37741,-0.0187],[109.37793,-0.01786],[109.37803,-0.01694],[109.37813,-0.01657],[109.37878,-0.01613],[109.37882,-0.01594],[109.37837,-0.01553],[109.37763,-0.01539],[109.37755,-0.01521],[109.37796,-0.01489],[109.37858,-0.01462],[109.37896,-0.01408],[109.37894,-0.01352],[109.37834,-0.01351],[109.37826,-0.01425],[109.37766,-0.0144],[109.37736,-0.01485],[109.37729,-0.01553],[109.37796,-0.0156],[109.37826,-0.01605],[109.37766,-0.01673],[109.37774,-0.01763],[109.37721,-0.01853],[109.37676,-0.0189],[109.37669,-0.01943],[109.37601,-0.0192],[109.37601,-0.01875],[109.37669,-0.01785],[109.37654,-0.0174],[109.37661,-0.01688],[109.37624,-0.0165],[109.37586,-0.01628],[109.37594,-0.01695],[109.37556,-0.01733],[109.37541,-0.01793],[109.37556,-0.0183],[109.37534,-0.01853],[109.37541,-0.01928],[109.37511,-0.0195],[109.37489,-0.02003],[109.37451,-0.0201],[109.37481,-0.02055],[109.37526,-0.02055],[109.37534,-0.02085],[109.37496,-0.02085],[109.37444,-0.02063],[109.37421,-0.0204],[109.37331,-0.0204],[109.37301,-0.02018],[109.37294,-0.01988],[109.37256,-0.01943],[109.37264,-0.01905],[109.37294,-0.01875],[109.37294,-0.01808],[109.37256,-0.0183],[109.37226,-0.01875],[109.37219,-0.01913],[109.37189,-0.01943],[109.37174,-0.01905],[109.37174,-0.0186],[109.37189,-0.01838],[109.37136,-0.0183],[109.37144,-0.0177],[109.37204,-0.01778],[109.37219,-0.01763],[109.37219,-0.01695],[109.37241,-0.01665],[109.37279,-0.01665],[109.37286,-0.01643],[109.37346,-0.0165],[109.37361,-0.01688],[109.37354,-0.01718],[109.37316,-0.01718],[109.37301,-0.0174],[109.37384,-0.018],[109.37429,-0.01793],[109.37421,-0.01748],[109.37429,-0.01695],[109.37391,-0.0168],[109.37399,-0.01635],[109.37421,-0.01635],[109.37444,-0.01688],[109.37466,-0.01688],[109.37496,-0.0162],[109.37496,-0.01583],[109.37451,-0.0156],[109.37414,-0.01568],[109.37361,-0.01605],[109.37331,-0.01605],[109.37301,-0.01575],[109.37226,-0.01605],[109.37226,-0.01665],[109.37174,-0.01673],[109.37159,-0.0165],[109.37211,-0.01613],[109.37196,-0.01575],[109.37159,-0.01575],[109.37076,-0.01628],[109.37084,-0.01703],[109.37054,-0.01748],[109.37024,-0.0177],[109.37009,-0.0174],[109.37031,-0.01718],[109.37016,-0.01688],[109.36971,-0.01665],[109.36949,-0.0162],[109.36949,-0.01583],[109.36979,-0.01575],[109.36986,-0.0153],[109.37031,-0.0153],[109.37054,-0.01515],[109.37031,-0.01448],[109.37001,-0.01455],[109.37001,-0.01493],[109.36964,-0.01515],[109.36919,-0.01523],[109.36919,-0.01575],[109.36866,-0.01575],[109.36836,-0.0156],[109.36821,-0.01605],[109.36784,-0.01635],[109.36731,-0.01643],[109.36731,-0.01793],[109.36716,-0.0183],[109.36679,-0.01853],[109.36619,-0.01845],[109.36566,-0.01815],[109.36506,-0.01815],[109.36484,-0.01853],[109.36379,-0.01845],[109.36334,-0.01823],[109.36304,-0.01853],[109.36229,-0.01845],[109.36116,-0.01845],[109.36094,-0.01868],[109.36011,-0.01868],[109.35966,-0.0189],[109.35861,-0.01883],[109.35794,-0.01905],[109.35726,-0.01898],[109.35719,-0.01913],[109.35651,-0.01913],[109.35614,-0.01868],[109.35644,-0.01838],[109.35636,-0.01808],[109.35584,-0.01808],[109.35554,-0.01755],[109.35584,-0.0174],[109.35584,-0.0171],[109.35524,-0.01703],[109.35471,-0.0174],[109.35441,-0.01808],[109.35449,-0.0186],[109.35434,-0.01868],[109.35464,-0.01935],[109.35464,-0.0198],[109.35441,-0.0201],[109.35396,-0.02033],[109.35314,-0.02033],[109.35269,-0.0204],[109.35224,-0.02018],[109.35179,-0.02018],[109.35104,-0.02078],[109.35096,-0.02093],[109.34953,-0.02085],[109.34893,-0.02123],[109.34848,-0.02123],[109.34826,-0.02138],[109.34758,-0.0213],[109.34683,-0.0213],[109.34578,-0.02145],[109.34503,-0.0213],[109.34413,-0.02093],[109.34353,-0.02048],[109.34331,-0.02048],[109.34293,-0.02018],[109.34263,-0.0201],[109.34218,-0.0198],[109.34203,-0.01935],[109.34121,-0.01898],[109.34106,-0.01875],[109.34061,-0.0189],[109.34061,-0.01913],[109.34106,-0.01958],[109.34166,-0.01973],[109.34166,-0.02018],[109.34188,-0.02018],[109.34218,-0.02048],[109.34256,-0.02055],[109.34353,-0.02138],[109.34428,-0.02153],[109.34458,-0.02175],[109.34518,-0.02175],[109.34548,-0.02198],[109.34638,-0.02198],[109.34646,-0.02213],[109.34646,-0.02295],[109.34616,-0.02295],[109.34616,-0.02423],[109.34593,-0.02445],[109.34593,-0.02573],[109.34623,-0.02648],[109.34646,-0.02685],[109.34668,-0.02693],[109.34683,-0.02745],[109.34728,-0.02775],[109.34728,-0.02858],[109.34743,-0.02918],[109.34773,-0.02955],[109.34773,-0.02985],[109.34818,-0.03023],[109.34833,-0.03098],[109.34856,-0.03113],[109.34856,-0.03143],[109.34878,-0.03188],[109.34908,-0.03218],[109.34923,-0.03285],[109.34946,-0.03293],[109.34953,-0.03338],[109.34976,-0.03368],[109.35036,-0.03405],[109.35044,-0.03465],[109.35089,-0.03518],[109.35089,-0.03555],[109.35104,-0.03593],[109.35134,-0.03623],[109.35134,-0.03645],[109.35179,-0.03675],[109.35179,-0.03698],[109.35224,-0.03758],[109.35269,-0.03795],[109.35276,-0.03848],[109.35306,-0.03863],[109.35329,-0.03893],[109.35344,-0.03938],[109.35404,-0.04005],[109.35434,-0.04028],[109.35479,-0.04043],[109.35516,-0.04088],[109.35524,-0.04118],[109.35576,-0.04178],[109.35599,-0.04185],[109.35629,-0.04238],[109.35659,-0.04253],[109.35674,-0.04298],[109.35704,-0.04313],[109.35936,-0.04545],[109.36004,-0.0456],[109.36019,-0.04598],[109.36056,-0.04613],[109.36079,-0.04658],[109.36116,-0.04673],[109.36124,-0.04695],[109.36169,-0.04695],[109.36161,-0.04733],[109.36214,-0.04793],[109.36259,-0.04815],[109.36274,-0.04853],[109.36319,-0.04883],[109.36334,-0.04935],[109.36409,-0.05018],[109.36469,-0.05063],[109.36514,-0.05146],[109.36536,-0.05153],[109.36566,-0.05213],[109.36589,-0.05221],[109.36589,-0.05258],[109.36619,-0.05288],[109.36634,-0.05348],[109.36664,-0.05363],[109.36716,-0.05416],[109.36739,-0.05468],[109.36784,-0.05513],[109.36829,-0.05573],[109.36859,-0.05663],[109.36889,-0.05716],[109.36902,-0.05765],[109.36949,-0.05828],[109.36949,-0.0583],[109.36953,-0.05836]],[[109.37676,-0.02063],[109.37676,-0.02085],[109.37646,-0.02115],[109.37676,-0.02145],[109.37661,-0.02175],[109.37594,-0.02138],[109.37594,-0.02048],[109.37601,-0.02033],[109.37654,-0.02025],[109.37676,-0.02063]],[[109.36904,-0.0183],[109.36896,-0.0186],[109.36814,-0.01845],[109.36799,-0.018],[109.36821,-0.0177],[109.36851,-0.01793],[109.36889,-0.018],[109.36904,-0.0183]]]},"properties":{"STREAM_ID":1}},{"type":"Feature","geometry":{"type":"Polygon","coordinates":[[[109.34068,-0.01823],[109.34068,-0.0177],[109.34008,-0.01748],[109.33941,-0.0168],[109.33911,-0.01635],[109.33881,-0.01613],[109.33836,-0.0153],[109.33813,-0.0153],[109.33716,-0.01425],[109.33648,-0.01395],[109.33596,-0.01335],[109.33558,-0.0132],[109.33513,-0.01283],[109.33513,-0.0126],[109.33453,-0.012],[109.33453,-0.01155],[109.33408,-0.0111],[109.33378,-0.01065],[109.33303,-0.0102],[109.33266,-0.00975],[109.33221,-0.00945],[109.33131,-0.0084],[109.33063,-0.0078],[109.33033,-0.00735],[109.32943,-0.00683],[109.32891,-0.00645],[109.32876,-0.00615],[109.32786,-0.00548],[109.32771,-0.00518],[109.32726,-0.00473],[109.32666,-0.0045],[109.32621,-0.0039],[109.32583,-0.00383],[109.32568,-0.00345],[109.32538,-0.0033],[109.32516,-0.003],[109.32478,-0.003],[109.32441,-0.00255],[109.32373,-0.00233],[109.32328,-0.00173],[109.32261,-0.00173],[109.32178,-0.0009],[109.32171,-0.00023],[109.32156,0],[109.32096,0],[109.32088,-0.00023],[109.32013,-0.00015],[109.31946,0.00023],[109.31923,0.00023],[109.31871,0.00068],[109.31803,0.00068],[109.31773,0.00105],[109.31728,0.00105],[109.31713,0.00135],[109.31668,0.0015],[109.31608,0.00158],[109.31481,0.0021],[109.31458,0.00233],[109.31391,0.00225],[109.31383,0.00255],[109.31308,0.00263],[109.31293,0.00248],[109.31256,0.00255],[109.31248,0.00278],[109.31188,0.00278],[109.31151,0.00293],[109.31068,0.00375],[109.30993,0.00368],[109.30963,0.0042],[109.30933,0.00428],[109.30903,0.00458],[109.30866,0.00465],[109.30888,0.00495],[109.30888,0.00525],[109.30851,0.00533],[109.30821,0.0051],[109.30798,0.00473],[109.30738,0.00473],[109.30723,0.00495],[109.30686,0.00495],[109.30648,0.00473],[109.30633,0.00495],[109.30581,0.00495],[109.30573,0.00548],[109.30528,0.00548],[109.30521,0.0051],[109.30483,0.0051],[109.30453,0.00563],[109.30416,0.00563],[109.30386,0.00518],[109.30288,0.0051],[109.30138,0.0051],[109.30093,0.00548],[109.30003,0.00548],[109.29965,0.00578],[109.29943,0.00623],[109.2989,0.00623],[109.2983,0.00638],[109.2983,0.00668],[109.29763,0.00705],[109.2974,0.00743],[109.29703,0.0075],[109.2962,0.00788],[109.29605,0.00803],[109.29545,0.00795],[109.29493,0.00833],[109.29463,0.00825],[109.29388,0.00825],[109.2935,0.00848],[109.29335,0.00878],[109.29335,0.00938],[109.29305,0.0096],[109.29268,0.00945],[109.2926,0.0087],[109.2923,0.00848],[109.2917,0.0084],[109.29038,0.0084],[109.28724,0.0059],[109.28694,0.00278],[109.28693,0.00148],[109.28818,0.0015],[109.28863,0.00143],[109.28878,0.00158],[109.28923,0.00158],[109.2896,0.00143],[109.29028,0.00098],[109.29028,0.00045],[109.29043,0.0003],[109.29118,0.0003],[109.2914,0.00023],[109.29155,-0.00023],[109.292,-0.0003],[109.2926,-0.00075],[109.29268,-0.00173],[109.29253,-0.0021],[109.29268,-0.00263],[109.29268,-0.003],[109.29238,-0.00315],[109.29238,-0.00383],[109.29268,-0.00413],[109.2929,-0.00413],[109.29305,-0.00465],[109.29275,-0.0048],[109.29245,-0.00518],[109.29245,-0.00555],[109.29328,-0.0054],[109.29328,-0.00488],[109.29358,-0.00465],[109.29358,-0.00428],[109.29335,-0.00405],[109.29328,-0.00353],[109.2938,-0.00353],[109.29418,-0.00383],[109.2944,-0.00338],[109.2941,-0.0024],[109.2941,-0.00195],[109.29395,-0.0018],[109.29335,-0.0018],[109.2935,-0.00143],[109.29388,-0.00165],[109.29388,-0.00113],[109.29418,-0.00105],[109.29485,-0.00135],[109.29538,-0.0015],[109.2953,-0.00173],[109.29455,-0.00188],[109.29493,-0.00248],[109.29523,-0.00248],[109.29545,-0.00218],[109.29583,-0.0021],[109.2962,-0.00255],[109.29605,-0.00173],[109.29665,-0.0018],[109.29793,-0.0018],[109.29793,-0.00188],[109.29958,-0.00188],[109.30026,-0.0018],[109.30063,-0.00188],[109.30093,-0.00173],[109.30138,-0.00173],[109.30183,-0.00158],[109.30206,-0.00135],[109.30251,-0.0012],[109.30318,-0.0012],[109.30356,-0.0015],[109.30356,-0.0018],[109.30378,-0.00195],[109.30461,-0.00188],[109.30498,-0.00135],[109.30461,-0.00135],[109.30446,-0.00113],[109.30596,-0.00113],[109.30671,-0.00105],[109.30723,-0.00113],[109.30746,-0.00128],[109.30783,-0.00128],[109.30813,-0.0015],[109.30806,-0.00248],[109.30821,-0.00285],[109.30866,-0.0024],[109.30896,-0.0024],[109.30896,-0.00203],[109.30948,-0.00188],[109.30956,-0.00225],[109.30941,-0.00255],[109.30963,-0.00285],[109.30993,-0.00285],[109.31046,-0.00255],[109.31061,-0.00285],[109.31113,-0.003],[109.31128,-0.00263],[109.31113,-0.0024],[109.31113,-0.00195],[109.31158,-0.00195],[109.31196,-0.00218],[109.31248,-0.00218],[109.31338,-0.00248],[109.31376,-0.00278],[109.31406,-0.00278],[109.31466,-0.00315],[109.31481,-0.00315],[109.31563,-0.00353],[109.31661,-0.00405],[109.31721,-0.00428],[109.31751,-0.00465],[109.31751,-0.00495],[109.31788,-0.00518],[109.31811,-0.00548],[109.31908,-0.00555],[109.31931,-0.006],[109.31976,-0.00623],[109.32006,-0.0066],[109.32051,-0.00675],[109.32118,-0.0075],[109.32208,-0.00803],[109.32231,-0.00855],[109.32291,-0.0084],[109.32306,-0.00863],[109.32291,-0.00908],[109.32321,-0.00938],[109.32343,-0.00938],[109.32396,-0.0099],[109.32448,-0.01028],[109.32531,-0.01028],[109.32531,-0.0108],[109.32561,-0.01065],[109.32598,-0.01065],[109.32628,-0.01095],[109.32681,-0.01125],[109.32711,-0.01178],[109.32756,-0.01185],[109.32801,-0.01208],[109.32868,-0.01268],[109.32853,-0.01298],[109.32853,-0.01335],[109.32936,-0.0141],[109.32921,-0.01478],[109.32951,-0.01493],[109.32973,-0.01478],[109.32988,-0.0144],[109.33033,-0.01433],[109.33063,-0.01478],[109.33101,-0.01493],[109.33161,-0.015],[109.33206,-0.01515],[109.33228,-0.01545],[109.33228,-0.01598],[109.33311,-0.01598],[109.33341,-0.01643],[109.33341,-0.01673],[109.33408,-0.01673],[109.33416,-0.01703],[109.33446,-0.01703],[109.33528,-0.01778],[109.33558,-0.0183],[109.33663,-0.01875],[109.33738,-0.01973],[109.33798,-0.0201],[109.33821,-0.0201],[109.33858,-0.0204],[109.33888,-0.02048],[109.33933,-0.02093],[109.33918,-0.0213],[109.33873,-0.02138],[109.33843,-0.02175],[109.33843,-0.02213],[109.33881,-0.02243],[109.33911,-0.02243],[109.33926,-0.0222],[109.33926,-0.02175],[109.34038,-0.0216],[109.34076,-0.02198],[109.34098,-0.02198],[109.34166,-0.02265],[109.34218,-0.02288],[109.34301,-0.02363],[109.34428,-0.0249],[109.34451,-0.02528],[109.34451,-0.02558],[109.34481,-0.02595],[109.34541,-0.027],[109.34556,-0.02753],[109.34586,-0.02783],[109.34601,-0.0285],[109.34646,-0.02948],[109.34646,-0.03],[109.34691,-0.03068],[109.34691,-0.03098],[109.34721,-0.03135],[109.34736,-0.03195],[109.34766,-0.03225],[109.34788,-0.03315],[109.34841,-0.03368],[109.34953,-0.036],[109.34961,-0.03638],[109.34916,-0.03638],[109.34916,-0.0366],[109.34968,-0.0366],[109.35006,-0.03698],[109.35036,-0.03713],[109.35081,-0.03758],[109.35096,-0.03803],[109.35119,-0.03825],[109.35119,-0.039],[109.35171,-0.03915],[109.35186,-0.03953],[109.35291,-0.04058],[109.35291,-0.0408],[109.35366,-0.04125],[109.35374,-0.04178],[109.35404,-0.04193],[109.35479,-0.04268],[109.35554,-0.04335],[109.35576,-0.04373],[109.35644,-0.0444],[109.35651,-0.04478],[109.35674,-0.04478],[109.35741,-0.04523],[109.35764,-0.04553],[109.35831,-0.04605],[109.35906,-0.0468],[109.35944,-0.04703],[109.36026,-0.04793],[109.36034,-0.04838],[109.36109,-0.04875],[109.36146,-0.04905],[109.36139,-0.04943],[109.36214,-0.04973],[109.36266,-0.05041],[109.36319,-0.05093],[109.36416,-0.05206],[109.36401,-0.05266],[109.36416,-0.05296],[109.36476,-0.05341],[109.36544,-0.05416],[109.36536,-0.05453],[109.36499,-0.05476],[109.36521,-0.05513],[109.36521,-0.05543],[109.36581,-0.05536],[109.36596,-0.05558],[109.36641,-0.05588],[109.36664,-0.05633],[109.36664,-0.05671],[109.36686,-0.05693],[109.36701,-0.05776],[109.36649,-0.05821],[109.36619,-0.05836],[109.36619,-0.05866],[109.36649,-0.05873],[109.36664,-0.05903],[109.36709,-0.05888],[109.36709,-0.05851],[109.36724,-0.05798],[109.36746,-0.05791],[109.36776,-0.05813],[109.36835,-0.05822],[109.36859,-0.05798],[109.36836,-0.05723],[109.36799,-0.05708],[109.36769,-0.05678],[109.36769,-0.05656],[109.36724,-0.05603],[109.36716,-0.05573],[109.36626,-0.05498],[109.36619,-0.05438],[109.36589,-0.05348],[109.36536,-0.05303],[109.36506,-0.05288],[109.36499,-0.05228],[109.36469,-0.05168],[109.36409,-0.05108],[109.36349,-0.05026],[109.36274,-0.04965],[109.36274,-0.04943],[109.36229,-0.04928],[109.36199,-0.04853],[109.36094,-0.04785],[109.36064,-0.04755],[109.36056,-0.04725],[109.36004,-0.04688],[109.35959,-0.04628],[109.35876,-0.04553],[109.35839,-0.04538],[109.35839,-0.04515],[109.35786,-0.04485],[109.35479,-0.04178],[109.35434,-0.04118],[109.35434,-0.04095],[109.35359,-0.04035],[109.35359,-0.04013],[109.35329,-0.03975],[109.35284,-0.03953],[109.35216,-0.03885],[109.35156,-0.03788],[109.35149,-0.03743],[109.35126,-0.03713],[109.35096,-0.03698],[109.35066,-0.03653],[109.35044,-0.03645],[109.35036,-0.03593],[109.35014,-0.03578],[109.34953,-0.03473],[109.34938,-0.03413],[109.34908,-0.03383],[109.34908,-0.03338],[109.34856,-0.03263],[109.34833,-0.03255],[109.34818,-0.03195],[109.34773,-0.03143],[109.34766,-0.03083],[109.34736,-0.03053],[109.34736,-0.03023],[109.34683,-0.02963],[109.34683,-0.02873],[109.34653,-0.02828],[109.34638,-0.02745],[109.34593,-0.02715],[109.34593,-0.02693],[109.34563,-0.02655],[109.34556,-0.02603],[109.34533,-0.02588],[109.34518,-0.02535],[109.34473,-0.02483],[109.34466,-0.02445],[109.34443,-0.02438],[109.34428,-0.02393],[109.34376,-0.02363],[109.34368,-0.02333],[109.34308,-0.02288],[109.34278,-0.02243],[109.34188,-0.02175],[109.34136,-0.02145],[109.34128,-0.02108],[109.34053,-0.02108],[109.34038,-0.02078],[109.33993,-0.02063],[109.33933,-0.02003],[109.33836,-0.01958],[109.33806,-0.01913],[109.33768,-0.01905],[109.33723,-0.01868],[109.33723,-0.01845],[109.33678,-0.01808],[109.33678,-0.01793],[109.33603,-0.01785],[109.33573,-0.01733],[109.33543,-0.01718],[109.33528,-0.01673],[109.33498,-0.01665],[109.33453,-0.01613],[109.33423,-0.01613],[109.33416,-0.01583],[109.33326,-0.01508],[109.33258,-0.01463],[109.33198,-0.01448],[109.33153,-0.01448],[109.33138,-0.01403],[109.33086,-0.01365],[109.32973,-0.01365],[109.32966,-0.01343],[109.32928,-0.01313],[109.32928,-0.01223],[109.32868,-0.01178],[109.32838,-0.01178],[109.32793,-0.01133],[109.32748,-0.01118],[109.32718,-0.01073],[109.32598,-0.01005],[109.32598,-0.00975],[109.32546,-0.00938],[109.32433,-0.00938],[109.32418,-0.00893],[109.32366,-0.00893],[109.32358,-0.00825],[109.32328,-0.00795],[109.32268,-0.00795],[109.32268,-0.00773],[109.32223,-0.00743],[109.32178,-0.00698],[109.32126,-0.00668],[109.32126,-0.00645],[109.32058,-0.00608],[109.32028,-0.00563],[109.31976,-0.00555],[109.31976,-0.00533],[109.31938,-0.00495],[109.31878,-0.00495],[109.31833,-0.00473],[109.31803,-0.00443],[109.31803,-0.00413],[109.31698,-0.00368],[109.31683,-0.00345],[109.31653,-0.00345],[109.31616,-0.00323],[109.31488,-0.00263],[109.31413,-0.00233],[109.31398,-0.00203],[109.31316,-0.00188],[109.31308,-0.00165],[109.31226,-0.00165],[109.31203,-0.00143],[109.31136,-0.00128],[109.31053,-0.00128],[109.31016,-0.00105],[109.30888,-0.00105],[109.30866,-0.00083],[109.30783,-0.00075],[109.30753,-0.00053],[109.30678,-0.00045],[109.30588,-0.00053],[109.30408,-0.00053],[109.30408,-0.00068],[109.30318,-0.00075],[109.30176,-0.00075],[109.30153,-0.00098],[109.30086,-0.00128],[109.29973,-0.00135],[109.29725,-0.00135],[109.29643,-0.00128],[109.29643,-0.00113],[109.29545,-0.00098],[109.29545,-0.00083],[109.2947,-0.00075],[109.29448,-0.00045],[109.29343,-0.00045],[109.29305,-0.00038],[109.29298,-0.00015],[109.29253,0],[109.31863,0],[109.31893,-0.00038],[109.32006,-0.00075],[109.32118,-0.00075],[109.32133,-0.00098],[109.32133,-0.00135],[109.32186,-0.00173],[109.32193,-0.00203],[109.32223,-0.00218],[109.32276,-0.00218],[109.32306,-0.00233],[109.32343,-0.00293],[109.32396,-0.00308],[109.32403,-0.00338],[109.32486,-0.00375],[109.32523,-0.00383],[109.32523,-0.00428],[109.32583,-0.00443],[109.32613,-0.00473],[109.32613,-0.00495],[109.32658,-0.00503],[109.32696,-0.00525],[109.32703,-0.00578],[109.32763,-0.00615],[109.32793,-0.00623],[109.32823,-0.00668],[109.32883,-0.00705],[109.32883,-0.00728],[109.32928,-0.00735],[109.32958,-0.00758],[109.33108,-0.00908],[109.33123,-0.00938],[109.33168,-0.00953],[109.33198,-0.00975],[109.33206,-0.01028],[109.33251,-0.01028],[109.33251,-0.01058],[109.33296,-0.01088],[109.33318,-0.01088],[109.33363,-0.01133],[109.33363,-0.01163],[109.33416,-0.01193],[109.33416,-0.01245],[109.33476,-0.01298],[109.33476,-0.01335],[109.33498,-0.01358],[109.33528,-0.01358],[109.33626,-0.01433],[109.33633,-0.01478],[109.33693,-0.01493],[109.33716,-0.01523],[109.33806,-0.01575],[109.33813,-0.01628],[109.33896,-0.01748],[109.33948,-0.01763],[109.33956,-0.01793],[109.33986,-0.01808],[109.34053,-0.01808],[109.34068,-0.01823]],[[109.29845,0.0045],[109.29853,0.00398],[109.29815,0.0039],[109.29785,0.0045],[109.29785,0.00488],[109.29755,0.0048],[109.29755,0.00443],[109.29718,0.00435],[109.29725,0.00495],[109.29748,0.00525],[109.29793,0.0051],[109.29838,0.0048],[109.29845,0.0045]]]},"properties":{"STREAM_ID":1}},{"type":"Feature","geometry":{"type":"Polygon","coordinates":[[[109.37054,-0.05948],[109.37084,-0.05963],[109.37136,-0.06053],[109.37166,-0.06053],[109.37196,-0.06098],[109.37219,-0.06098],[109.37226,-0.06136],[109.37249,-0.06143],[109.37249,-0.06226],[109.37264,-0.06248],[109.37306,-0.06263],[109.37354,-0.06218],[109.37324,-0.06181],[109.37294,-0.06173],[109.37294,-0.06106],[109.37264,-0.06046],[109.37286,-0.06031],[109.37286,-0.05978],[109.37309,-0.05956],[109.37339,-0.05963],[109.37339,-0.05993],[109.37369,-0.05993],[109.37421,-0.05956],[109.37421,-0.05918],[109.37384,-0.05911],[109.37361,-0.05933],[109.37331,-0.05933],[109.37256,-0.05963],[109.37241,-0.05986],[109.37264,-0.06023],[109.37241,-0.06046],[109.37211,-0.06016],[109.37204,-0.05986],[109.37159,-0.05941],[109.37151,-0.05903],[109.37121,-0.05896],[109.37099,-0.05918],[109.37054,-0.05918],[109.37054,-0.05948]]]},"properties":{"STREAM_ID":1}},{"type":"Feature","geometry":{"type":"Polygon","coordinates":[[[109.37586,-0.0024],[109.37526,-0.00285],[109.37511,-0.00315],[109.37451,-0.00315],[109.37444,-0.0039],[109.37406,-0.0045],[109.37369,-0.00413],[109.37331,-0.00443],[109.37204,-0.0045],[109.37181,-0.00413],[109.37106,-0.00413],[109.37099,-0.00458],[109.37114,-0.00503],[109.37069,-0.00503],[109.37039,-0.00548],[109.37084,-0.00563],[109.37084,-0.00645],[109.37091,-0.0072],[109.37114,-0.00765],[109.37099,-0.00833],[109.37114,-0.00855],[109.37151,-0.00833],[109.37219,-0.00833],[109.37234,-0.00795],[109.37204,-0.00765],[109.37174,-0.00758],[109.37151,-0.00705],[109.37181,-0.00683],[109.37196,-0.00638],[109.37196,-0.00593],[109.37166,-0.00578],[109.37256,-0.00503],[109.37354,-0.00503],[109.37376,-0.00525],[109.37376,-0.00578],[109.37406,-0.0063],[109.37354,-0.00623],[109.37301,-0.00638],[109.37256,-0.00638],[109.37241,-0.0069],[109.37286,-0.00713],[109.37286,-0.00735],[109.37316,-0.00765],[109.37316,-0.00803],[109.37331,-0.00825],[109.37376,-0.00788],[109.37369,-0.0084],[109.37384,-0.00878],[109.37384,-0.0093],[109.37354,-0.00945],[109.37331,-0.00983],[109.37241,-0.01013],[109.37226,-0.01043],[109.37144,-0.0105],[109.37136,-0.00975],[109.37099,-0.00968],[109.37106,-0.01043],[109.37091,-0.01065],[109.37091,-0.01185],[109.37166,-0.01185],[109.37144,-0.0114],[109.37129,-0.0108],[109.37159,-0.0108],[109.37174,-0.0111],[109.37241,-0.0111],[109.37249,-0.01133],[109.37286,-0.01163],[109.37339,-0.01148],[109.37339,-0.01095],[109.37294,-0.0108],[109.37316,-0.0105],[109.37369,-0.01005],[109.37421,-0.01005],[109.37466,-0.01028],[109.37496,-0.0108],[109.37496,-0.01118],[109.37519,-0.01133],[109.37556,-0.01133],[109.37579,-0.0111],[109.37631,-0.01118],[109.37646,-0.01163],[109.37624,-0.01178],[109.37624,-0.01268],[109.37639,-0.01335],[109.37676,-0.01335],[109.37699,-0.01358],[109.37744,-0.01335],[109.37744,-0.0129],[109.37774,-0.01275],[109.37781,-0.0132],[109.37729,-0.01358],[109.37729,-0.01395],[109.37751,-0.0141],[109.37772,-0.01389],[109.3776,-0.01358],[109.37807,-0.01319],[109.37841,-0.01268],[109.37833,-0.01218],[109.37745,-0.01231],[109.37738,-0.01202],[109.37772,-0.01128],[109.37799,-0.01106],[109.37786,-0.01053],[109.37781,-0.00896],[109.37745,-0.00796],[109.37691,-0.00627],[109.37649,-0.00594],[109.37639,-0.00555],[109.37609,-0.00548],[109.37609,-0.00488],[109.37594,-0.00458],[109.37571,-0.00417],[109.37594,-0.00351],[109.37575,-0.0031],[109.37604,-0.00266],[109.37586,-0.0024]],[[109.37639,-0.00638],[109.37646,-0.00668],[109.37624,-0.00683],[109.37549,-0.00683],[109.37519,-0.00705],[109.37466,-0.0069],[109.37474,-0.00623],[109.37496,-0.00585],[109.37519,-0.00585],[109.37556,-0.00638],[109.37586,-0.00638],[109.37601,-0.00615],[109.37639,-0.00638]],[[109.37571,-0.01005],[109.37571,-0.01028],[109.37511,-0.0102],[109.37511,-0.0099],[109.37549,-0.00983],[109.37571,-0.01005]]]},"properties":{"STREAM_ID":1}},{"type":"Feature","geometry":{"type":"Polygon","coordinates":[[[109.28691,0.00015],[109.28695,0.00045],[109.28691,0.00018],[109.28691,0.00015]]]},"properties":{"STREAM_ID":1}},{"type":"Feature","geometry":{"type":"Polygon","coordinates":[[[109.34068,-0.01823],[109.34068,-0.0177],[109.34008,-0.01748],[109.33941,-0.0168],[109.33911,-0.01635],[109.33881,-0.01613],[109.33836,-0.0153],[109.33813,-0.0153],[109.33716,-0.01425],[109.33648,-0.01395],[109.33596,-0.01335],[109.33558,-0.0132],[109.33513,-0.01283],[109.33513,-0.0126],[109.33453,-0.012],[109.33453,-0.01155],[109.33408,-0.0111],[109.33378,-0.01065],[109.33303,-0.0102],[109.33266,-0.00975],[109.33221,-0.00945],[109.33131,-0.0084],[109.33063,-0.0078],[109.33033,-0.00735],[109.32943,-0.00683],[109.32891,-0.00645],[109.32876,-0.00615],[109.32786,-0.00548],[109.32771,-0.00518],[109.32726,-0.00473],[109.32666,-0.0045],[109.32621,-0.0039],[109.32583,-0.00383],[109.32568,-0.00345],[109.32538,-0.0033],[109.32516,-0.003],[109.32478,-0.003],[109.32441,-0.00255],[109.32373,-0.00233],[109.32328,-0.00173],[109.32261,-0.00173],[109.32178,-0.0009],[109.32171,-0.00023],[109.32156,0],[109.32096,0],[109.32088,-0.00023],[109.32013,-0.00015],[109.31946,0.00023],[109.31923,0.00023],[109.31871,0.00068],[109.31803,0.00068],[109.31773,0.00105],[109.31728,0.00105],[109.31713,0.00135],[109.31668,0.0015],[109.31608,0.00158],[109.31481,0.0021],[109.31458,0.00233],[109.31391,0.00225],[109.31383,0.00255],[109.31308,0.00263],[109.31293,0.00248],[109.31256,0.00255],[109.31248,0.00278],[109.31188,0.00278],[109.31151,0.00293],[109.31068,0.00375],[109.30993,0.00368],[109.30963,0.0042],[109.30933,0.00428],[109.30903,0.00458],[109.30866,0.00465],[109.30888,0.00495],[109.30888,0.00525],[109.30851,0.00533],[109.30821,0.0051],[109.30798,0.00473],[109.30738,0.00473],[109.30723,0.00495],[109.30686,0.00495],[109.30648,0.00473],[109.30633,0.00495],[109.30581,0.00495],[109.30573,0.00548],[109.30528,0.00548],[109.30521,0.0051],[109.30483,0.0051],[109.30453,0.00563],[109.30416,0.00563],[109.30386,0.00518],[109.30288,0.0051],[109.30138,0.0051],[109.30093,0.00548],[109.30003,0.00548],[109.29965,0.00578],[109.29943,0.00623],[109.2989,0.00623],[109.2983,0.00638],[109.2983,0.00668],[109.29763,0.00705],[109.2974,0.00743],[109.29703,0.0075],[109.2962,0.00788],[109.29605,0.00803],[109.29545,0.00795],[109.29493,0.00833],[109.29463,0.00825],[109.29388,0.00825],[109.2935,0.00848],[109.29335,0.00878],[109.29335,0.00938],[109.29305,0.0096],[109.29268,0.00945],[109.2926,0.0087],[109.2923,0.00848],[109.2917,0.0084],[109.29038,0.0084],[109.28724,0.0059],[109.28694,0.00278],[109.28693,0.00148],[109.28818,0.0015],[109.28863,0.00143],[109.28878,0.00158],[109.28923,0.00158],[109.2896,0.00143],[109.29028,0.00098],[109.29028,0.00045],[109.29043,0.0003],[109.29118,0.0003],[109.2914,0.00023],[109.29155,-0.00023],[109.292,-0.0003],[109.2926,-0.00075],[109.29268,-0.00173],[109.29253,-0.0021],[109.29268,-0.00263],[109.29268,-0.003],[109.29238,-0.00315],[109.29238,-0.00383],[109.29268,-0.00413],[109.2929,-0.00413],[109.29305,-0.00465],[109.29275,-0.0048],[109.29245,-0.00518],[109.29245,-0.00555],[109.29328,-0.0054],[109.29328,-0.00488],[109.29358,-0.00465],[109.29358,-0.00428],[109.29335,-0.00405],[109.29328,-0.00353],[109.2938,-0.00353],[109.29418,-0.00383],[109.2944,-0.00338],[109.2941,-0.0024],[109.2941,-0.00195],[109.29395,-0.0018],[109.29335,-0.0018],[109.2935,-0.00143],[109.29388,-0.00165],[109.29388,-0.00113],[109.29418,-0.00105],[109.29485,-0.00135],[109.29538,-0.0015],[109.2953,-0.00173],[109.29455,-0.00188],[109.29493,-0.00248],[109.29523,-0.00248],[109.29545,-0.00218],[109.29583,-0.0021],[109.2962,-0.00255],[109.29605,-0.00173],[109.29665,-0.0018],[109.29793,-0.0018],[109.29793,-0.00188],[109.29958,-0.00188],[109.30026,-0.0018],[109.30063,-0.00188],[109.30093,-0.00173],[109.30138,-0.00173],[109.30183,-0.00158],[109.30206,-0.00135],[109.30251,-0.0012],[109.30318,-0.0012],[109.30356,-0.0015],[109.30356,-0.0018],[109.30378,-0.00195],[109.30461,-0.00188],[109.30498,-0.00135],[109.30461,-0.00135],[109.30446,-0.00113],[109.30596,-0.00113],[109.30671,-0.00105],[109.30723,-0.00113],[109.30746,-0.00128],[109.30783,-0.00128],[109.30813,-0.0015],[109.30806,-0.00248],[109.30821,-0.00285],[109.30866,-0.0024],[109.30896,-0.0024],[109.30896,-0.00203],[109.30948,-0.00188],[109.30956,-0.00225],[109.30941,-0.00255],[109.30963,-0.00285],[109.30993,-0.00285],[109.31046,-0.00255],[109.31061,-0.00285],[109.31113,-0.003],[109.31128,-0.00263],[109.31113,-0.0024],[109.31113,-0.00195],[109.31158,-0.00195],[109.31196,-0.00218],[109.31248,-0.00218],[109.31338,-0.00248],[109.31376,-0.00278],[109.31406,-0.00278],[109.31466,-0.00315],[109.31481,-0.00315],[109.31563,-0.00353],[109.31661,-0.00405],[109.31721,-0.00428],[109.31751,-0.00465],[109.31751,-0.00495],[109.31788,-0.00518],[109.31811,-0.00548],[109.31908,-0.00555],[109.31931,-0.006],[109.31976,-0.00623],[109.32006,-0.0066],[109.32051,-0.00675],[109.32118,-0.0075],[109.32208,-0.00803],[109.32231,-0.00855],[109.32291,-0.0084],[109.32306,-0.00863],[109.32291,-0.00908],[109.32321,-0.00938],[109.32343,-0.00938],[109.32396,-0.0099],[109.32448,-0.01028],[109.32531,-0.01028],[109.32531,-0.0108],[109.32561,-0.01065],[109.32598,-0.01065],[109.32628,-0.01095],[109.32681,-0.01125],[109.32711,-0.01178],[109.32756,-0.01185],[109.32801,-0.01208],[109.32868,-0.01268],[109.32853,-0.01298],[109.32853,-0.01335],[109.32936,-0.0141],[109.32921,-0.01478],[109.32951,-0.01493],[109.32973,-0.01478],[109.32988,-0.0144],[109.33033,-0.01433],[109.33063,-0.01478],[109.33101,-0.01493],[109.33161,-0.015],[109.33206,-0.01515],[109.33228,-0.01545],[109.33228,-0.01598],[109.33311,-0.01598],[109.33341,-0.01643],[109.33341,-0.01673],[109.33408,-0.01673],[109.33416,-0.01703],[109.33446,-0.01703],[109.33528,-0.01778],[109.33558,-0.0183],[109.33663,-0.01875],[109.33738,-0.01973],[109.33798,-0.0201],[109.33821,-0.0201],[109.33858,-0.0204],[109.33888,-0.02048],[109.33933,-0.02093],[109.33918,-0.0213],[109.33873,-0.02138],[109.33843,-0.02175],[109.33843,-0.02213],[109.33881,-0.02243],[109.33911,-0.02243],[109.33926,-0.0222],[109.33926,-0.02175],[109.34038,-0.0216],[109.34076,-0.02198],[109.34098,-0.02198],[109.34166,-0.02265],[109.34218,-0.02288],[109.34301,-0.02363],[109.34428,-0.0249],[109.34451,-0.02528],[109.34451,-0.02558],[109.34481,-0.02595],[109.34541,-0.027],[109.34556,-0.02753],[109.34586,-0.02783],[109.34601,-0.0285],[109.34646,-0.02948],[109.34646,-0.03],[109.34691,-0.03068],[109.34691,-0.03098],[109.34721,-0.03135],[109.34736,-0.03195],[109.34766,-0.03225],[109.34788,-0.03315],[109.34841,-0.03368],[109.34953,-0.036],[109.34961,-0.03638],[109.34916,-0.03638],[109.34916,-0.0366],[109.34968,-0.0366],[109.35006,-0.03698],[109.35036,-0.03713],[109.35081,-0.03758],[109.35096,-0.03803],[109.35119,-0.03825],[109.35119,-0.039],[109.35171,-0.03915],[109.35186,-0.03953],[109.35291,-0.04058],[109.35291,-0.0408],[109.35366,-0.04125],[109.35374,-0.04178],[109.35404,-0.04193],[109.35479,-0.04268],[109.35554,-0.04335],[109.35576,-0.04373],[109.35644,-0.0444],[109.35651,-0.04478],[109.35674,-0.04478],[109.35741,-0.04523],[109.35764,-0.04553],[109.35831,-0.04605],[109.35906,-0.0468],[109.35944,-0.04703],[109.36026,-0.04793],[109.36034,-0.04838],[109.36109,-0.04875],[109.36146,-0.04905],[109.36139,-0.04943],[109.36214,-0.04973],[109.36266,-0.05041],[109.36319,-0.05093],[109.36416,-0.05206],[109.36401,-0.05266],[109.36416,-0.05296],[109.36476,-0.05341],[109.36544,-0.05416],[109.36536,-0.05453],[109.36499,-0.05476],[109.36521,-0.05513],[109.36521,-0.05543],[109.36581,-0.05536],[109.36596,-0.05558],[109.36641,-0.05588],[109.36664,-0.05633],[109.36664,-0.05671],[109.36686,-0.05693],[109.36701,-0.05776],[109.36649,-0.05821],[109.36619,-0.05836],[109.36619,-0.05866],[109.36649,-0.05873],[109.36664,-0.05903],[109.36709,-0.05888],[109.36709,-0.05851],[109.36724,-0.05798],[109.36746,-0.05791],[109.36776,-0.05813],[109.36835,-0.05822],[109.36859,-0.05798],[109.36836,-0.05723],[109.36799,-0.05708],[109.36769,-0.05678],[109.36769,-0.05656],[109.36724,-0.05603],[109.36716,-0.05573],[109.36626,-0.05498],[109.36619,-0.05438],[109.36589,-0.05348],[109.36536,-0.05303],[109.36506,-0.05288],[109.36499,-0.05228],[109.36469,-0.05168],[109.36409,-0.05108],[109.36349,-0.05026],[109.36274,-0.04965],[109.36274,-0.04943],[109.36229,-0.04928],[109.36199,-0.04853],[109.36094,-0.04785],[109.36064,-0.04755],[109.36056,-0.04725],[109.36004,-0.04688],[109.35959,-0.04628],[109.35876,-0.04553],[109.35839,-0.04538],[109.35839,-0.04515],[109.35786,-0.04485],[109.35479,-0.04178],[109.35434,-0.04118],[109.35434,-0.04095],[109.35359,-0.04035],[109.35359,-0.04013],[109.35329,-0.03975],[109.35284,-0.03953],[109.35216,-0.03885],[109.35156,-0.03788],[109.35149,-0.03743],[109.35126,-0.03713],[109.35096,-0.03698],[109.35066,-0.03653],[109.35044,-0.03645],[109.35036,-0.03593],[109.35014,-0.03578],[109.34953,-0.03473],[109.34938,-0.03413],[109.34908,-0.03383],[109.34908,-0.03338],[109.34856,-0.03263],[109.34833,-0.03255],[109.34818,-0.03195],[109.34773,-0.03143],[109.34766,-0.03083],[109.34736,-0.03053],[109.34736,-0.03023],[109.34683,-0.02963],[109.34683,-0.02873],[109.34653,-0.02828],[109.34638,-0.02745],[109.34593,-0.02715],[109.34593,-0.02693],[109.34563,-0.02655],[109.34556,-0.02603],[109.34533,-0.02588],[109.34518,-0.02535],[109.34473,-0.02483],[109.34466,-0.02445],[109.34443,-0.02438],[109.34428,-0.02393],[109.34376,-0.02363],[109.34368,-0.02333],[109.34308,-0.02288],[109.34278,-0.02243],[109.34188,-0.02175],[109.34136,-0.02145],[109.34128,-0.02108],[109.34053,-0.02108],[109.34038,-0.02078],[109.33993,-0.02063],[109.33933,-0.02003],[109.33836,-0.01958],[109.33806,-0.01913],[109.33768,-0.01905],[109.33723,-0.01868],[109.33723,-0.01845],[109.33678,-0.01808],[109.33678,-0.01793],[109.33603,-0.01785],[109.33573,-0.01733],[109.33543,-0.01718],[109.33528,-0.01673],[109.33498,-0.01665],[109.33453,-0.01613],[109.33423,-0.01613],[109.33416,-0.01583],[109.33326,-0.01508],[109.33258,-0.01463],[109.33198,-0.01448],[109.33153,-0.01448],[109.33138,-0.01403],[109.33086,-0.01365],[109.32973,-0.01365],[109.32966,-0.01343],[109.32928,-0.01313],[109.32928,-0.01223],[109.32868,-0.01178],[109.32838,-0.01178],[109.32793,-0.01133],[109.32748,-0.01118],[109.32718,-0.01073],[109.32598,-0.01005],[109.32598,-0.00975],[109.32546,-0.00938],[109.32433,-0.00938],[109.32418,-0.00893],[109.32366,-0.00893],[109.32358,-0.00825],[109.32328,-0.00795],[109.32268,-0.00795],[109.32268,-0.00773],[109.32223,-0.00743],[109.32178,-0.00698],[109.32126,-0.00668],[109.32126,-0.00645],[109.32058,-0.00608],[109.32028,-0.00563],[109.31976,-0.00555],[109.31976,-0.00533],[109.31938,-0.00495],[109.31878,-0.00495],[109.31833,-0.00473],[109.31803,-0.00443],[109.31803,-0.00413],[109.31698,-0.00368],[109.31683,-0.00345],[109.31653,-0.00345],[109.31616,-0.00323],[109.31488,-0.00263],[109.31413,-0.00233],[109.31398,-0.00203],[109.31316,-0.00188],[109.31308,-0.00165],[109.31226,-0.00165],[109.31203,-0.00143],[109.31136,-0.00128],[109.31053,-0.00128],[109.31016,-0.00105],[109.30888,-0.00105],[109.30866,-0.00083],[109.30783,-0.00075],[109.30753,-0.00053],[109.30678,-0.00045],[109.30588,-0.00053],[109.30408,-0.00053],[109.30408,-0.00068],[109.30318,-0.00075],[109.30176,-0.00075],[109.30153,-0.00098],[109.30086,-0.00128],[109.29973,-0.00135],[109.29725,-0.00135],[109.29643,-0.00128],[109.29643,-0.00113],[109.29545,-0.00098],[109.29545,-0.00083],[109.2947,-0.00075],[109.29448,-0.00045],[109.29343,-0.00045],[109.29305,-0.00038],[109.29298,-0.00015],[109.29253,0],[109.31863,0],[109.31893,-0.00038],[109.32006,-0.00075],[109.32118,-0.00075],[109.32133,-0.00098],[109.32133,-0.00135],[109.32186,-0.00173],[109.32193,-0.00203],[109.32223,-0.00218],[109.32276,-0.00218],[109.32306,-0.00233],[109.32343,-0.00293],[109.32396,-0.00308],[109.32403,-0.00338],[109.32486,-0.00375],[109.32523,-0.00383],[109.32523,-0.00428],[109.32583,-0.00443],[109.32613,-0.00473],[109.32613,-0.00495],[109.32658,-0.00503],[109.32696,-0.00525],[109.32703,-0.00578],[109.32763,-0.00615],[109.32793,-0.00623],[109.32823,-0.00668],[109.32883,-0.00705],[109.32883,-0.00728],[109.32928,-0.00735],[109.32958,-0.00758],[109.33108,-0.00908],[109.33123,-0.00938],[109.33168,-0.00953],[109.33198,-0.00975],[109.33206,-0.01028],[109.33251,-0.01028],[109.33251,-0.01058],[109.33296,-0.01088],[109.33318,-0.01088],[109.33363,-0.01133],[109.33363,-0.01163],[109.33416,-0.01193],[109.33416,-0.01245],[109.33476,-0.01298],[109.33476,-0.01335],[109.33498,-0.01358],[109.33528,-0.01358],[109.33626,-0.01433],[109.33633,-0.01478],[109.33693,-0.01493],[109.33716,-0.01523],[109.33806,-0.01575],[109.33813,-0.01628],[109.33896,-0.01748],[109.33948,-0.01763],[109.33956,-0.01793],[109.33986,-0.01808],[109.34053,-0.01808],[109.34068,-0.01823]],[[109.29845,0.0045],[109.29853,0.00398],[109.29815,0.0039],[109.29785,0.0045],[109.29785,0.00488],[109.29755,0.0048],[109.29755,0.00443],[109.29718,0.00435],[109.29725,0.00495],[109.29748,0.00525],[109.29793,0.0051],[109.29838,0.0048],[109.29845,0.0045]]]},"properties":{"STREAM_ID":1}},{"type":"Feature","geometry":{"type":"Polygon","coordinates":[[[109.36953,-0.05836],[109.36979,-0.05858],[109.37024,-0.05873],[109.37046,-0.05821],[109.36956,-0.05761],[109.36941,-0.05738],[109.36941,-0.05678],[109.36926,-0.05671],[109.36889,-0.05603],[109.36889,-0.05573],[109.36844,-0.05476],[109.36859,-0.05446],[109.36814,-0.05408],[109.36776,-0.05393],[109.36686,-0.05303],[109.36656,-0.05221],[109.36604,-0.05168],[109.36566,-0.05101],[109.36514,-0.05026],[109.36416,-0.04928],[109.36379,-0.04898],[109.36326,-0.04823],[109.36319,-0.04793],[109.36274,-0.04748],[109.36221,-0.04718],[109.36191,-0.0465],[109.36146,-0.04613],[109.36139,-0.04583],[109.36086,-0.0456],[109.36041,-0.04515],[109.36049,-0.0447],[109.36004,-0.04463],[109.35959,-0.0447],[109.35936,-0.04425],[109.35884,-0.04403],[109.35854,-0.0435],[109.35734,-0.0426],[109.35689,-0.04215],[109.35636,-0.04148],[109.35599,-0.0411],[109.35584,-0.04073],[109.35501,-0.03983],[109.35419,-0.0393],[109.35419,-0.03915],[109.35321,-0.03803],[109.35299,-0.03728],[109.35261,-0.03705],[109.35194,-0.03615],[109.35141,-0.03525],[109.35111,-0.03443],[109.35036,-0.0333],[109.35006,-0.03315],[109.34953,-0.03188],[109.34938,-0.0318],[109.34908,-0.0312],[109.34908,-0.03098],[109.34878,-0.03053],[109.34878,-0.03023],[109.34803,-0.0288],[109.34766,-0.02783],[109.34781,-0.02753],[109.34706,-0.02678],[109.34676,-0.02633],[109.34638,-0.02558],[109.34631,-0.02498],[109.34661,-0.02453],[109.34661,-0.02355],[109.34691,-0.02333],[109.34908,-0.02333],[109.34961,-0.0231],[109.35006,-0.0231],[109.35066,-0.02295],[109.35134,-0.02295],[109.35201,-0.02258],[109.35306,-0.02258],[109.35336,-0.02235],[109.35389,-0.02235],[109.35411,-0.02205],[109.35471,-0.02205],[109.35494,-0.0219],[109.35576,-0.02198],[109.35629,-0.0216],[109.35666,-0.0216],[109.35696,-0.02205],[109.35696,-0.0225],[109.35749,-0.0225],[109.35711,-0.02205],[109.35726,-0.02175],[109.35779,-0.02168],[109.35884,-0.02175],[109.35884,-0.02213],[109.35929,-0.02205],[109.35936,-0.0216],[109.36019,-0.02078],[109.36086,-0.0207],[109.36109,-0.02085],[109.36109,-0.02138],[109.36154,-0.02168],[109.36154,-0.0213],[109.36191,-0.02115],[109.36236,-0.02115],[109.36281,-0.0213],[109.36289,-0.021],[109.36529,-0.021],[109.36589,-0.0213],[109.36656,-0.0213],[109.36686,-0.02153],[109.36686,-0.02235],[109.36701,-0.02273],[109.36746,-0.0222],[109.36746,-0.02145],[109.36799,-0.02145],[109.36859,-0.0213],[109.36881,-0.02168],[109.36926,-0.02168],[109.36971,-0.0219],[109.37054,-0.0219],[109.37114,-0.02205],[109.37151,-0.02228],[109.37151,-0.02258],[109.37226,-0.02258],[109.37264,-0.02288],[109.37316,-0.02303],[109.37406,-0.02355],[109.37564,-0.02408],[109.37601,-0.02408],[109.37631,-0.0243],[109.37646,-0.0246],[109.37691,-0.02483],[109.37729,-0.02483],[109.37751,-0.02505],[109.37819,-0.02498],[109.37849,-0.02528],[109.37924,-0.02528],[109.37984,-0.02543],[109.38044,-0.02543],[109.38141,-0.02573],[109.38209,-0.02573],[109.38224,-0.02595],[109.38231,-0.02655],[109.38194,-0.02693],[109.38201,-0.0273],[109.38239,-0.0273],[109.38254,-0.02678],[109.38293,-0.0264],[109.38315,-0.0251],[109.37956,-0.0244],[109.37607,-0.0231],[109.37678,-0.02196],[109.37701,-0.02102],[109.37699,-0.0197],[109.37741,-0.0187],[109.37793,-0.01786],[109.37803,-0.01694],[109.37813,-0.01657],[109.37878,-0.01613],[109.37882,-0.01594],[109.37837,-0.01553],[109.37763,-0.01539],[109.37755,-0.01521],[109.37796,-0.01489],[109.37858,-0.01462],[109.37896,-0.01408],[109.37894,-0.01352],[109.37834,-0.01351],[109.37826,-0.01425],[109.37766,-0.0144],[109.37736,-0.01485],[109.37729,-0.01553],[109.37796,-0.0156],[109.37826,-0.01605],[109.37766,-0.01673],[109.37774,-0.01763],[109.37721,-0.01853],[109.37676,-0.0189],[109.37669,-0.01943],[109.37601,-0.0192],[109.37601,-0.01875],[109.37669,-0.01785],[109.37654,-0.0174],[109.37661,-0.01688],[109.37624,-0.0165],[109.37586,-0.01628],[109.37594,-0.01695],[109.37556,-0.01733],[109.37541,-0.01793],[109.37556,-0.0183],[109.37534,-0.01853],[109.37541,-0.01928],[109.37511,-0.0195],[109.37489,-0.02003],[109.37451,-0.0201],[109.37481,-0.02055],[109.37526,-0.02055],[109.37534,-0.02085],[109.37496,-0.02085],[109.37444,-0.02063],[109.37421,-0.0204],[109.37331,-0.0204],[109.37301,-0.02018],[109.37294,-0.01988],[109.37256,-0.01943],[109.37264,-0.01905],[109.37294,-0.01875],[109.37294,-0.01808],[109.37256,-0.0183],[109.37226,-0.01875],[109.37219,-0.01913],[109.37189,-0.01943],[109.37174,-0.01905],[109.37174,-0.0186],[109.37189,-0.01838],[109.37136,-0.0183],[109.37144,-0.0177],[109.37204,-0.01778],[109.37219,-0.01763],[109.37219,-0.01695],[109.37241,-0.01665],[109.37279,-0.01665],[109.37286,-0.01643],[109.37346,-0.0165],[109.37361,-0.01688],[109.37354,-0.01718],[109.37316,-0.01718],[109.37301,-0.0174],[109.37384,-0.018],[109.37429,-0.01793],[109.37421,-0.01748],[109.37429,-0.01695],[109.37391,-0.0168],[109.37399,-0.01635],[109.37421,-0.01635],[109.37444,-0.01688],[109.37466,-0.01688],[109.37496,-0.0162],[109.37496,-0.01583],[109.37451,-0.0156],[109.37414,-0.01568],[109.37361,-0.01605],[109.37331,-0.01605],[109.37301,-0.01575],[109.37226,-0.01605],[109.37226,-0.01665],[109.37174,-0.01673],[109.37159,-0.0165],[109.37211,-0.01613],[109.37196,-0.01575],[109.37159,-0.01575],[109.37076,-0.01628],[109.37084,-0.01703],[109.37054,-0.01748],[109.37024,-0.0177],[109.37009,-0.0174],[109.37031,-0.01718],[109.37016,-0.01688],[109.36971,-0.01665],[109.36949,-0.0162],[109.36949,-0.01583],[109.36979,-0.01575],[109.36986,-0.0153],[109.37031,-0.0153],[109.37054,-0.01515],[109.37031,-0.01448],[109.37001,-0.01455],[109.37001,-0.01493],[109.36964,-0.01515],[109.36919,-0.01523],[109.36919,-0.01575],[109.36866,-0.01575],[109.36836,-0.0156],[109.36821,-0.01605],[109.36784,-0.01635],[109.36731,-0.01643],[109.36731,-0.01793],[109.36716,-0.0183],[109.36679,-0.01853],[109.36619,-0.01845],[109.36566,-0.01815],[109.36506,-0.01815],[109.36484,-0.01853],[109.36379,-0.01845],[109.36334,-0.01823],[109.36304,-0.01853],[109.36229,-0.01845],[109.36116,-0.01845],[109.36094,-0.01868],[109.36011,-0.01868],[109.35966,-0.0189],[109.35861,-0.01883],[109.35794,-0.01905],[109.35726,-0.01898],[109.35719,-0.01913],[109.35651,-0.01913],[109.35614,-0.01868],[109.35644,-0.01838],[109.35636,-0.01808],[109.35584,-0.01808],[109.35554,-0.01755],[109.35584,-0.0174],[109.35584,-0.0171],[109.35524,-0.01703],[109.35471,-0.0174],[109.35441,-0.01808],[109.35449,-0.0186],[109.35434,-0.01868],[109.35464,-0.01935],[109.35464,-0.0198],[109.35441,-0.0201],[109.35396,-0.02033],[109.35314,-0.02033],[109.35269,-0.0204],[109.35224,-0.02018],[109.35179,-0.02018],[109.35104,-0.02078],[109.35096,-0.02093],[109.34953,-0.02085],[109.34893,-0.02123],[109.34848,-0.02123],[109.34826,-0.02138],[109.34758,-0.0213],[109.34683,-0.0213],[109.34578,-0.02145],[109.34503,-0.0213],[109.34413,-0.02093],[109.34353,-0.02048],[109.34331,-0.02048],[109.34293,-0.02018],[109.34263,-0.0201],[109.34218,-0.0198],[109.34203,-0.01935],[109.34121,-0.01898],[109.34106,-0.01875],[109.34061,-0.0189],[109.34061,-0.01913],[109.34106,-0.01958],[109.34166,-0.01973],[109.34166,-0.02018],[109.34188,-0.02018],[109.34218,-0.02048],[109.34256,-0.02055],[109.34353,-0.02138],[109.34428,-0.02153],[109.34458,-0.02175],[109.34518,-0.02175],[109.34548,-0.02198],[109.34638,-0.02198],[109.34646,-0.02213],[109.34646,-0.02295],[109.34616,-0.02295],[109.34616,-0.02423],[109.34593,-0.02445],[109.34593,-0.02573],[109.34623,-0.02648],[109.34646,-0.02685],[109.34668,-0.02693],[109.34683,-0.02745],[109.34728,-0.02775],[109.34728,-0.02858],[109.34743,-0.02918],[109.34773,-0.02955],[109.34773,-0.02985],[109.34818,-0.03023],[109.34833,-0.03098],[109.34856,-0.03113],[109.34856,-0.03143],[109.34878,-0.03188],[109.34908,-0.03218],[109.34923,-0.03285],[109.34946,-0.03293],[109.34953,-0.03338],[109.34976,-0.03368],[109.35036,-0.03405],[109.35044,-0.03465],[109.35089,-0.03518],[109.35089,-0.03555],[109.35104,-0.03593],[109.35134,-0.03623],[109.35134,-0.03645],[109.35179,-0.03675],[109.35179,-0.03698],[109.35224,-0.03758],[109.35269,-0.03795],[109.35276,-0.03848],[109.35306,-0.03863],[109.35329,-0.03893],[109.35344,-0.03938],[109.35404,-0.04005],[109.35434,-0.04028],[109.35479,-0.04043],[109.35516,-0.04088],[109.35524,-0.04118],[109.35576,-0.04178],[109.35599,-0.04185],[109.35629,-0.04238],[109.35659,-0.04253],[109.35674,-0.04298],[109.35704,-0.04313],[109.35936,-0.04545],[109.36004,-0.0456],[109.36019,-0.04598],[109.36056,-0.04613],[109.36079,-0.04658],[109.36116,-0.04673],[109.36124,-0.04695],[109.36169,-0.04695],[109.36161,-0.04733],[109.36214,-0.04793],[109.36259,-0.04815],[109.36274,-0.04853],[109.36319,-0.04883],[109.36334,-0.04935],[109.36409,-0.05018],[109.36469,-0.05063],[109.36514,-0.05146],[109.36536,-0.05153],[109.36566,-0.05213],[109.36589,-0.05221],[109.36589,-0.05258],[109.36619,-0.05288],[109.36634,-0.05348],[109.36664,-0.05363],[109.36716,-0.05416],[109.36739,-0.05468],[109.36784,-0.05513],[109.36829,-0.05573],[109.36859,-0.05663],[109.36889,-0.05716],[109.36902,-0.05765],[109.36949,-0.05828],[109.36949,-0.0583],[109.36953,-0.05836]],[[109.37676,-0.02063],[109.37676,-0.02085],[109.37646,-0.02115],[109.37676,-0.02145],[109.37661,-0.02175],[109.37594,-0.02138],[109.37594,-0.02048],[109.37601,-0.02033],[109.37654,-0.02025],[109.37676,-0.02063]],[[109.36904,-0.0183],[109.36896,-0.0186],[109.36814,-0.01845],[109.36799,-0.018],[109.36821,-0.0177],[109.36851,-0.01793],[109.36889,-0.018],[109.36904,-0.0183]]]},"properties":{"STREAM_ID":1}},{"type":"Feature","geometry":{"type":"Polygon","coordinates":[[[109.37054,-0.05948],[109.37084,-0.05963],[109.37136,-0.06053],[109.37166,-0.06053],[109.37196,-0.06098],[109.37219,-0.06098],[109.37226,-0.06136],[109.37249,-0.06143],[109.37249,-0.06226],[109.37264,-0.06248],[109.37306,-0.06263],[109.37354,-0.06218],[109.37324,-0.06181],[109.37294,-0.06173],[109.37294,-0.06106],[109.37264,-0.06046],[109.37286,-0.06031],[109.37286,-0.05978],[109.37309,-0.05956],[109.37339,-0.05963],[109.37339,-0.05993],[109.37369,-0.05993],[109.37421,-0.05956],[109.37421,-0.05918],[109.37384,-0.05911],[109.37361,-0.05933],[109.37331,-0.05933],[109.37256,-0.05963],[109.37241,-0.05986],[109.37264,-0.06023],[109.37241,-0.06046],[109.37211,-0.06016],[109.37204,-0.05986],[109.37159,-0.05941],[109.37151,-0.05903],[109.37121,-0.05896],[109.37099,-0.05918],[109.37054,-0.05918],[109.37054,-0.05948]]]},"properties":{"STREAM_ID":1}},{"type":"Feature","geometry":{"type":"Polygon","coordinates":[[[109.37586,-0.0024],[109.37526,-0.00285],[109.37511,-0.00315],[109.37451,-0.00315],[109.37444,-0.0039],[109.37406,-0.0045],[109.37369,-0.00413],[109.37331,-0.00443],[109.37204,-0.0045],[109.37181,-0.00413],[109.37106,-0.00413],[109.37099,-0.00458],[109.37114,-0.00503],[109.37069,-0.00503],[109.37039,-0.00548],[109.37084,-0.00563],[109.37084,-0.00645],[109.37091,-0.0072],[109.37114,-0.00765],[109.37099,-0.00833],[109.37114,-0.00855],[109.37151,-0.00833],[109.37219,-0.00833],[109.37234,-0.00795],[109.37204,-0.00765],[109.37174,-0.00758],[109.37151,-0.00705],[109.37181,-0.00683],[109.37196,-0.00638],[109.37196,-0.00593],[109.37166,-0.00578],[109.37256,-0.00503],[109.37354,-0.00503],[109.37376,-0.00525],[109.37376,-0.00578],[109.37406,-0.0063],[109.37354,-0.00623],[109.37301,-0.00638],[109.37256,-0.00638],[109.37241,-0.0069],[109.37286,-0.00713],[109.37286,-0.00735],[109.37316,-0.00765],[109.37316,-0.00803],[109.37331,-0.00825],[109.37376,-0.00788],[109.37369,-0.0084],[109.37384,-0.00878],[109.37384,-0.0093],[109.37354,-0.00945],[109.37331,-0.00983],[109.37241,-0.01013],[109.37226,-0.01043],[109.37144,-0.0105],[109.37136,-0.00975],[109.37099,-0.00968],[109.37106,-0.01043],[109.37091,-0.01065],[109.37091,-0.01185],[109.37166,-0.01185],[109.37144,-0.0114],[109.37129,-0.0108],[109.37159,-0.0108],[109.37174,-0.0111],[109.37241,-0.0111],[109.37249,-0.01133],[109.37286,-0.01163],[109.37339,-0.01148],[109.37339,-0.01095],[109.37294,-0.0108],[109.37316,-0.0105],[109.37369,-0.01005],[109.37421,-0.01005],[109.37466,-0.01028],[109.37496,-0.0108],[109.37496,-0.01118],[109.37519,-0.01133],[109.37556,-0.01133],[109.37579,-0.0111],[109.37631,-0.01118],[109.37646,-0.01163],[109.37624,-0.01178],[109.37624,-0.01268],[109.37639,-0.01335],[109.37676,-0.01335],[109.37699,-0.01358],[109.37744,-0.01335],[109.37744,-0.0129],[109.37774,-0.01275],[109.37781,-0.0132],[109.37729,-0.01358],[109.37729,-0.01395],[109.37751,-0.0141],[109.37772,-0.01389],[109.3776,-0.01358],[109.37807,-0.01319],[109.37841,-0.01268],[109.37833,-0.01218],[109.37745,-0.01231],[109.37738,-0.01202],[109.37772,-0.01128],[109.37799,-0.01106],[109.37786,-0.01053],[109.37781,-0.00896],[109.37745,-0.00796],[109.37691,-0.00627],[109.37649,-0.00594],[109.37639,-0.00555],[109.37609,-0.00548],[109.37609,-0.00488],[109.37594,-0.00458],[109.37571,-0.00417],[109.37594,-0.00351],[109.37575,-0.0031],[109.37604,-0.00266],[109.37586,-0.0024]],[[109.37639,-0.00638],[109.37646,-0.00668],[109.37624,-0.00683],[109.37549,-0.00683],[109.37519,-0.00705],[109.37466,-0.0069],[109.37474,-0.00623],[109.37496,-0.00585],[109.37519,-0.00585],[109.37556,-0.00638],[109.37586,-0.00638],[109.37601,-0.00615],[109.37639,-0.00638]],[[109.37571,-0.01005],[109.37571,-0.01028],[109.37511,-0.0102],[109.37511,-0.0099],[109.37549,-0.00983],[109.37571,-0.01005]]]},"properties":{"STREAM_ID":1}},{"type":"Feature","geometry":{"type":"Polygon","coordinates":[[[109.28691,0.00015],[109.28695,0.00045],[109.28691,0.00018],[109.28691,0.00015]]]},"properties":{"STREAM_ID":1}},{"type":"Feature","geometry":{"type":"Polygon","coordinates":[[[109.36604,0.02298],[109.36596,0.02265],[109.36559,0.0225],[109.36529,0.02213],[109.36529,0.02175],[109.36559,0.0216],[109.36589,0.02123],[109.36664,0.02078],[109.36686,0.0204],[109.36709,0.0204],[109.36701,0.01988],[109.36739,0.01973],[109.36769,0.01995],[109.36791,0.01965],[109.36791,0.01808],[109.36851,0.018],[109.36851,0.01763],[109.36829,0.01748],[109.36836,0.0168],[109.36784,0.01658],[109.36754,0.0159],[109.36791,0.0159],[109.36821,0.01545],[109.36821,0.015],[109.36799,0.01478],[109.36799,0.01433],[109.36836,0.01448],[109.36896,0.01448],[109.36911,0.01485],[109.36949,0.01508],[109.36949,0.01545],[109.36919,0.01568],[109.36919,0.01598],[109.36859,0.0162],[109.36881,0.01665],[109.36926,0.01688],[109.36926,0.0171],[109.36979,0.01725],[109.37074,0.01725],[109.37072,0.01821],[109.37052,0.01875],[109.3708,0.01917],[109.37104,0.021],[109.37031,0.02138],[109.37031,0.02085],[109.36979,0.02078],[109.36941,0.0213],[109.36949,0.02168],[109.36934,0.0221],[109.36814,0.02244],[109.36651,0.02286],[109.36604,0.02298]],[[109.36851,0.02108],[109.36859,0.02078],[109.36821,0.02063],[109.36799,0.02123],[109.36799,0.0216],[109.36844,0.02168],[109.36851,0.02108]]]},"properties":{"STREAM_ID":1}},{"type":"Feature","geometry":{"type":"Polygon","coordinates":[[[109.36604,0.02298],[109.36596,0.02265],[109.36559,0.0225],[109.36529,0.02213],[109.36529,0.02175],[109.36559,0.0216],[109.36589,0.02123],[109.36664,0.02078],[109.36686,0.0204],[109.36709,0.0204],[109.36701,0.01988],[109.36739,0.01973],[109.36769,0.01995],[109.36791,0.01965],[109.36791,0.01808],[109.36851,0.018],[109.36851,0.01763],[109.36829,0.01748],[109.36836,0.0168],[109.36784,0.01658],[109.36754,0.0159],[109.36791,0.0159],[109.36821,0.01545],[109.36821,0.015],[109.36799,0.01478],[109.36799,0.01433],[109.36836,0.01448],[109.36896,0.01448],[109.36911,0.01485],[109.36949,0.01508],[109.36949,0.01545],[109.36919,0.01568],[109.36919,0.01598],[109.36859,0.0162],[109.36881,0.01665],[109.36926,0.01688],[109.36926,0.0171],[109.36979,0.01725],[109.37074,0.01725],[109.37072,0.01821],[109.37052,0.01875],[109.3708,0.01917],[109.37104,0.021],[109.37031,0.02138],[109.37031,0.02085],[109.36979,0.02078],[109.36941,0.0213],[109.36949,0.02168],[109.36934,0.0221],[109.36814,0.02244],[109.36651,0.02286],[109.36604,0.02298]],[[109.36851,0.02108],[109.36859,0.02078],[109.36821,0.02063],[109.36799,0.02123],[109.36799,0.0216],[109.36844,0.02168],[109.36851,0.02108]]]},"properties":{"STREAM_ID":1}},{"type":"Feature","geometry":{"type":"Polygon","coordinates":[[[109.37054,-0.05948],[109.37084,-0.05963],[109.37136,-0.06053],[109.37166,-0.06053],[109.37196,-0.06098],[109.37219,-0.06098],[109.37226,-0.06136],[109.37249,-0.06143],[109.37249,-0.06226],[109.37264,-0.06248],[109.37306,-0.06263],[109.37354,-0.06218],[109.37324,-0.06181],[109.37294,-0.06173],[109.37294,-0.06106],[109.37264,-0.06046],[109.37286,-0.06031],[109.37286,-0.05978],[109.37309,-0.05956],[109.37339,-0.05963],[109.37339,-0.05993],[109.37369,-0.05993],[109.37421,-0.05956],[109.37421,-0.05918],[109.37384,-0.05911],[109.37361,-0.05933],[109.37331,-0.05933],[109.37256,-0.05963],[109.37241,-0.05986],[109.37264,-0.06023],[109.37241,-0.06046],[109.37211,-0.06016],[109.37204,-0.05986],[109.37159,-0.05941],[109.37151,-0.05903],[109.37121,-0.05896],[109.37099,-0.05918],[109.37054,-0.05918],[109.37054,-0.05948]]]},"properties":{"STREAM_ID":1}},{"type":"Feature","geometry":{"type":"Polygon","coordinates":[[[109.36953,-0.05836],[109.36979,-0.05858],[109.37024,-0.05873],[109.37046,-0.05821],[109.36956,-0.05761],[109.36941,-0.05738],[109.36941,-0.05678],[109.36926,-0.05671],[109.36889,-0.05603],[109.36889,-0.05573],[109.36844,-0.05476],[109.36859,-0.05446],[109.36814,-0.05408],[109.36776,-0.05393],[109.36686,-0.05303],[109.36656,-0.05221],[109.36604,-0.05168],[109.36566,-0.05101],[109.36514,-0.05026],[109.36416,-0.04928],[109.36379,-0.04898],[109.36326,-0.04823],[109.36319,-0.04793],[109.36274,-0.04748],[109.36221,-0.04718],[109.36191,-0.0465],[109.36146,-0.04613],[109.36139,-0.04583],[109.36086,-0.0456],[109.36041,-0.04515],[109.36049,-0.0447],[109.36004,-0.04463],[109.35959,-0.0447],[109.35936,-0.04425],[109.35884,-0.04403],[109.35854,-0.0435],[109.35734,-0.0426],[109.35689,-0.04215],[109.35636,-0.04148],[109.35599,-0.0411],[109.35584,-0.04073],[109.35501,-0.03983],[109.35419,-0.0393],[109.35419,-0.03915],[109.35321,-0.03803],[109.35299,-0.03728],[109.35261,-0.03705],[109.35194,-0.03615],[109.35141,-0.03525],[109.35111,-0.03443],[109.35036,-0.0333],[109.35006,-0.03315],[109.34953,-0.03188],[109.34938,-0.0318],[109.34908,-0.0312],[109.34908,-0.03098],[109.34878,-0.03053],[109.34878,-0.03023],[109.34803,-0.0288],[109.34766,-0.02783],[109.34781,-0.02753],[109.34706,-0.02678],[109.34676,-0.02633],[109.34638,-0.02558],[109.34631,-0.02498],[109.34661,-0.02453],[109.34661,-0.02355],[109.34691,-0.02333],[109.34908,-0.02333],[109.34961,-0.0231],[109.35006,-0.0231],[109.35066,-0.02295],[109.35134,-0.02295],[109.35201,-0.02258],[109.35306,-0.02258],[109.35336,-0.02235],[109.35389,-0.02235],[109.35411,-0.02205],[109.35471,-0.02205],[109.35494,-0.0219],[109.35576,-0.02198],[109.35629,-0.0216],[109.35666,-0.0216],[109.35696,-0.02205],[109.35696,-0.0225],[109.35749,-0.0225],[109.35711,-0.02205],[109.35726,-0.02175],[109.35779,-0.02168],[109.35884,-0.02175],[109.35884,-0.02213],[109.35929,-0.02205],[109.35936,-0.0216],[109.36019,-0.02078],[109.36086,-0.0207],[109.36109,-0.02085],[109.36109,-0.02138],[109.36154,-0.02168],[109.36154,-0.0213],[109.36191,-0.02115],[109.36236,-0.02115],[109.36281,-0.0213],[109.36289,-0.021],[109.36529,-0.021],[109.36589,-0.0213],[109.36656,-0.0213],[109.36686,-0.02153],[109.36686,-0.02235],[109.36701,-0.02273],[109.36746,-0.0222],[109.36746,-0.02145],[109.36799,-0.02145],[109.36859,-0.0213],[109.36881,-0.02168],[109.36926,-0.02168],[109.36971,-0.0219],[109.37054,-0.0219],[109.37114,-0.02205],[109.37151,-0.02228],[109.37151,-0.02258],[109.37226,-0.02258],[109.37264,-0.02288],[109.37316,-0.02303],[109.37406,-0.02355],[109.37564,-0.02408],[109.37601,-0.02408],[109.37631,-0.0243],[109.37646,-0.0246],[109.37691,-0.02483],[109.37729,-0.02483],[109.37751,-0.02505],[109.37819,-0.02498],[109.37849,-0.02528],[109.37924,-0.02528],[109.37984,-0.02543],[109.38044,-0.02543],[109.38141,-0.02573],[109.38209,-0.02573],[109.38224,-0.02595],[109.38231,-0.02655],[109.38194,-0.02693],[109.38201,-0.0273],[109.38239,-0.0273],[109.38254,-0.02678],[109.38293,-0.0264],[109.38315,-0.0251],[109.37956,-0.0244],[109.37607,-0.0231],[109.37678,-0.02196],[109.37701,-0.02102],[109.37699,-0.0197],[109.37741,-0.0187],[109.37793,-0.01786],[109.37803,-0.01694],[109.37813,-0.01657],[109.37878,-0.01613],[109.37882,-0.01594],[109.37837,-0.01553],[109.37763,-0.01539],[109.37755,-0.01521],[109.37796,-0.01489],[109.37858,-0.01462],[109.37896,-0.01408],[109.37894,-0.01352],[109.37834,-0.01351],[109.37826,-0.01425],[109.37766,-0.0144],[109.37736,-0.01485],[109.37729,-0.01553],[109.37796,-0.0156],[109.37826,-0.01605],[109.37766,-0.01673],[109.37774,-0.01763],[109.37721,-0.01853],[109.37676,-0.0189],[109.37669,-0.01943],[109.37601,-0.0192],[109.37601,-0.01875],[109.37669,-0.01785],[109.37654,-0.0174],[109.37661,-0.01688],[109.37624,-0.0165],[109.37586,-0.01628],[109.37594,-0.01695],[109.37556,-0.01733],[109.37541,-0.01793],[109.37556,-0.0183],[109.37534,-0.01853],[109.37541,-0.01928],[109.37511,-0.0195],[109.37489,-0.02003],[109.37451,-0.0201],[109.37481,-0.02055],[109.37526,-0.02055],[109.37534,-0.02085],[109.37496,-0.02085],[109.37444,-0.02063],[109.37421,-0.0204],[109.37331,-0.0204],[109.37301,-0.02018],[109.37294,-0.01988],[109.37256,-0.01943],[109.37264,-0.01905],[109.37294,-0.01875],[109.37294,-0.01808],[109.37256,-0.0183],[109.37226,-0.01875],[109.37219,-0.01913],[109.37189,-0.01943],[109.37174,-0.01905],[109.37174,-0.0186],[109.37189,-0.01838],[109.37136,-0.0183],[109.37144,-0.0177],[109.37204,-0.01778],[109.37219,-0.01763],[109.37219,-0.01695],[109.37241,-0.01665],[109.37279,-0.01665],[109.37286,-0.01643],[109.37346,-0.0165],[109.37361,-0.01688],[109.37354,-0.01718],[109.37316,-0.01718],[109.37301,-0.0174],[109.37384,-0.018],[109.37429,-0.01793],[109.37421,-0.01748],[109.37429,-0.01695],[109.37391,-0.0168],[109.37399,-0.01635],[109.37421,-0.01635],[109.37444,-0.01688],[109.37466,-0.01688],[109.37496,-0.0162],[109.37496,-0.01583],[109.37451,-0.0156],[109.37414,-0.01568],[109.37361,-0.01605],[109.37331,-0.01605],[109.37301,-0.01575],[109.37226,-0.01605],[109.37226,-0.01665],[109.37174,-0.01673],[109.37159,-0.0165],[109.37211,-0.01613],[109.37196,-0.01575],[109.37159,-0.01575],[109.37076,-0.01628],[109.37084,-0.01703],[109.37054,-0.01748],[109.37024,-0.0177],[109.37009,-0.0174],[109.37031,-0.01718],[109.37016,-0.01688],[109.36971,-0.01665],[109.36949,-0.0162],[109.36949,-0.01583],[109.36979,-0.01575],[109.36986,-0.0153],[109.37031,-0.0153],[109.37054,-0.01515],[109.37031,-0.01448],[109.37001,-0.01455],[109.37001,-0.01493],[109.36964,-0.01515],[109.36919,-0.01523],[109.36919,-0.01575],[109.36866,-0.01575],[109.36836,-0.0156],[109.36821,-0.01605],[109.36784,-0.01635],[109.36731,-0.01643],[109.36731,-0.01793],[109.36716,-0.0183],[109.36679,-0.01853],[109.36619,-0.01845],[109.36566,-0.01815],[109.36506,-0.01815],[109.36484,-0.01853],[109.36379,-0.01845],[109.36334,-0.01823],[109.36304,-0.01853],[109.36229,-0.01845],[109.36116,-0.01845],[109.36094,-0.01868],[109.36011,-0.01868],[109.35966,-0.0189],[109.35861,-0.01883],[109.35794,-0.01905],[109.35726,-0.01898],[109.35719,-0.01913],[109.35651,-0.01913],[109.35614,-0.01868],[109.35644,-0.01838],[109.35636,-0.01808],[109.35584,-0.01808],[109.35554,-0.01755],[109.35584,-0.0174],[109.35584,-0.0171],[109.35524,-0.01703],[109.35471,-0.0174],[109.35441,-0.01808],[109.35449,-0.0186],[109.35434,-0.01868],[109.35464,-0.01935],[109.35464,-0.0198],[109.35441,-0.0201],[109.35396,-0.02033],[109.35314,-0.02033],[109.35269,-0.0204],[109.35224,-0.02018],[109.35179,-0.02018],[109.35104,-0.02078],[109.35096,-0.02093],[109.34953,-0.02085],[109.34893,-0.02123],[109.34848,-0.02123],[109.34826,-0.02138],[109.34758,-0.0213],[109.34683,-0.0213],[109.34578,-0.02145],[109.34503,-0.0213],[109.34413,-0.02093],[109.34353,-0.02048],[109.34331,-0.02048],[109.34293,-0.02018],[109.34263,-0.0201],[109.34218,-0.0198],[109.34203,-0.01935],[109.34121,-0.01898],[109.34106,-0.01875],[109.34061,-0.0189],[109.34061,-0.01913],[109.34106,-0.01958],[109.34166,-0.01973],[109.34166,-0.02018],[109.34188,-0.02018],[109.34218,-0.02048],[109.34256,-0.02055],[109.34353,-0.02138],[109.34428,-0.02153],[109.34458,-0.02175],[109.34518,-0.02175],[109.34548,-0.02198],[109.34638,-0.02198],[109.34646,-0.02213],[109.34646,-0.02295],[109.34616,-0.02295],[109.34616,-0.02423],[109.34593,-0.02445],[109.34593,-0.02573],[109.34623,-0.02648],[109.34646,-0.02685],[109.34668,-0.02693],[109.34683,-0.02745],[109.34728,-0.02775],[109.34728,-0.02858],[109.34743,-0.02918],[109.34773,-0.02955],[109.34773,-0.02985],[109.34818,-0.03023],[109.34833,-0.03098],[109.34856,-0.03113],[109.34856,-0.03143],[109.34878,-0.03188],[109.34908,-0.03218],[109.34923,-0.03285],[109.34946,-0.03293],[109.34953,-0.03338],[109.34976,-0.03368],[109.35036,-0.03405],[109.35044,-0.03465],[109.35089,-0.03518],[109.35089,-0.03555],[109.35104,-0.03593],[109.35134,-0.03623],[109.35134,-0.03645],[109.35179,-0.03675],[109.35179,-0.03698],[109.35224,-0.03758],[109.35269,-0.03795],[109.35276,-0.03848],[109.35306,-0.03863],[109.35329,-0.03893],[109.35344,-0.03938],[109.35404,-0.04005],[109.35434,-0.04028],[109.35479,-0.04043],[109.35516,-0.04088],[109.35524,-0.04118],[109.35576,-0.04178],[109.35599,-0.04185],[109.35629,-0.04238],[109.35659,-0.04253],[109.35674,-0.04298],[109.35704,-0.04313],[109.35936,-0.04545],[109.36004,-0.0456],[109.36019,-0.04598],[109.36056,-0.04613],[109.36079,-0.04658],[109.36116,-0.04673],[109.36124,-0.04695],[109.36169,-0.04695],[109.36161,-0.04733],[109.36214,-0.04793],[109.36259,-0.04815],[109.36274,-0.04853],[109.36319,-0.04883],[109.36334,-0.04935],[109.36409,-0.05018],[109.36469,-0.05063],[109.36514,-0.05146],[109.36536,-0.05153],[109.36566,-0.05213],[109.36589,-0.05221],[109.36589,-0.05258],[109.36619,-0.05288],[109.36634,-0.05348],[109.36664,-0.05363],[109.36716,-0.05416],[109.36739,-0.05468],[109.36784,-0.05513],[109.36829,-0.05573],[109.36859,-0.05663],[109.36889,-0.05716],[109.36902,-0.05765],[109.36949,-0.05828],[109.36949,-0.0583],[109.36953,-0.05836]],[[109.37676,-0.02063],[109.37676,-0.02085],[109.37646,-0.02115],[109.37676,-0.02145],[109.37661,-0.02175],[109.37594,-0.02138],[109.37594,-0.02048],[109.37601,-0.02033],[109.37654,-0.02025],[109.37676,-0.02063]],[[109.36904,-0.0183],[109.36896,-0.0186],[109.36814,-0.01845],[109.36799,-0.018],[109.36821,-0.0177],[109.36851,-0.01793],[109.36889,-0.018],[109.36904,-0.0183]]]},"properties":{"STREAM_ID":1}},{"type":"Feature","geometry":{"type":"Polygon","coordinates":[[[109.37054,-0.05948],[109.37084,-0.05963],[109.37136,-0.06053],[109.37166,-0.06053],[109.37196,-0.06098],[109.37219,-0.06098],[109.37226,-0.06136],[109.37249,-0.06143],[109.37249,-0.06226],[109.37264,-0.06248],[109.37306,-0.06263],[109.37354,-0.06218],[109.37324,-0.06181],[109.37294,-0.06173],[109.37294,-0.06106],[109.37264,-0.06046],[109.37286,-0.06031],[109.37286,-0.05978],[109.37309,-0.05956],[109.37339,-0.05963],[109.37339,-0.05993],[109.37369,-0.05993],[109.37421,-0.05956],[109.37421,-0.05918],[109.37384,-0.05911],[109.37361,-0.05933],[109.37331,-0.05933],[109.37256,-0.05963],[109.37241,-0.05986],[109.37264,-0.06023],[109.37241,-0.06046],[109.37211,-0.06016],[109.37204,-0.05986],[109.37159,-0.05941],[109.37151,-0.05903],[109.37121,-0.05896],[109.37099,-0.05918],[109.37054,-0.05918],[109.37054,-0.05948]]]},"properties":{"STREAM_ID":1}},{"type":"Feature","geometry":{"type":"Polygon","coordinates":[[[109.36604,0.02298],[109.36596,0.02265],[109.36559,0.0225],[109.36529,0.02213],[109.36529,0.02175],[109.36559,0.0216],[109.36589,0.02123],[109.36664,0.02078],[109.36686,0.0204],[109.36709,0.0204],[109.36701,0.01988],[109.36739,0.01973],[109.36769,0.01995],[109.36791,0.01965],[109.36791,0.01808],[109.36851,0.018],[109.36851,0.01763],[109.36829,0.01748],[109.36836,0.0168],[109.36784,0.01658],[109.36754,0.0159],[109.36791,0.0159],[109.36821,0.01545],[109.36821,0.015],[109.36799,0.01478],[109.36799,0.01433],[109.36836,0.01448],[109.36896,0.01448],[109.36911,0.01485],[109.36949,0.01508],[109.36949,0.01545],[109.36919,0.01568],[109.36919,0.01598],[109.36859,0.0162],[109.36881,0.01665],[109.36926,0.01688],[109.36926,0.0171],[109.36979,0.01725],[109.37074,0.01725],[109.37072,0.01821],[109.37052,0.01875],[109.3708,0.01917],[109.37104,0.021],[109.37031,0.02138],[109.37031,0.02085],[109.36979,0.02078],[109.36941,0.0213],[109.36949,0.02168],[109.36934,0.0221],[109.36814,0.02244],[109.36651,0.02286],[109.36604,0.02298]],[[109.36851,0.02108],[109.36859,0.02078],[109.36821,0.02063],[109.36799,0.02123],[109.36799,0.0216],[109.36844,0.02168],[109.36851,0.02108]]]},"properties":{"STREAM_ID":1}},{"type":"Feature","geometry":{"type":"Polygon","coordinates":[[[109.34068,-0.01823],[109.34068,-0.0177],[109.34008,-0.01748],[109.33941,-0.0168],[109.33911,-0.01635],[109.33881,-0.01613],[109.33836,-0.0153],[109.33813,-0.0153],[109.33716,-0.01425],[109.33648,-0.01395],[109.33596,-0.01335],[109.33558,-0.0132],[109.33513,-0.01283],[109.33513,-0.0126],[109.33453,-0.012],[109.33453,-0.01155],[109.33408,-0.0111],[109.33378,-0.01065],[109.33303,-0.0102],[109.33266,-0.00975],[109.33221,-0.00945],[109.33131,-0.0084],[109.33063,-0.0078],[109.33033,-0.00735],[109.32943,-0.00683],[109.32891,-0.00645],[109.32876,-0.00615],[109.32786,-0.00548],[109.32771,-0.00518],[109.32726,-0.00473],[109.32666,-0.0045],[109.32621,-0.0039],[109.32583,-0.00383],[109.32568,-0.00345],[109.32538,-0.0033],[109.32516,-0.003],[109.32478,-0.003],[109.32441,-0.00255],[109.32373,-0.00233],[109.32328,-0.00173],[109.32261,-0.00173],[109.32178,-0.0009],[109.32171,-0.00023],[109.32156,0],[109.32096,0],[109.32088,-0.00023],[109.32013,-0.00015],[109.31946,0.00023],[109.31923,0.00023],[109.31871,0.00068],[109.31803,0.00068],[109.31773,0.00105],[109.31728,0.00105],[109.31713,0.00135],[109.31668,0.0015],[109.31608,0.00158],[109.31481,0.0021],[109.31458,0.00233],[109.31391,0.00225],[109.31383,0.00255],[109.31308,0.00263],[109.31293,0.00248],[109.31256,0.00255],[109.31248,0.00278],[109.31188,0.00278],[109.31151,0.00293],[109.31068,0.00375],[109.30993,0.00368],[109.30963,0.0042],[109.30933,0.00428],[109.30903,0.00458],[109.30866,0.00465],[109.30888,0.00495],[109.30888,0.00525],[109.30851,0.00533],[109.30821,0.0051],[109.30798,0.00473],[109.30738,0.00473],[109.30723,0.00495],[109.30686,0.00495],[109.30648,0.00473],[109.30633,0.00495],[109.30581,0.00495],[109.30573,0.00548],[109.30528,0.00548],[109.30521,0.0051],[109.30483,0.0051],[109.30453,0.00563],[109.30416,0.00563],[109.30386,0.00518],[109.30288,0.0051],[109.30138,0.0051],[109.30093,0.00548],[109.30003,0.00548],[109.29965,0.00578],[109.29943,0.00623],[109.2989,0.00623],[109.2983,0.00638],[109.2983,0.00668],[109.29763,0.00705],[109.2974,0.00743],[109.29703,0.0075],[109.2962,0.00788],[109.29605,0.00803],[109.29545,0.00795],[109.29493,0.00833],[109.29463,0.00825],[109.29388,0.00825],[109.2935,0.00848],[109.29335,0.00878],[109.29335,0.00938],[109.29305,0.0096],[109.29268,0.00945],[109.2926,0.0087],[109.2923,0.00848],[109.2917,0.0084],[109.29038,0.0084],[109.28724,0.0059],[109.28694,0.00278],[109.28693,0.00148],[109.28818,0.0015],[109.28863,0.00143],[109.28878,0.00158],[109.28923,0.00158],[109.2896,0.00143],[109.29028,0.00098],[109.29028,0.00045],[109.29043,0.0003],[109.29118,0.0003],[109.2914,0.00023],[109.29155,-0.00023],[109.292,-0.0003],[109.2926,-0.00075],[109.29268,-0.00173],[109.29253,-0.0021],[109.29268,-0.00263],[109.29268,-0.003],[109.29238,-0.00315],[109.29238,-0.00383],[109.29268,-0.00413],[109.2929,-0.00413],[109.29305,-0.00465],[109.29275,-0.0048],[109.29245,-0.00518],[109.29245,-0.00555],[109.29328,-0.0054],[109.29328,-0.00488],[109.29358,-0.00465],[109.29358,-0.00428],[109.29335,-0.00405],[109.29328,-0.00353],[109.2938,-0.00353],[109.29418,-0.00383],[109.2944,-0.00338],[109.2941,-0.0024],[109.2941,-0.00195],[109.29395,-0.0018],[109.29335,-0.0018],[109.2935,-0.00143],[109.29388,-0.00165],[109.29388,-0.00113],[109.29418,-0.00105],[109.29485,-0.00135],[109.29538,-0.0015],[109.2953,-0.00173],[109.29455,-0.00188],[109.29493,-0.00248],[109.29523,-0.00248],[109.29545,-0.00218],[109.29583,-0.0021],[109.2962,-0.00255],[109.29605,-0.00173],[109.29665,-0.0018],[109.29793,-0.0018],[109.29793,-0.00188],[109.29958,-0.00188],[109.30026,-0.0018],[109.30063,-0.00188],[109.30093,-0.00173],[109.30138,-0.00173],[109.30183,-0.00158],[109.30206,-0.00135],[109.30251,-0.0012],[109.30318,-0.0012],[109.30356,-0.0015],[109.30356,-0.0018],[109.30378,-0.00195],[109.30461,-0.00188],[109.30498,-0.00135],[109.30461,-0.00135],[109.30446,-0.00113],[109.30596,-0.00113],[109.30671,-0.00105],[109.30723,-0.00113],[109.30746,-0.00128],[109.30783,-0.00128],[109.30813,-0.0015],[109.30806,-0.00248],[109.30821,-0.00285],[109.30866,-0.0024],[109.30896,-0.0024],[109.30896,-0.00203],[109.30948,-0.00188],[109.30956,-0.00225],[109.30941,-0.00255],[109.30963,-0.00285],[109.30993,-0.00285],[109.31046,-0.00255],[109.31061,-0.00285],[109.31113,-0.003],[109.31128,-0.00263],[109.31113,-0.0024],[109.31113,-0.00195],[109.31158,-0.00195],[109.31196,-0.00218],[109.31248,-0.00218],[109.31338,-0.00248],[109.31376,-0.00278],[109.31406,-0.00278],[109.31466,-0.00315],[109.31481,-0.00315],[109.31563,-0.00353],[109.31661,-0.00405],[109.31721,-0.00428],[109.31751,-0.00465],[109.31751,-0.00495],[109.31788,-0.00518],[109.31811,-0.00548],[109.31908,-0.00555],[109.31931,-0.006],[109.31976,-0.00623],[109.32006,-0.0066],[109.32051,-0.00675],[109.32118,-0.0075],[109.32208,-0.00803],[109.32231,-0.00855],[109.32291,-0.0084],[109.32306,-0.00863],[109.32291,-0.00908],[109.32321,-0.00938],[109.32343,-0.00938],[109.32396,-0.0099],[109.32448,-0.01028],[109.32531,-0.01028],[109.32531,-0.0108],[109.32561,-0.01065],[109.32598,-0.01065],[109.32628,-0.01095],[109.32681,-0.01125],[109.32711,-0.01178],[109.32756,-0.01185],[109.32801,-0.01208],[109.32868,-0.01268],[109.32853,-0.01298],[109.32853,-0.01335],[109.32936,-0.0141],[109.32921,-0.01478],[109.32951,-0.01493],[109.32973,-0.01478],[109.32988,-0.0144],[109.33033,-0.01433],[109.33063,-0.01478],[109.33101,-0.01493],[109.33161,-0.015],[109.33206,-0.01515],[109.33228,-0.01545],[109.33228,-0.01598],[109.33311,-0.01598],[109.33341,-0.01643],[109.33341,-0.01673],[109.33408,-0.01673],[109.33416,-0.01703],[109.33446,-0.01703],[109.33528,-0.01778],[109.33558,-0.0183],[109.33663,-0.01875],[109.33738,-0.01973],[109.33798,-0.0201],[109.33821,-0.0201],[109.33858,-0.0204],[109.33888,-0.02048],[109.33933,-0.02093],[109.33918,-0.0213],[109.33873,-0.02138],[109.33843,-0.02175],[109.33843,-0.02213],[109.33881,-0.02243],[109.33911,-0.02243],[109.33926,-0.0222],[109.33926,-0.02175],[109.34038,-0.0216],[109.34076,-0.02198],[109.34098,-0.02198],[109.34166,-0.02265],[109.34218,-0.02288],[109.34301,-0.02363],[109.34428,-0.0249],[109.34451,-0.02528],[109.34451,-0.02558],[109.34481,-0.02595],[109.34541,-0.027],[109.34556,-0.02753],[109.34586,-0.02783],[109.34601,-0.0285],[109.34646,-0.02948],[109.34646,-0.03],[109.34691,-0.03068],[109.34691,-0.03098],[109.34721,-0.03135],[109.34736,-0.03195],[109.34766,-0.03225],[109.34788,-0.03315],[109.34841,-0.03368],[109.34953,-0.036],[109.34961,-0.03638],[109.34916,-0.03638],[109.34916,-0.0366],[109.34968,-0.0366],[109.35006,-0.03698],[109.35036,-0.03713],[109.35081,-0.03758],[109.35096,-0.03803],[109.35119,-0.03825],[109.35119,-0.039],[109.35171,-0.03915],[109.35186,-0.03953],[109.35291,-0.04058],[109.35291,-0.0408],[109.35366,-0.04125],[109.35374,-0.04178],[109.35404,-0.04193],[109.35479,-0.04268],[109.35554,-0.04335],[109.35576,-0.04373],[109.35644,-0.0444],[109.35651,-0.04478],[109.35674,-0.04478],[109.35741,-0.04523],[109.35764,-0.04553],[109.35831,-0.04605],[109.35906,-0.0468],[109.35944,-0.04703],[109.36026,-0.04793],[109.36034,-0.04838],[109.36109,-0.04875],[109.36146,-0.04905],[109.36139,-0.04943],[109.36214,-0.04973],[109.36266,-0.05041],[109.36319,-0.05093],[109.36416,-0.05206],[109.36401,-0.05266],[109.36416,-0.05296],[109.36476,-0.05341],[109.36544,-0.05416],[109.36536,-0.05453],[109.36499,-0.05476],[109.36521,-0.05513],[109.36521,-0.05543],[109.36581,-0.05536],[109.36596,-0.05558],[109.36641,-0.05588],[109.36664,-0.05633],[109.36664,-0.05671],[109.36686,-0.05693],[109.36701,-0.05776],[109.36649,-0.05821],[109.36619,-0.05836],[109.36619,-0.05866],[109.36649,-0.05873],[109.36664,-0.05903],[109.36709,-0.05888],[109.36709,-0.05851],[109.36724,-0.05798],[109.36746,-0.05791],[109.36776,-0.05813],[109.36835,-0.05822],[109.36859,-0.05798],[109.36836,-0.05723],[109.36799,-0.05708],[109.36769,-0.05678],[109.36769,-0.05656],[109.36724,-0.05603],[109.36716,-0.05573],[109.36626,-0.05498],[109.36619,-0.05438],[109.36589,-0.05348],[109.36536,-0.05303],[109.36506,-0.05288],[109.36499,-0.05228],[109.36469,-0.05168],[109.36409,-0.05108],[109.36349,-0.05026],[109.36274,-0.04965],[109.36274,-0.04943],[109.36229,-0.04928],[109.36199,-0.04853],[109.36094,-0.04785],[109.36064,-0.04755],[109.36056,-0.04725],[109.36004,-0.04688],[109.35959,-0.04628],[109.35876,-0.04553],[109.35839,-0.04538],[109.35839,-0.04515],[109.35786,-0.04485],[109.35479,-0.04178],[109.35434,-0.04118],[109.35434,-0.04095],[109.35359,-0.04035],[109.35359,-0.04013],[109.35329,-0.03975],[109.35284,-0.03953],[109.35216,-0.03885],[109.35156,-0.03788],[109.35149,-0.03743],[109.35126,-0.03713],[109.35096,-0.03698],[109.35066,-0.03653],[109.35044,-0.03645],[109.35036,-0.03593],[109.35014,-0.03578],[109.34953,-0.03473],[109.34938,-0.03413],[109.34908,-0.03383],[109.34908,-0.03338],[109.34856,-0.03263],[109.34833,-0.03255],[109.34818,-0.03195],[109.34773,-0.03143],[109.34766,-0.03083],[109.34736,-0.03053],[109.34736,-0.03023],[109.34683,-0.02963],[109.34683,-0.02873],[109.34653,-0.02828],[109.34638,-0.02745],[109.34593,-0.02715],[109.34593,-0.02693],[109.34563,-0.02655],[109.34556,-0.02603],[109.34533,-0.02588],[109.34518,-0.02535],[109.34473,-0.02483],[109.34466,-0.02445],[109.34443,-0.02438],[109.34428,-0.02393],[109.34376,-0.02363],[109.34368,-0.02333],[109.34308,-0.02288],[109.34278,-0.02243],[109.34188,-0.02175],[109.34136,-0.02145],[109.34128,-0.02108],[109.34053,-0.02108],[109.34038,-0.02078],[109.33993,-0.02063],[109.33933,-0.02003],[109.33836,-0.01958],[109.33806,-0.01913],[109.33768,-0.01905],[109.33723,-0.01868],[109.33723,-0.01845],[109.33678,-0.01808],[109.33678,-0.01793],[109.33603,-0.01785],[109.33573,-0.01733],[109.33543,-0.01718],[109.33528,-0.01673],[109.33498,-0.01665],[109.33453,-0.01613],[109.33423,-0.01613],[109.33416,-0.01583],[109.33326,-0.01508],[109.33258,-0.01463],[109.33198,-0.01448],[109.33153,-0.01448],[109.33138,-0.01403],[109.33086,-0.01365],[109.32973,-0.01365],[109.32966,-0.01343],[109.32928,-0.01313],[109.32928,-0.01223],[109.32868,-0.01178],[109.32838,-0.01178],[109.32793,-0.01133],[109.32748,-0.01118],[109.32718,-0.01073],[109.32598,-0.01005],[109.32598,-0.00975],[109.32546,-0.00938],[109.32433,-0.00938],[109.32418,-0.00893],[109.32366,-0.00893],[109.32358,-0.00825],[109.32328,-0.00795],[109.32268,-0.00795],[109.32268,-0.00773],[109.32223,-0.00743],[109.32178,-0.00698],[109.32126,-0.00668],[109.32126,-0.00645],[109.32058,-0.00608],[109.32028,-0.00563],[109.31976,-0.00555],[109.31976,-0.00533],[109.31938,-0.00495],[109.31878,-0.00495],[109.31833,-0.00473],[109.31803,-0.00443],[109.31803,-0.00413],[109.31698,-0.00368],[109.31683,-0.00345],[109.31653,-0.00345],[109.31616,-0.00323],[109.31488,-0.00263],[109.31413,-0.00233],[109.31398,-0.00203],[109.31316,-0.00188],[109.31308,-0.00165],[109.31226,-0.00165],[109.31203,-0.00143],[109.31136,-0.00128],[109.31053,-0.00128],[109.31016,-0.00105],[109.30888,-0.00105],[109.30866,-0.00083],[109.30783,-0.00075],[109.30753,-0.00053],[109.30678,-0.00045],[109.30588,-0.00053],[109.30408,-0.00053],[109.30408,-0.00068],[109.30318,-0.00075],[109.30176,-0.00075],[109.30153,-0.00098],[109.30086,-0.00128],[109.29973,-0.00135],[109.29725,-0.00135],[109.29643,-0.00128],[109.29643,-0.00113],[109.29545,-0.00098],[109.29545,-0.00083],[109.2947,-0.00075],[109.29448,-0.00045],[109.29343,-0.00045],[109.29305,-0.00038],[109.29298,-0.00015],[109.29253,0],[109.31863,0],[109.31893,-0.00038],[109.32006,-0.00075],[109.32118,-0.00075],[109.32133,-0.00098],[109.32133,-0.00135],[109.32186,-0.00173],[109.32193,-0.00203],[109.32223,-0.00218],[109.32276,-0.00218],[109.32306,-0.00233],[109.32343,-0.00293],[109.32396,-0.00308],[109.32403,-0.00338],[109.32486,-0.00375],[109.32523,-0.00383],[109.32523,-0.00428],[109.32583,-0.00443],[109.32613,-0.00473],[109.32613,-0.00495],[109.32658,-0.00503],[109.32696,-0.00525],[109.32703,-0.00578],[109.32763,-0.00615],[109.32793,-0.00623],[109.32823,-0.00668],[109.32883,-0.00705],[109.32883,-0.00728],[109.32928,-0.00735],[109.32958,-0.00758],[109.33108,-0.00908],[109.33123,-0.00938],[109.33168,-0.00953],[109.33198,-0.00975],[109.33206,-0.01028],[109.33251,-0.01028],[109.33251,-0.01058],[109.33296,-0.01088],[109.33318,-0.01088],[109.33363,-0.01133],[109.33363,-0.01163],[109.33416,-0.01193],[109.33416,-0.01245],[109.33476,-0.01298],[109.33476,-0.01335],[109.33498,-0.01358],[109.33528,-0.01358],[109.33626,-0.01433],[109.33633,-0.01478],[109.33693,-0.01493],[109.33716,-0.01523],[109.33806,-0.01575],[109.33813,-0.01628],[109.33896,-0.01748],[109.33948,-0.01763],[109.33956,-0.01793],[109.33986,-0.01808],[109.34053,-0.01808],[109.34068,-0.01823]],[[109.29845,0.0045],[109.29853,0.00398],[109.29815,0.0039],[109.29785,0.0045],[109.29785,0.00488],[109.29755,0.0048],[109.29755,0.00443],[109.29718,0.00435],[109.29725,0.00495],[109.29748,0.00525],[109.29793,0.0051],[109.29838,0.0048],[109.29845,0.0045]]]},"properties":{"STREAM_ID":1}},{"type":"Feature","geometry":{"type":"Polygon","coordinates":[[[109.37054,-0.05948],[109.37084,-0.05963],[109.37136,-0.06053],[109.37166,-0.06053],[109.37196,-0.06098],[109.37219,-0.06098],[109.37226,-0.06136],[109.37249,-0.06143],[109.37249,-0.06226],[109.37264,-0.06248],[109.37306,-0.06263],[109.37354,-0.06218],[109.37324,-0.06181],[109.37294,-0.06173],[109.37294,-0.06106],[109.37264,-0.06046],[109.37286,-0.06031],[109.37286,-0.05978],[109.37309,-0.05956],[109.37339,-0.05963],[109.37339,-0.05993],[109.37369,-0.05993],[109.37421,-0.05956],[109.37421,-0.05918],[109.37384,-0.05911],[109.37361,-0.05933],[109.37331,-0.05933],[109.37256,-0.05963],[109.37241,-0.05986],[109.37264,-0.06023],[109.37241,-0.06046],[109.37211,-0.06016],[109.37204,-0.05986],[109.37159,-0.05941],[109.37151,-0.05903],[109.37121,-0.05896],[109.37099,-0.05918],[109.37054,-0.05918],[109.37054,-0.05948]]]},"properties":{"STREAM_ID":1}},{"type":"Feature","geometry":{"type":"Polygon","coordinates":[[[109.28691,0.00015],[109.28695,0.00045],[109.28691,0.00018],[109.28691,0.00015]]]},"properties":{"STREAM_ID":1}},{"type":"Feature","geometry":{"type":"Polygon","coordinates":[[[109.37586,-0.0024],[109.37526,-0.00285],[109.37511,-0.00315],[109.37451,-0.00315],[109.37444,-0.0039],[109.37406,-0.0045],[109.37369,-0.00413],[109.37331,-0.00443],[109.37204,-0.0045],[109.37181,-0.00413],[109.37106,-0.00413],[109.37099,-0.00458],[109.37114,-0.00503],[109.37069,-0.00503],[109.37039,-0.00548],[109.37084,-0.00563],[109.37084,-0.00645],[109.37091,-0.0072],[109.37114,-0.00765],[109.37099,-0.00833],[109.37114,-0.00855],[109.37151,-0.00833],[109.37219,-0.00833],[109.37234,-0.00795],[109.37204,-0.00765],[109.37174,-0.00758],[109.37151,-0.00705],[109.37181,-0.00683],[109.37196,-0.00638],[109.37196,-0.00593],[109.37166,-0.00578],[109.37256,-0.00503],[109.37354,-0.00503],[109.37376,-0.00525],[109.37376,-0.00578],[109.37406,-0.0063],[109.37354,-0.00623],[109.37301,-0.00638],[109.37256,-0.00638],[109.37241,-0.0069],[109.37286,-0.00713],[109.37286,-0.00735],[109.37316,-0.00765],[109.37316,-0.00803],[109.37331,-0.00825],[109.37376,-0.00788],[109.37369,-0.0084],[109.37384,-0.00878],[109.37384,-0.0093],[109.37354,-0.00945],[109.37331,-0.00983],[109.37241,-0.01013],[109.37226,-0.01043],[109.37144,-0.0105],[109.37136,-0.00975],[109.37099,-0.00968],[109.37106,-0.01043],[109.37091,-0.01065],[109.37091,-0.01185],[109.37166,-0.01185],[109.37144,-0.0114],[109.37129,-0.0108],[109.37159,-0.0108],[109.37174,-0.0111],[109.37241,-0.0111],[109.37249,-0.01133],[109.37286,-0.01163],[109.37339,-0.01148],[109.37339,-0.01095],[109.37294,-0.0108],[109.37316,-0.0105],[109.37369,-0.01005],[109.37421,-0.01005],[109.37466,-0.01028],[109.37496,-0.0108],[109.37496,-0.01118],[109.37519,-0.01133],[109.37556,-0.01133],[109.37579,-0.0111],[109.37631,-0.01118],[109.37646,-0.01163],[109.37624,-0.01178],[109.37624,-0.01268],[109.37639,-0.01335],[109.37676,-0.01335],[109.37699,-0.01358],[109.37744,-0.01335],[109.37744,-0.0129],[109.37774,-0.01275],[109.37781,-0.0132],[109.37729,-0.01358],[109.37729,-0.01395],[109.37751,-0.0141],[109.37772,-0.01389],[109.3776,-0.01358],[109.37807,-0.01319],[109.37841,-0.01268],[109.37833,-0.01218],[109.37745,-0.01231],[109.37738,-0.01202],[109.37772,-0.01128],[109.37799,-0.01106],[109.37786,-0.01053],[109.37781,-0.00896],[109.37745,-0.00796],[109.37691,-0.00627],[109.37649,-0.00594],[109.37639,-0.00555],[109.37609,-0.00548],[109.37609,-0.00488],[109.37594,-0.00458],[109.37571,-0.00417],[109.37594,-0.00351],[109.37575,-0.0031],[109.37604,-0.00266],[109.37586,-0.0024]],[[109.37639,-0.00638],[109.37646,-0.00668],[109.37624,-0.00683],[109.37549,-0.00683],[109.37519,-0.00705],[109.37466,-0.0069],[109.37474,-0.00623],[109.37496,-0.00585],[109.37519,-0.00585],[109.37556,-0.00638],[109.37586,-0.00638],[109.37601,-0.00615],[109.37639,-0.00638]],[[109.37571,-0.01005],[109.37571,-0.01028],[109.37511,-0.0102],[109.37511,-0.0099],[109.37549,-0.00983],[109.37571,-0.01005]]]},"properties":{"STREAM_ID":1}},{"type":"Feature","geometry":{"type":"Polygon","coordinates":[[[109.34068,-0.01823],[109.34068,-0.0177],[109.34008,-0.01748],[109.33941,-0.0168],[109.33911,-0.01635],[109.33881,-0.01613],[109.33836,-0.0153],[109.33813,-0.0153],[109.33716,-0.01425],[109.33648,-0.01395],[109.33596,-0.01335],[109.33558,-0.0132],[109.33513,-0.01283],[109.33513,-0.0126],[109.33453,-0.012],[109.33453,-0.01155],[109.33408,-0.0111],[109.33378,-0.01065],[109.33303,-0.0102],[109.33266,-0.00975],[109.33221,-0.00945],[109.33131,-0.0084],[109.33063,-0.0078],[109.33033,-0.00735],[109.32943,-0.00683],[109.32891,-0.00645],[109.32876,-0.00615],[109.32786,-0.00548],[109.32771,-0.00518],[109.32726,-0.00473],[109.32666,-0.0045],[109.32621,-0.0039],[109.32583,-0.00383],[109.32568,-0.00345],[109.32538,-0.0033],[109.32516,-0.003],[109.32478,-0.003],[109.32441,-0.00255],[109.32373,-0.00233],[109.32328,-0.00173],[109.32261,-0.00173],[109.32178,-0.0009],[109.32171,-0.00023],[109.32156,0],[109.32096,0],[109.32088,-0.00023],[109.32013,-0.00015],[109.31946,0.00023],[109.31923,0.00023],[109.31871,0.00068],[109.31803,0.00068],[109.31773,0.00105],[109.31728,0.00105],[109.31713,0.00135],[109.31668,0.0015],[109.31608,0.00158],[109.31481,0.0021],[109.31458,0.00233],[109.31391,0.00225],[109.31383,0.00255],[109.31308,0.00263],[109.31293,0.00248],[109.31256,0.00255],[109.31248,0.00278],[109.31188,0.00278],[109.31151,0.00293],[109.31068,0.00375],[109.30993,0.00368],[109.30963,0.0042],[109.30933,0.00428],[109.30903,0.00458],[109.30866,0.00465],[109.30888,0.00495],[109.30888,0.00525],[109.30851,0.00533],[109.30821,0.0051],[109.30798,0.00473],[109.30738,0.00473],[109.30723,0.00495],[109.30686,0.00495],[109.30648,0.00473],[109.30633,0.00495],[109.30581,0.00495],[109.30573,0.00548],[109.30528,0.00548],[109.30521,0.0051],[109.30483,0.0051],[109.30453,0.00563],[109.30416,0.00563],[109.30386,0.00518],[109.30288,0.0051],[109.30138,0.0051],[109.30093,0.00548],[109.30003,0.00548],[109.29965,0.00578],[109.29943,0.00623],[109.2989,0.00623],[109.2983,0.00638],[109.2983,0.00668],[109.29763,0.00705],[109.2974,0.00743],[109.29703,0.0075],[109.2962,0.00788],[109.29605,0.00803],[109.29545,0.00795],[109.29493,0.00833],[109.29463,0.00825],[109.29388,0.00825],[109.2935,0.00848],[109.29335,0.00878],[109.29335,0.00938],[109.29305,0.0096],[109.29268,0.00945],[109.2926,0.0087],[109.2923,0.00848],[109.2917,0.0084],[109.29038,0.0084],[109.28724,0.0059],[109.28694,0.00278],[109.28693,0.00148],[109.28818,0.0015],[109.28863,0.00143],[109.28878,0.00158],[109.28923,0.00158],[109.2896,0.00143],[109.29028,0.00098],[109.29028,0.00045],[109.29043,0.0003],[109.29118,0.0003],[109.2914,0.00023],[109.29155,-0.00023],[109.292,-0.0003],[109.2926,-0.00075],[109.29268,-0.00173],[109.29253,-0.0021],[109.29268,-0.00263],[109.29268,-0.003],[109.29238,-0.00315],[109.29238,-0.00383],[109.29268,-0.00413],[109.2929,-0.00413],[109.29305,-0.00465],[109.29275,-0.0048],[109.29245,-0.00518],[109.29245,-0.00555],[109.29328,-0.0054],[109.29328,-0.00488],[109.29358,-0.00465],[109.29358,-0.00428],[109.29335,-0.00405],[109.29328,-0.00353],[109.2938,-0.00353],[109.29418,-0.00383],[109.2944,-0.00338],[109.2941,-0.0024],[109.2941,-0.00195],[109.29395,-0.0018],[109.29335,-0.0018],[109.2935,-0.00143],[109.29388,-0.00165],[109.29388,-0.00113],[109.29418,-0.00105],[109.29485,-0.00135],[109.29538,-0.0015],[109.2953,-0.00173],[109.29455,-0.00188],[109.29493,-0.00248],[109.29523,-0.00248],[109.29545,-0.00218],[109.29583,-0.0021],[109.2962,-0.00255],[109.29605,-0.00173],[109.29665,-0.0018],[109.29793,-0.0018],[109.29793,-0.00188],[109.29958,-0.00188],[109.30026,-0.0018],[109.30063,-0.00188],[109.30093,-0.00173],[109.30138,-0.00173],[109.30183,-0.00158],[109.30206,-0.00135],[109.30251,-0.0012],[109.30318,-0.0012],[109.30356,-0.0015],[109.30356,-0.0018],[109.30378,-0.00195],[109.30461,-0.00188],[109.30498,-0.00135],[109.30461,-0.00135],[109.30446,-0.00113],[109.30596,-0.00113],[109.30671,-0.00105],[109.30723,-0.00113],[109.30746,-0.00128],[109.30783,-0.00128],[109.30813,-0.0015],[109.30806,-0.00248],[109.30821,-0.00285],[109.30866,-0.0024],[109.30896,-0.0024],[109.30896,-0.00203],[109.30948,-0.00188],[109.30956,-0.00225],[109.30941,-0.00255],[109.30963,-0.00285],[109.30993,-0.00285],[109.31046,-0.00255],[109.31061,-0.00285],[109.31113,-0.003],[109.31128,-0.00263],[109.31113,-0.0024],[109.31113,-0.00195],[109.31158,-0.00195],[109.31196,-0.00218],[109.31248,-0.00218],[109.31338,-0.00248],[109.31376,-0.00278],[109.31406,-0.00278],[109.31466,-0.00315],[109.31481,-0.00315],[109.31563,-0.00353],[109.31661,-0.00405],[109.31721,-0.00428],[109.31751,-0.00465],[109.31751,-0.00495],[109.31788,-0.00518],[109.31811,-0.00548],[109.31908,-0.00555],[109.31931,-0.006],[109.31976,-0.00623],[109.32006,-0.0066],[109.32051,-0.00675],[109.32118,-0.0075],[109.32208,-0.00803],[109.32231,-0.00855],[109.32291,-0.0084],[109.32306,-0.00863],[109.32291,-0.00908],[109.32321,-0.00938],[109.32343,-0.00938],[109.32396,-0.0099],[109.32448,-0.01028],[109.32531,-0.01028],[109.32531,-0.0108],[109.32561,-0.01065],[109.32598,-0.01065],[109.32628,-0.01095],[109.32681,-0.01125],[109.32711,-0.01178],[109.32756,-0.01185],[109.32801,-0.01208],[109.32868,-0.01268],[109.32853,-0.01298],[109.32853,-0.01335],[109.32936,-0.0141],[109.32921,-0.01478],[109.32951,-0.01493],[109.32973,-0.01478],[109.32988,-0.0144],[109.33033,-0.01433],[109.33063,-0.01478],[109.33101,-0.01493],[109.33161,-0.015],[109.33206,-0.01515],[109.33228,-0.01545],[109.33228,-0.01598],[109.33311,-0.01598],[109.33341,-0.01643],[109.33341,-0.01673],[109.33408,-0.01673],[109.33416,-0.01703],[109.33446,-0.01703],[109.33528,-0.01778],[109.33558,-0.0183],[109.33663,-0.01875],[109.33738,-0.01973],[109.33798,-0.0201],[109.33821,-0.0201],[109.33858,-0.0204],[109.33888,-0.02048],[109.33933,-0.02093],[109.33918,-0.0213],[109.33873,-0.02138],[109.33843,-0.02175],[109.33843,-0.02213],[109.33881,-0.02243],[109.33911,-0.02243],[109.33926,-0.0222],[109.33926,-0.02175],[109.34038,-0.0216],[109.34076,-0.02198],[109.34098,-0.02198],[109.34166,-0.02265],[109.34218,-0.02288],[109.34301,-0.02363],[109.34428,-0.0249],[109.34451,-0.02528],[109.34451,-0.02558],[109.34481,-0.02595],[109.34541,-0.027],[109.34556,-0.02753],[109.34586,-0.02783],[109.34601,-0.0285],[109.34646,-0.02948],[109.34646,-0.03],[109.34691,-0.03068],[109.34691,-0.03098],[109.34721,-0.03135],[109.34736,-0.03195],[109.34766,-0.03225],[109.34788,-0.03315],[109.34841,-0.03368],[109.34953,-0.036],[109.34961,-0.03638],[109.34916,-0.03638],[109.34916,-0.0366],[109.34968,-0.0366],[109.35006,-0.03698],[109.35036,-0.03713],[109.35081,-0.03758],[109.35096,-0.03803],[109.35119,-0.03825],[109.35119,-0.039],[109.35171,-0.03915],[109.35186,-0.03953],[109.35291,-0.04058],[109.35291,-0.0408],[109.35366,-0.04125],[109.35374,-0.04178],[109.35404,-0.04193],[109.35479,-0.04268],[109.35554,-0.04335],[109.35576,-0.04373],[109.35644,-0.0444],[109.35651,-0.04478],[109.35674,-0.04478],[109.35741,-0.04523],[109.35764,-0.04553],[109.35831,-0.04605],[109.35906,-0.0468],[109.35944,-0.04703],[109.36026,-0.04793],[109.36034,-0.04838],[109.36109,-0.04875],[109.36146,-0.04905],[109.36139,-0.04943],[109.36214,-0.04973],[109.36266,-0.05041],[109.36319,-0.05093],[109.36416,-0.05206],[109.36401,-0.05266],[109.36416,-0.05296],[109.36476,-0.05341],[109.36544,-0.05416],[109.36536,-0.05453],[109.36499,-0.05476],[109.36521,-0.05513],[109.36521,-0.05543],[109.36581,-0.05536],[109.36596,-0.05558],[109.36641,-0.05588],[109.36664,-0.05633],[109.36664,-0.05671],[109.36686,-0.05693],[109.36701,-0.05776],[109.36649,-0.05821],[109.36619,-0.05836],[109.36619,-0.05866],[109.36649,-0.05873],[109.36664,-0.05903],[109.36709,-0.05888],[109.36709,-0.05851],[109.36724,-0.05798],[109.36746,-0.05791],[109.36776,-0.05813],[109.36835,-0.05822],[109.36859,-0.05798],[109.36836,-0.05723],[109.36799,-0.05708],[109.36769,-0.05678],[109.36769,-0.05656],[109.36724,-0.05603],[109.36716,-0.05573],[109.36626,-0.05498],[109.36619,-0.05438],[109.36589,-0.05348],[109.36536,-0.05303],[109.36506,-0.05288],[109.36499,-0.05228],[109.36469,-0.05168],[109.36409,-0.05108],[109.36349,-0.05026],[109.36274,-0.04965],[109.36274,-0.04943],[109.36229,-0.04928],[109.36199,-0.04853],[109.36094,-0.04785],[109.36064,-0.04755],[109.36056,-0.04725],[109.36004,-0.04688],[109.35959,-0.04628],[109.35876,-0.04553],[109.35839,-0.04538],[109.35839,-0.04515],[109.35786,-0.04485],[109.35479,-0.04178],[109.35434,-0.04118],[109.35434,-0.04095],[109.35359,-0.04035],[109.35359,-0.04013],[109.35329,-0.03975],[109.35284,-0.03953],[109.35216,-0.03885],[109.35156,-0.03788],[109.35149,-0.03743],[109.35126,-0.03713],[109.35096,-0.03698],[109.35066,-0.03653],[109.35044,-0.03645],[109.35036,-0.03593],[109.35014,-0.03578],[109.34953,-0.03473],[109.34938,-0.03413],[109.34908,-0.03383],[109.34908,-0.03338],[109.34856,-0.03263],[109.34833,-0.03255],[109.34818,-0.03195],[109.34773,-0.03143],[109.34766,-0.03083],[109.34736,-0.03053],[109.34736,-0.03023],[109.34683,-0.02963],[109.34683,-0.02873],[109.34653,-0.02828],[109.34638,-0.02745],[109.34593,-0.02715],[109.34593,-0.02693],[109.34563,-0.02655],[109.34556,-0.02603],[109.34533,-0.02588],[109.34518,-0.02535],[109.34473,-0.02483],[109.34466,-0.02445],[109.34443,-0.02438],[109.34428,-0.02393],[109.34376,-0.02363],[109.34368,-0.02333],[109.34308,-0.02288],[109.34278,-0.02243],[109.34188,-0.02175],[109.34136,-0.02145],[109.34128,-0.02108],[109.34053,-0.02108],[109.34038,-0.02078],[109.33993,-0.02063],[109.33933,-0.02003],[109.33836,-0.01958],[109.33806,-0.01913],[109.33768,-0.01905],[109.33723,-0.01868],[109.33723,-0.01845],[109.33678,-0.01808],[109.33678,-0.01793],[109.33603,-0.01785],[109.33573,-0.01733],[109.33543,-0.01718],[109.33528,-0.01673],[109.33498,-0.01665],[109.33453,-0.01613],[109.33423,-0.01613],[109.33416,-0.01583],[109.33326,-0.01508],[109.33258,-0.01463],[109.33198,-0.01448],[109.33153,-0.01448],[109.33138,-0.01403],[109.33086,-0.01365],[109.32973,-0.01365],[109.32966,-0.01343],[109.32928,-0.01313],[109.32928,-0.01223],[109.32868,-0.01178],[109.32838,-0.01178],[109.32793,-0.01133],[109.32748,-0.01118],[109.32718,-0.01073],[109.32598,-0.01005],[109.32598,-0.00975],[109.32546,-0.00938],[109.32433,-0.00938],[109.32418,-0.00893],[109.32366,-0.00893],[109.32358,-0.00825],[109.32328,-0.00795],[109.32268,-0.00795],[109.32268,-0.00773],[109.32223,-0.00743],[109.32178,-0.00698],[109.32126,-0.00668],[109.32126,-0.00645],[109.32058,-0.00608],[109.32028,-0.00563],[109.31976,-0.00555],[109.31976,-0.00533],[109.31938,-0.00495],[109.31878,-0.00495],[109.31833,-0.00473],[109.31803,-0.00443],[109.31803,-0.00413],[109.31698,-0.00368],[109.31683,-0.00345],[109.31653,-0.00345],[109.31616,-0.00323],[109.31488,-0.00263],[109.31413,-0.00233],[109.31398,-0.00203],[109.31316,-0.00188],[109.31308,-0.00165],[109.31226,-0.00165],[109.31203,-0.00143],[109.31136,-0.00128],[109.31053,-0.00128],[109.31016,-0.00105],[109.30888,-0.00105],[109.30866,-0.00083],[109.30783,-0.00075],[109.30753,-0.00053],[109.30678,-0.00045],[109.30588,-0.00053],[109.30408,-0.00053],[109.30408,-0.00068],[109.30318,-0.00075],[109.30176,-0.00075],[109.30153,-0.00098],[109.30086,-0.00128],[109.29973,-0.00135],[109.29725,-0.00135],[109.29643,-0.00128],[109.29643,-0.00113],[109.29545,-0.00098],[109.29545,-0.00083],[109.2947,-0.00075],[109.29448,-0.00045],[109.29343,-0.00045],[109.29305,-0.00038],[109.29298,-0.00015],[109.29253,0],[109.31863,0],[109.31893,-0.00038],[109.32006,-0.00075],[109.32118,-0.00075],[109.32133,-0.00098],[109.32133,-0.00135],[109.32186,-0.00173],[109.32193,-0.00203],[109.32223,-0.00218],[109.32276,-0.00218],[109.32306,-0.00233],[109.32343,-0.00293],[109.32396,-0.00308],[109.32403,-0.00338],[109.32486,-0.00375],[109.32523,-0.00383],[109.32523,-0.00428],[109.32583,-0.00443],[109.32613,-0.00473],[109.32613,-0.00495],[109.32658,-0.00503],[109.32696,-0.00525],[109.32703,-0.00578],[109.32763,-0.00615],[109.32793,-0.00623],[109.32823,-0.00668],[109.32883,-0.00705],[109.32883,-0.00728],[109.32928,-0.00735],[109.32958,-0.00758],[109.33108,-0.00908],[109.33123,-0.00938],[109.33168,-0.00953],[109.33198,-0.00975],[109.33206,-0.01028],[109.33251,-0.01028],[109.33251,-0.01058],[109.33296,-0.01088],[109.33318,-0.01088],[109.33363,-0.01133],[109.33363,-0.01163],[109.33416,-0.01193],[109.33416,-0.01245],[109.33476,-0.01298],[109.33476,-0.01335],[109.33498,-0.01358],[109.33528,-0.01358],[109.33626,-0.01433],[109.33633,-0.01478],[109.33693,-0.01493],[109.33716,-0.01523],[109.33806,-0.01575],[109.33813,-0.01628],[109.33896,-0.01748],[109.33948,-0.01763],[109.33956,-0.01793],[109.33986,-0.01808],[109.34053,-0.01808],[109.34068,-0.01823]],[[109.29845,0.0045],[109.29853,0.00398],[109.29815,0.0039],[109.29785,0.0045],[109.29785,0.00488],[109.29755,0.0048],[109.29755,0.00443],[109.29718,0.00435],[109.29725,0.00495],[109.29748,0.00525],[109.29793,0.0051],[109.29838,0.0048],[109.29845,0.0045]]]},"properties":{"STREAM_ID":1}},{"type":"Feature","geometry":{"type":"Polygon","coordinates":[[[109.37054,-0.05948],[109.37084,-0.05963],[109.37136,-0.06053],[109.37166,-0.06053],[109.37196,-0.06098],[109.37219,-0.06098],[109.37226,-0.06136],[109.37249,-0.06143],[109.37249,-0.06226],[109.37264,-0.06248],[109.37306,-0.06263],[109.37354,-0.06218],[109.37324,-0.06181],[109.37294,-0.06173],[109.37294,-0.06106],[109.37264,-0.06046],[109.37286,-0.06031],[109.37286,-0.05978],[109.37309,-0.05956],[109.37339,-0.05963],[109.37339,-0.05993],[109.37369,-0.05993],[109.37421,-0.05956],[109.37421,-0.05918],[109.37384,-0.05911],[109.37361,-0.05933],[109.37331,-0.05933],[109.37256,-0.05963],[109.37241,-0.05986],[109.37264,-0.06023],[109.37241,-0.06046],[109.37211,-0.06016],[109.37204,-0.05986],[109.37159,-0.05941],[109.37151,-0.05903],[109.37121,-0.05896],[109.37099,-0.05918],[109.37054,-0.05918],[109.37054,-0.05948]]]},"properties":{"STREAM_ID":1}},{"type":"Feature","geometry":{"type":"Polygon","coordinates":[[[109.34068,-0.01823],[109.34068,-0.0177],[109.34008,-0.01748],[109.33941,-0.0168],[109.33911,-0.01635],[109.33881,-0.01613],[109.33836,-0.0153],[109.33813,-0.0153],[109.33716,-0.01425],[109.33648,-0.01395],[109.33596,-0.01335],[109.33558,-0.0132],[109.33513,-0.01283],[109.33513,-0.0126],[109.33453,-0.012],[109.33453,-0.01155],[109.33408,-0.0111],[109.33378,-0.01065],[109.33303,-0.0102],[109.33266,-0.00975],[109.33221,-0.00945],[109.33131,-0.0084],[109.33063,-0.0078],[109.33033,-0.00735],[109.32943,-0.00683],[109.32891,-0.00645],[109.32876,-0.00615],[109.32786,-0.00548],[109.32771,-0.00518],[109.32726,-0.00473],[109.32666,-0.0045],[109.32621,-0.0039],[109.32583,-0.00383],[109.32568,-0.00345],[109.32538,-0.0033],[109.32516,-0.003],[109.32478,-0.003],[109.32441,-0.00255],[109.32373,-0.00233],[109.32328,-0.00173],[109.32261,-0.00173],[109.32178,-0.0009],[109.32171,-0.00023],[109.32156,0],[109.32096,0],[109.32088,-0.00023],[109.32013,-0.00015],[109.31946,0.00023],[109.31923,0.00023],[109.31871,0.00068],[109.31803,0.00068],[109.31773,0.00105],[109.31728,0.00105],[109.31713,0.00135],[109.31668,0.0015],[109.31608,0.00158],[109.31481,0.0021],[109.31458,0.00233],[109.31391,0.00225],[109.31383,0.00255],[109.31308,0.00263],[109.31293,0.00248],[109.31256,0.00255],[109.31248,0.00278],[109.31188,0.00278],[109.31151,0.00293],[109.31068,0.00375],[109.30993,0.00368],[109.30963,0.0042],[109.30933,0.00428],[109.30903,0.00458],[109.30866,0.00465],[109.30888,0.00495],[109.30888,0.00525],[109.30851,0.00533],[109.30821,0.0051],[109.30798,0.00473],[109.30738,0.00473],[109.30723,0.00495],[109.30686,0.00495],[109.30648,0.00473],[109.30633,0.00495],[109.30581,0.00495],[109.30573,0.00548],[109.30528,0.00548],[109.30521,0.0051],[109.30483,0.0051],[109.30453,0.00563],[109.30416,0.00563],[109.30386,0.00518],[109.30288,0.0051],[109.30138,0.0051],[109.30093,0.00548],[109.30003,0.00548],[109.29965,0.00578],[109.29943,0.00623],[109.2989,0.00623],[109.2983,0.00638],[109.2983,0.00668],[109.29763,0.00705],[109.2974,0.00743],[109.29703,0.0075],[109.2962,0.00788],[109.29605,0.00803],[109.29545,0.00795],[109.29493,0.00833],[109.29463,0.00825],[109.29388,0.00825],[109.2935,0.00848],[109.29335,0.00878],[109.29335,0.00938],[109.29305,0.0096],[109.29268,0.00945],[109.2926,0.0087],[109.2923,0.00848],[109.2917,0.0084],[109.29038,0.0084],[109.28724,0.0059],[109.28694,0.00278],[109.28693,0.00148],[109.28818,0.0015],[109.28863,0.00143],[109.28878,0.00158],[109.28923,0.00158],[109.2896,0.00143],[109.29028,0.00098],[109.29028,0.00045],[109.29043,0.0003],[109.29118,0.0003],[109.2914,0.00023],[109.29155,-0.00023],[109.292,-0.0003],[109.2926,-0.00075],[109.29268,-0.00173],[109.29253,-0.0021],[109.29268,-0.00263],[109.29268,-0.003],[109.29238,-0.00315],[109.29238,-0.00383],[109.29268,-0.00413],[109.2929,-0.00413],[109.29305,-0.00465],[109.29275,-0.0048],[109.29245,-0.00518],[109.29245,-0.00555],[109.29328,-0.0054],[109.29328,-0.00488],[109.29358,-0.00465],[109.29358,-0.00428],[109.29335,-0.00405],[109.29328,-0.00353],[109.2938,-0.00353],[109.29418,-0.00383],[109.2944,-0.00338],[109.2941,-0.0024],[109.2941,-0.00195],[109.29395,-0.0018],[109.29335,-0.0018],[109.2935,-0.00143],[109.29388,-0.00165],[109.29388,-0.00113],[109.29418,-0.00105],[109.29485,-0.00135],[109.29538,-0.0015],[109.2953,-0.00173],[109.29455,-0.00188],[109.29493,-0.00248],[109.29523,-0.00248],[109.29545,-0.00218],[109.29583,-0.0021],[109.2962,-0.00255],[109.29605,-0.00173],[109.29665,-0.0018],[109.29793,-0.0018],[109.29793,-0.00188],[109.29958,-0.00188],[109.30026,-0.0018],[109.30063,-0.00188],[109.30093,-0.00173],[109.30138,-0.00173],[109.30183,-0.00158],[109.30206,-0.00135],[109.30251,-0.0012],[109.30318,-0.0012],[109.30356,-0.0015],[109.30356,-0.0018],[109.30378,-0.00195],[109.30461,-0.00188],[109.30498,-0.00135],[109.30461,-0.00135],[109.30446,-0.00113],[109.30596,-0.00113],[109.30671,-0.00105],[109.30723,-0.00113],[109.30746,-0.00128],[109.30783,-0.00128],[109.30813,-0.0015],[109.30806,-0.00248],[109.30821,-0.00285],[109.30866,-0.0024],[109.30896,-0.0024],[109.30896,-0.00203],[109.30948,-0.00188],[109.30956,-0.00225],[109.30941,-0.00255],[109.30963,-0.00285],[109.30993,-0.00285],[109.31046,-0.00255],[109.31061,-0.00285],[109.31113,-0.003],[109.31128,-0.00263],[109.31113,-0.0024],[109.31113,-0.00195],[109.31158,-0.00195],[109.31196,-0.00218],[109.31248,-0.00218],[109.31338,-0.00248],[109.31376,-0.00278],[109.31406,-0.00278],[109.31466,-0.00315],[109.31481,-0.00315],[109.31563,-0.00353],[109.31661,-0.00405],[109.31721,-0.00428],[109.31751,-0.00465],[109.31751,-0.00495],[109.31788,-0.00518],[109.31811,-0.00548],[109.31908,-0.00555],[109.31931,-0.006],[109.31976,-0.00623],[109.32006,-0.0066],[109.32051,-0.00675],[109.32118,-0.0075],[109.32208,-0.00803],[109.32231,-0.00855],[109.32291,-0.0084],[109.32306,-0.00863],[109.32291,-0.00908],[109.32321,-0.00938],[109.32343,-0.00938],[109.32396,-0.0099],[109.32448,-0.01028],[109.32531,-0.01028],[109.32531,-0.0108],[109.32561,-0.01065],[109.32598,-0.01065],[109.32628,-0.01095],[109.32681,-0.01125],[109.32711,-0.01178],[109.32756,-0.01185],[109.32801,-0.01208],[109.32868,-0.01268],[109.32853,-0.01298],[109.32853,-0.01335],[109.32936,-0.0141],[109.32921,-0.01478],[109.32951,-0.01493],[109.32973,-0.01478],[109.32988,-0.0144],[109.33033,-0.01433],[109.33063,-0.01478],[109.33101,-0.01493],[109.33161,-0.015],[109.33206,-0.01515],[109.33228,-0.01545],[109.33228,-0.01598],[109.33311,-0.01598],[109.33341,-0.01643],[109.33341,-0.01673],[109.33408,-0.01673],[109.33416,-0.01703],[109.33446,-0.01703],[109.33528,-0.01778],[109.33558,-0.0183],[109.33663,-0.01875],[109.33738,-0.01973],[109.33798,-0.0201],[109.33821,-0.0201],[109.33858,-0.0204],[109.33888,-0.02048],[109.33933,-0.02093],[109.33918,-0.0213],[109.33873,-0.02138],[109.33843,-0.02175],[109.33843,-0.02213],[109.33881,-0.02243],[109.33911,-0.02243],[109.33926,-0.0222],[109.33926,-0.02175],[109.34038,-0.0216],[109.34076,-0.02198],[109.34098,-0.02198],[109.34166,-0.02265],[109.34218,-0.02288],[109.34301,-0.02363],[109.34428,-0.0249],[109.34451,-0.02528],[109.34451,-0.02558],[109.34481,-0.02595],[109.34541,-0.027],[109.34556,-0.02753],[109.34586,-0.02783],[109.34601,-0.0285],[109.34646,-0.02948],[109.34646,-0.03],[109.34691,-0.03068],[109.34691,-0.03098],[109.34721,-0.03135],[109.34736,-0.03195],[109.34766,-0.03225],[109.34788,-0.03315],[109.34841,-0.03368],[109.34953,-0.036],[109.34961,-0.03638],[109.34916,-0.03638],[109.34916,-0.0366],[109.34968,-0.0366],[109.35006,-0.03698],[109.35036,-0.03713],[109.35081,-0.03758],[109.35096,-0.03803],[109.35119,-0.03825],[109.35119,-0.039],[109.35171,-0.03915],[109.35186,-0.03953],[109.35291,-0.04058],[109.35291,-0.0408],[109.35366,-0.04125],[109.35374,-0.04178],[109.35404,-0.04193],[109.35479,-0.04268],[109.35554,-0.04335],[109.35576,-0.04373],[109.35644,-0.0444],[109.35651,-0.04478],[109.35674,-0.04478],[109.35741,-0.04523],[109.35764,-0.04553],[109.35831,-0.04605],[109.35906,-0.0468],[109.35944,-0.04703],[109.36026,-0.04793],[109.36034,-0.04838],[109.36109,-0.04875],[109.36146,-0.04905],[109.36139,-0.04943],[109.36214,-0.04973],[109.36266,-0.05041],[109.36319,-0.05093],[109.36416,-0.05206],[109.36401,-0.05266],[109.36416,-0.05296],[109.36476,-0.05341],[109.36544,-0.05416],[109.36536,-0.05453],[109.36499,-0.05476],[109.36521,-0.05513],[109.36521,-0.05543],[109.36581,-0.05536],[109.36596,-0.05558],[109.36641,-0.05588],[109.36664,-0.05633],[109.36664,-0.05671],[109.36686,-0.05693],[109.36701,-0.05776],[109.36649,-0.05821],[109.36619,-0.05836],[109.36619,-0.05866],[109.36649,-0.05873],[109.36664,-0.05903],[109.36709,-0.05888],[109.36709,-0.05851],[109.36724,-0.05798],[109.36746,-0.05791],[109.36776,-0.05813],[109.36835,-0.05822],[109.36859,-0.05798],[109.36836,-0.05723],[109.36799,-0.05708],[109.36769,-0.05678],[109.36769,-0.05656],[109.36724,-0.05603],[109.36716,-0.05573],[109.36626,-0.05498],[109.36619,-0.05438],[109.36589,-0.05348],[109.36536,-0.05303],[109.36506,-0.05288],[109.36499,-0.05228],[109.36469,-0.05168],[109.36409,-0.05108],[109.36349,-0.05026],[109.36274,-0.04965],[109.36274,-0.04943],[109.36229,-0.04928],[109.36199,-0.04853],[109.36094,-0.04785],[109.36064,-0.04755],[109.36056,-0.04725],[109.36004,-0.04688],[109.35959,-0.04628],[109.35876,-0.04553],[109.35839,-0.04538],[109.35839,-0.04515],[109.35786,-0.04485],[109.35479,-0.04178],[109.35434,-0.04118],[109.35434,-0.04095],[109.35359,-0.04035],[109.35359,-0.04013],[109.35329,-0.03975],[109.35284,-0.03953],[109.35216,-0.03885],[109.35156,-0.03788],[109.35149,-0.03743],[109.35126,-0.03713],[109.35096,-0.03698],[109.35066,-0.03653],[109.35044,-0.03645],[109.35036,-0.03593],[109.35014,-0.03578],[109.34953,-0.03473],[109.34938,-0.03413],[109.34908,-0.03383],[109.34908,-0.03338],[109.34856,-0.03263],[109.34833,-0.03255],[109.34818,-0.03195],[109.34773,-0.03143],[109.34766,-0.03083],[109.34736,-0.03053],[109.34736,-0.03023],[109.34683,-0.02963],[109.34683,-0.02873],[109.34653,-0.02828],[109.34638,-0.02745],[109.34593,-0.02715],[109.34593,-0.02693],[109.34563,-0.02655],[109.34556,-0.02603],[109.34533,-0.02588],[109.34518,-0.02535],[109.34473,-0.02483],[109.34466,-0.02445],[109.34443,-0.02438],[109.34428,-0.02393],[109.34376,-0.02363],[109.34368,-0.02333],[109.34308,-0.02288],[109.34278,-0.02243],[109.34188,-0.02175],[109.34136,-0.02145],[109.34128,-0.02108],[109.34053,-0.02108],[109.34038,-0.02078],[109.33993,-0.02063],[109.33933,-0.02003],[109.33836,-0.01958],[109.33806,-0.01913],[109.33768,-0.01905],[109.33723,-0.01868],[109.33723,-0.01845],[109.33678,-0.01808],[109.33678,-0.01793],[109.33603,-0.01785],[109.33573,-0.01733],[109.33543,-0.01718],[109.33528,-0.01673],[109.33498,-0.01665],[109.33453,-0.01613],[109.33423,-0.01613],[109.33416,-0.01583],[109.33326,-0.01508],[109.33258,-0.01463],[109.33198,-0.01448],[109.33153,-0.01448],[109.33138,-0.01403],[109.33086,-0.01365],[109.32973,-0.01365],[109.32966,-0.01343],[109.32928,-0.01313],[109.32928,-0.01223],[109.32868,-0.01178],[109.32838,-0.01178],[109.32793,-0.01133],[109.32748,-0.01118],[109.32718,-0.01073],[109.32598,-0.01005],[109.32598,-0.00975],[109.32546,-0.00938],[109.32433,-0.00938],[109.32418,-0.00893],[109.32366,-0.00893],[109.32358,-0.00825],[109.32328,-0.00795],[109.32268,-0.00795],[109.32268,-0.00773],[109.32223,-0.00743],[109.32178,-0.00698],[109.32126,-0.00668],[109.32126,-0.00645],[109.32058,-0.00608],[109.32028,-0.00563],[109.31976,-0.00555],[109.31976,-0.00533],[109.31938,-0.00495],[109.31878,-0.00495],[109.31833,-0.00473],[109.31803,-0.00443],[109.31803,-0.00413],[109.31698,-0.00368],[109.31683,-0.00345],[109.31653,-0.00345],[109.31616,-0.00323],[109.31488,-0.00263],[109.31413,-0.00233],[109.31398,-0.00203],[109.31316,-0.00188],[109.31308,-0.00165],[109.31226,-0.00165],[109.31203,-0.00143],[109.31136,-0.00128],[109.31053,-0.00128],[109.31016,-0.00105],[109.30888,-0.00105],[109.30866,-0.00083],[109.30783,-0.00075],[109.30753,-0.00053],[109.30678,-0.00045],[109.30588,-0.00053],[109.30408,-0.00053],[109.30408,-0.00068],[109.30318,-0.00075],[109.30176,-0.00075],[109.30153,-0.00098],[109.30086,-0.00128],[109.29973,-0.00135],[109.29725,-0.00135],[109.29643,-0.00128],[109.29643,-0.00113],[109.29545,-0.00098],[109.29545,-0.00083],[109.2947,-0.00075],[109.29448,-0.00045],[109.29343,-0.00045],[109.29305,-0.00038],[109.29298,-0.00015],[109.29253,0],[109.31863,0],[109.31893,-0.00038],[109.32006,-0.00075],[109.32118,-0.00075],[109.32133,-0.00098],[109.32133,-0.00135],[109.32186,-0.00173],[109.32193,-0.00203],[109.32223,-0.00218],[109.32276,-0.00218],[109.32306,-0.00233],[109.32343,-0.00293],[109.32396,-0.00308],[109.32403,-0.00338],[109.32486,-0.00375],[109.32523,-0.00383],[109.32523,-0.00428],[109.32583,-0.00443],[109.32613,-0.00473],[109.32613,-0.00495],[109.32658,-0.00503],[109.32696,-0.00525],[109.32703,-0.00578],[109.32763,-0.00615],[109.32793,-0.00623],[109.32823,-0.00668],[109.32883,-0.00705],[109.32883,-0.00728],[109.32928,-0.00735],[109.32958,-0.00758],[109.33108,-0.00908],[109.33123,-0.00938],[109.33168,-0.00953],[109.33198,-0.00975],[109.33206,-0.01028],[109.33251,-0.01028],[109.33251,-0.01058],[109.33296,-0.01088],[109.33318,-0.01088],[109.33363,-0.01133],[109.33363,-0.01163],[109.33416,-0.01193],[109.33416,-0.01245],[109.33476,-0.01298],[109.33476,-0.01335],[109.33498,-0.01358],[109.33528,-0.01358],[109.33626,-0.01433],[109.33633,-0.01478],[109.33693,-0.01493],[109.33716,-0.01523],[109.33806,-0.01575],[109.33813,-0.01628],[109.33896,-0.01748],[109.33948,-0.01763],[109.33956,-0.01793],[109.33986,-0.01808],[109.34053,-0.01808],[109.34068,-0.01823]],[[109.29845,0.0045],[109.29853,0.00398],[109.29815,0.0039],[109.29785,0.0045],[109.29785,0.00488],[109.29755,0.0048],[109.29755,0.00443],[109.29718,0.00435],[109.29725,0.00495],[109.29748,0.00525],[109.29793,0.0051],[109.29838,0.0048],[109.29845,0.0045]]]},"properties":{"STREAM_ID":1}},{"type":"Feature","geometry":{"type":"Polygon","coordinates":[[[109.37792,-0.03285],[109.37804,-0.03255],[109.37774,-0.03248],[109.37789,-0.03173],[109.37864,-0.03173],[109.37886,-0.0312],[109.37826,-0.03105],[109.37849,-0.0306],[109.37826,-0.03],[109.37849,-0.02993],[109.37954,-0.03],[109.37946,-0.03038],[109.37946,-0.03135],[109.37939,-0.03158],[109.37856,-0.03233],[109.37856,-0.0327],[109.37875,-0.0328],[109.37953,-0.03254],[109.38006,-0.03208],[109.38006,-0.0315],[109.38051,-0.0312],[109.38112,-0.0312],[109.38158,-0.03078],[109.38186,-0.03042],[109.38215,-0.0297],[109.38164,-0.02985],[109.38066,-0.02963],[109.38044,-0.0294],[109.38044,-0.02903],[109.37961,-0.0291],[109.37931,-0.02948],[109.37879,-0.02948],[109.37834,-0.02933],[109.37834,-0.02895],[109.37819,-0.02858],[109.37759,-0.02858],[109.37759,-0.02813],[109.37721,-0.02783],[109.37691,-0.02783],[109.37654,-0.02805],[109.37669,-0.02843],[109.37699,-0.0285],[109.37699,-0.0288],[109.37721,-0.02918],[109.37759,-0.02948],[109.37766,-0.03053],[109.37736,-0.03098],[109.37736,-0.03173],[109.37714,-0.03173],[109.37676,-0.03135],[109.37631,-0.03135],[109.37594,-0.03158],[109.37594,-0.0318],[109.37699,-0.03188],[109.37721,-0.03263],[109.37758,-0.03252],[109.37789,-0.03281],[109.37792,-0.03285]]]},"properties":{"STREAM_ID":1}},{"type":"Feature","geometry":{"type":"Polygon","coordinates":[[[109.37586,-0.0024],[109.37526,-0.00285],[109.37511,-0.00315],[109.37451,-0.00315],[109.37444,-0.0039],[109.37406,-0.0045],[109.37369,-0.00413],[109.37331,-0.00443],[109.37204,-0.0045],[109.37181,-0.00413],[109.37106,-0.00413],[109.37099,-0.00458],[109.37114,-0.00503],[109.37069,-0.00503],[109.37039,-0.00548],[109.37084,-0.00563],[109.37084,-0.00645],[109.37091,-0.0072],[109.37114,-0.00765],[109.37099,-0.00833],[109.37114,-0.00855],[109.37151,-0.00833],[109.37219,-0.00833],[109.37234,-0.00795],[109.37204,-0.00765],[109.37174,-0.00758],[109.37151,-0.00705],[109.37181,-0.00683],[109.37196,-0.00638],[109.37196,-0.00593],[109.37166,-0.00578],[109.37256,-0.00503],[109.37354,-0.00503],[109.37376,-0.00525],[109.37376,-0.00578],[109.37406,-0.0063],[109.37354,-0.00623],[109.37301,-0.00638],[109.37256,-0.00638],[109.37241,-0.0069],[109.37286,-0.00713],[109.37286,-0.00735],[109.37316,-0.00765],[109.37316,-0.00803],[109.37331,-0.00825],[109.37376,-0.00788],[109.37369,-0.0084],[109.37384,-0.00878],[109.37384,-0.0093],[109.37354,-0.00945],[109.37331,-0.00983],[109.37241,-0.01013],[109.37226,-0.01043],[109.37144,-0.0105],[109.37136,-0.00975],[109.37099,-0.00968],[109.37106,-0.01043],[109.37091,-0.01065],[109.37091,-0.01185],[109.37166,-0.01185],[109.37144,-0.0114],[109.37129,-0.0108],[109.37159,-0.0108],[109.37174,-0.0111],[109.37241,-0.0111],[109.37249,-0.01133],[109.37286,-0.01163],[109.37339,-0.01148],[109.37339,-0.01095],[109.37294,-0.0108],[109.37316,-0.0105],[109.37369,-0.01005],[109.37421,-0.01005],[109.37466,-0.01028],[109.37496,-0.0108],[109.37496,-0.01118],[109.37519,-0.01133],[109.37556,-0.01133],[109.37579,-0.0111],[109.37631,-0.01118],[109.37646,-0.01163],[109.37624,-0.01178],[109.37624,-0.01268],[109.37639,-0.01335],[109.37676,-0.01335],[109.37699,-0.01358],[109.37744,-0.01335],[109.37744,-0.0129],[109.37774,-0.01275],[109.37781,-0.0132],[109.37729,-0.01358],[109.37729,-0.01395],[109.37751,-0.0141],[109.37772,-0.01389],[109.3776,-0.01358],[109.37807,-0.01319],[109.37841,-0.01268],[109.37833,-0.01218],[109.37745,-0.01231],[109.37738,-0.01202],[109.37772,-0.01128],[109.37799,-0.01106],[109.37786,-0.01053],[109.37781,-0.00896],[109.37745,-0.00796],[109.37691,-0.00627],[109.37649,-0.00594],[109.37639,-0.00555],[109.37609,-0.00548],[109.37609,-0.00488],[109.37594,-0.00458],[109.37571,-0.00417],[109.37594,-0.00351],[109.37575,-0.0031],[109.37604,-0.00266],[109.37586,-0.0024]],[[109.37639,-0.00638],[109.37646,-0.00668],[109.37624,-0.00683],[109.37549,-0.00683],[109.37519,-0.00705],[109.37466,-0.0069],[109.37474,-0.00623],[109.37496,-0.00585],[109.37519,-0.00585],[109.37556,-0.00638],[109.37586,-0.00638],[109.37601,-0.00615],[109.37639,-0.00638]],[[109.37571,-0.01005],[109.37571,-0.01028],[109.37511,-0.0102],[109.37511,-0.0099],[109.37549,-0.00983],[109.37571,-0.01005]]]},"properties":{"STREAM_ID":1}},{"type":"Feature","geometry":{"type":"Polygon","coordinates":[[[109.36604,0.02298],[109.36596,0.02265],[109.36559,0.0225],[109.36529,0.02213],[109.36529,0.02175],[109.36559,0.0216],[109.36589,0.02123],[109.36664,0.02078],[109.36686,0.0204],[109.36709,0.0204],[109.36701,0.01988],[109.36739,0.01973],[109.36769,0.01995],[109.36791,0.01965],[109.36791,0.01808],[109.36851,0.018],[109.36851,0.01763],[109.36829,0.01748],[109.36836,0.0168],[109.36784,0.01658],[109.36754,0.0159],[109.36791,0.0159],[109.36821,0.01545],[109.36821,0.015],[109.36799,0.01478],[109.36799,0.01433],[109.36836,0.01448],[109.36896,0.01448],[109.36911,0.01485],[109.36949,0.01508],[109.36949,0.01545],[109.36919,0.01568],[109.36919,0.01598],[109.36859,0.0162],[109.36881,0.01665],[109.36926,0.01688],[109.36926,0.0171],[109.36979,0.01725],[109.37074,0.01725],[109.37072,0.01821],[109.37052,0.01875],[109.3708,0.01917],[109.37104,0.021],[109.37031,0.02138],[109.37031,0.02085],[109.36979,0.02078],[109.36941,0.0213],[109.36949,0.02168],[109.36934,0.0221],[109.36814,0.02244],[109.36651,0.02286],[109.36604,0.02298]],[[109.36851,0.02108],[109.36859,0.02078],[109.36821,0.02063],[109.36799,0.02123],[109.36799,0.0216],[109.36844,0.02168],[109.36851,0.02108]]]},"properties":{"STREAM_ID":1}},{"type":"Feature","geometry":{"type":"Polygon","coordinates":[[[109.37792,-0.03285],[109.37804,-0.03255],[109.37774,-0.03248],[109.37789,-0.03173],[109.37864,-0.03173],[109.37886,-0.0312],[109.37826,-0.03105],[109.37849,-0.0306],[109.37826,-0.03],[109.37849,-0.02993],[109.37954,-0.03],[109.37946,-0.03038],[109.37946,-0.03135],[109.37939,-0.03158],[109.37856,-0.03233],[109.37856,-0.0327],[109.37875,-0.0328],[109.37953,-0.03254],[109.38006,-0.03208],[109.38006,-0.0315],[109.38051,-0.0312],[109.38112,-0.0312],[109.38158,-0.03078],[109.38186,-0.03042],[109.38215,-0.0297],[109.38164,-0.02985],[109.38066,-0.02963],[109.38044,-0.0294],[109.38044,-0.02903],[109.37961,-0.0291],[109.37931,-0.02948],[109.37879,-0.02948],[109.37834,-0.02933],[109.37834,-0.02895],[109.37819,-0.02858],[109.37759,-0.02858],[109.37759,-0.02813],[109.37721,-0.02783],[109.37691,-0.02783],[109.37654,-0.02805],[109.37669,-0.02843],[109.37699,-0.0285],[109.37699,-0.0288],[109.37721,-0.02918],[109.37759,-0.02948],[109.37766,-0.03053],[109.37736,-0.03098],[109.37736,-0.03173],[109.37714,-0.03173],[109.37676,-0.03135],[109.37631,-0.03135],[109.37594,-0.03158],[109.37594,-0.0318],[109.37699,-0.03188],[109.37721,-0.03263],[109.37758,-0.03252],[109.37789,-0.03281],[109.3779,-0.03283],[109.37792,-0.03285]]]},"properties":{"STREAM_ID":1}},{"type":"Feature","geometry":{"type":"Polygon","coordinates":[[[109.28691,0.00015],[109.28695,0.00045],[109.28691,0.00018],[109.28691,0.00015]]]},"properties":{"STREAM_ID":1}},{"type":"Feature","geometry":{"type":"Polygon","coordinates":[[[109.36953,-0.05836],[109.36979,-0.05858],[109.37024,-0.05873],[109.37046,-0.05821],[109.36956,-0.05761],[109.36941,-0.05738],[109.36941,-0.05678],[109.36926,-0.05671],[109.36889,-0.05603],[109.36889,-0.05573],[109.36844,-0.05476],[109.36859,-0.05446],[109.36814,-0.05408],[109.36776,-0.05393],[109.36686,-0.05303],[109.36656,-0.05221],[109.36604,-0.05168],[109.36566,-0.05101],[109.36514,-0.05026],[109.36416,-0.04928],[109.36379,-0.04898],[109.36326,-0.04823],[109.36319,-0.04793],[109.36274,-0.04748],[109.36221,-0.04718],[109.36191,-0.0465],[109.36146,-0.04613],[109.36139,-0.04583],[109.36086,-0.0456],[109.36041,-0.04515],[109.36049,-0.0447],[109.36004,-0.04463],[109.35959,-0.0447],[109.35936,-0.04425],[109.35884,-0.04403],[109.35854,-0.0435],[109.35734,-0.0426],[109.35689,-0.04215],[109.35636,-0.04148],[109.35599,-0.0411],[109.35584,-0.04073],[109.35501,-0.03983],[109.35419,-0.0393],[109.35419,-0.03915],[109.35321,-0.03803],[109.35299,-0.03728],[109.35261,-0.03705],[109.35194,-0.03615],[109.35141,-0.03525],[109.35111,-0.03443],[109.35036,-0.0333],[109.35006,-0.03315],[109.34953,-0.03188],[109.34938,-0.0318],[109.34908,-0.0312],[109.34908,-0.03098],[109.34878,-0.03053],[109.34878,-0.03023],[109.34803,-0.0288],[109.34766,-0.02783],[109.34781,-0.02753],[109.34706,-0.02678],[109.34676,-0.02633],[109.34638,-0.02558],[109.34631,-0.02498],[109.34661,-0.02453],[109.34661,-0.02355],[109.34691,-0.02333],[109.34908,-0.02333],[109.34961,-0.0231],[109.35006,-0.0231],[109.35066,-0.02295],[109.35134,-0.02295],[109.35201,-0.02258],[109.35306,-0.02258],[109.35336,-0.02235],[109.35389,-0.02235],[109.35411,-0.02205],[109.35471,-0.02205],[109.35494,-0.0219],[109.35576,-0.02198],[109.35629,-0.0216],[109.35666,-0.0216],[109.35696,-0.02205],[109.35696,-0.0225],[109.35749,-0.0225],[109.35711,-0.02205],[109.35726,-0.02175],[109.35779,-0.02168],[109.35884,-0.02175],[109.35884,-0.02213],[109.35929,-0.02205],[109.35936,-0.0216],[109.36019,-0.02078],[109.36086,-0.0207],[109.36109,-0.02085],[109.36109,-0.02138],[109.36154,-0.02168],[109.36154,-0.0213],[109.36191,-0.02115],[109.36236,-0.02115],[109.36281,-0.0213],[109.36289,-0.021],[109.36529,-0.021],[109.36589,-0.0213],[109.36656,-0.0213],[109.36686,-0.02153],[109.36686,-0.02235],[109.36701,-0.02273],[109.36746,-0.0222],[109.36746,-0.02145],[109.36799,-0.02145],[109.36859,-0.0213],[109.36881,-0.02168],[109.36926,-0.02168],[109.36971,-0.0219],[109.37054,-0.0219],[109.37114,-0.02205],[109.37151,-0.02228],[109.37151,-0.02258],[109.37226,-0.02258],[109.37264,-0.02288],[109.37316,-0.02303],[109.37406,-0.02355],[109.37564,-0.02408],[109.37601,-0.02408],[109.37631,-0.0243],[109.37646,-0.0246],[109.37691,-0.02483],[109.37729,-0.02483],[109.37751,-0.02505],[109.37819,-0.02498],[109.37849,-0.02528],[109.37924,-0.02528],[109.37984,-0.02543],[109.38044,-0.02543],[109.38141,-0.02573],[109.38209,-0.02573],[109.38224,-0.02595],[109.38231,-0.02655],[109.38194,-0.02693],[109.38201,-0.0273],[109.38239,-0.0273],[109.38254,-0.02678],[109.38293,-0.0264],[109.38315,-0.0251],[109.37956,-0.0244],[109.37607,-0.0231],[109.37678,-0.02196],[109.37701,-0.02102],[109.37699,-0.0197],[109.37741,-0.0187],[109.37793,-0.01786],[109.37803,-0.01694],[109.37813,-0.01657],[109.37878,-0.01613],[109.37882,-0.01594],[109.37837,-0.01553],[109.37763,-0.01539],[109.37755,-0.01521],[109.37796,-0.01489],[109.37858,-0.01462],[109.37896,-0.01408],[109.37894,-0.01352],[109.37834,-0.01351],[109.37826,-0.01425],[109.37766,-0.0144],[109.37736,-0.01485],[109.37729,-0.01553],[109.37796,-0.0156],[109.37826,-0.01605],[109.37766,-0.01673],[109.37774,-0.01763],[109.37721,-0.01853],[109.37676,-0.0189],[109.37669,-0.01943],[109.37601,-0.0192],[109.37601,-0.01875],[109.37669,-0.01785],[109.37654,-0.0174],[109.37661,-0.01688],[109.37624,-0.0165],[109.37586,-0.01628],[109.37594,-0.01695],[109.37556,-0.01733],[109.37541,-0.01793],[109.37556,-0.0183],[109.37534,-0.01853],[109.37541,-0.01928],[109.37511,-0.0195],[109.37489,-0.02003],[109.37451,-0.0201],[109.37481,-0.02055],[109.37526,-0.02055],[109.37534,-0.02085],[109.37496,-0.02085],[109.37444,-0.02063],[109.37421,-0.0204],[109.37331,-0.0204],[109.37301,-0.02018],[109.37294,-0.01988],[109.37256,-0.01943],[109.37264,-0.01905],[109.37294,-0.01875],[109.37294,-0.01808],[109.37256,-0.0183],[109.37226,-0.01875],[109.37219,-0.01913],[109.37189,-0.01943],[109.37174,-0.01905],[109.37174,-0.0186],[109.37189,-0.01838],[109.37136,-0.0183],[109.37144,-0.0177],[109.37204,-0.01778],[109.37219,-0.01763],[109.37219,-0.01695],[109.37241,-0.01665],[109.37279,-0.01665],[109.37286,-0.01643],[109.37346,-0.0165],[109.37361,-0.01688],[109.37354,-0.01718],[109.37316,-0.01718],[109.37301,-0.0174],[109.37384,-0.018],[109.37429,-0.01793],[109.37421,-0.01748],[109.37429,-0.01695],[109.37391,-0.0168],[109.37399,-0.01635],[109.37421,-0.01635],[109.37444,-0.01688],[109.37466,-0.01688],[109.37496,-0.0162],[109.37496,-0.01583],[109.37451,-0.0156],[109.37414,-0.01568],[109.37361,-0.01605],[109.37331,-0.01605],[109.37301,-0.01575],[109.37226,-0.01605],[109.37226,-0.01665],[109.37174,-0.01673],[109.37159,-0.0165],[109.37211,-0.01613],[109.37196,-0.01575],[109.37159,-0.01575],[109.37076,-0.01628],[109.37084,-0.01703],[109.37054,-0.01748],[109.37024,-0.0177],[109.37009,-0.0174],[109.37031,-0.01718],[109.37016,-0.01688],[109.36971,-0.01665],[109.36949,-0.0162],[109.36949,-0.01583],[109.36979,-0.01575],[109.36986,-0.0153],[109.37031,-0.0153],[109.37054,-0.01515],[109.37031,-0.01448],[109.37001,-0.01455],[109.37001,-0.01493],[109.36964,-0.01515],[109.36919,-0.01523],[109.36919,-0.01575],[109.36866,-0.01575],[109.36836,-0.0156],[109.36821,-0.01605],[109.36784,-0.01635],[109.36731,-0.01643],[109.36731,-0.01793],[109.36716,-0.0183],[109.36679,-0.01853],[109.36619,-0.01845],[109.36566,-0.01815],[109.36506,-0.01815],[109.36484,-0.01853],[109.36379,-0.01845],[109.36334,-0.01823],[109.36304,-0.01853],[109.36229,-0.01845],[109.36116,-0.01845],[109.36094,-0.01868],[109.36011,-0.01868],[109.35966,-0.0189],[109.35861,-0.01883],[109.35794,-0.01905],[109.35726,-0.01898],[109.35719,-0.01913],[109.35651,-0.01913],[109.35614,-0.01868],[109.35644,-0.01838],[109.35636,-0.01808],[109.35584,-0.01808],[109.35554,-0.01755],[109.35584,-0.0174],[109.35584,-0.0171],[109.35524,-0.01703],[109.35471,-0.0174],[109.35441,-0.01808],[109.35449,-0.0186],[109.35434,-0.01868],[109.35464,-0.01935],[109.35464,-0.0198],[109.35441,-0.0201],[109.35396,-0.02033],[109.35314,-0.02033],[109.35269,-0.0204],[109.35224,-0.02018],[109.35179,-0.02018],[109.35104,-0.02078],[109.35096,-0.02093],[109.34953,-0.02085],[109.34893,-0.02123],[109.34848,-0.02123],[109.34826,-0.02138],[109.34758,-0.0213],[109.34683,-0.0213],[109.34578,-0.02145],[109.34503,-0.0213],[109.34413,-0.02093],[109.34353,-0.02048],[109.34331,-0.02048],[109.34293,-0.02018],[109.34263,-0.0201],[109.34218,-0.0198],[109.34203,-0.01935],[109.34121,-0.01898],[109.34106,-0.01875],[109.34061,-0.0189],[109.34061,-0.01913],[109.34106,-0.01958],[109.34166,-0.01973],[109.34166,-0.02018],[109.34188,-0.02018],[109.34218,-0.02048],[109.34256,-0.02055],[109.34353,-0.02138],[109.34428,-0.02153],[109.34458,-0.02175],[109.34518,-0.02175],[109.34548,-0.02198],[109.34638,-0.02198],[109.34646,-0.02213],[109.34646,-0.02295],[109.34616,-0.02295],[109.34616,-0.02423],[109.34593,-0.02445],[109.34593,-0.02573],[109.34623,-0.02648],[109.34646,-0.02685],[109.34668,-0.02693],[109.34683,-0.02745],[109.34728,-0.02775],[109.34728,-0.02858],[109.34743,-0.02918],[109.34773,-0.02955],[109.34773,-0.02985],[109.34818,-0.03023],[109.34833,-0.03098],[109.34856,-0.03113],[109.34856,-0.03143],[109.34878,-0.03188],[109.34908,-0.03218],[109.34923,-0.03285],[109.34946,-0.03293],[109.34953,-0.03338],[109.34976,-0.03368],[109.35036,-0.03405],[109.35044,-0.03465],[109.35089,-0.03518],[109.35089,-0.03555],[109.35104,-0.03593],[109.35134,-0.03623],[109.35134,-0.03645],[109.35179,-0.03675],[109.35179,-0.03698],[109.35224,-0.03758],[109.35269,-0.03795],[109.35276,-0.03848],[109.35306,-0.03863],[109.35329,-0.03893],[109.35344,-0.03938],[109.35404,-0.04005],[109.35434,-0.04028],[109.35479,-0.04043],[109.35516,-0.04088],[109.35524,-0.04118],[109.35576,-0.04178],[109.35599,-0.04185],[109.35629,-0.04238],[109.35659,-0.04253],[109.35674,-0.04298],[109.35704,-0.04313],[109.35936,-0.04545],[109.36004,-0.0456],[109.36019,-0.04598],[109.36056,-0.04613],[109.36079,-0.04658],[109.36116,-0.04673],[109.36124,-0.04695],[109.36169,-0.04695],[109.36161,-0.04733],[109.36214,-0.04793],[109.36259,-0.04815],[109.36274,-0.04853],[109.36319,-0.04883],[109.36334,-0.04935],[109.36409,-0.05018],[109.36469,-0.05063],[109.36514,-0.05146],[109.36536,-0.05153],[109.36566,-0.05213],[109.36589,-0.05221],[109.36589,-0.05258],[109.36619,-0.05288],[109.36634,-0.05348],[109.36664,-0.05363],[109.36716,-0.05416],[109.36739,-0.05468],[109.36784,-0.05513],[109.36829,-0.05573],[109.36859,-0.05663],[109.36889,-0.05716],[109.36902,-0.05765],[109.36949,-0.05828],[109.36949,-0.0583],[109.36953,-0.05836]],[[109.37676,-0.02063],[109.37676,-0.02085],[109.37646,-0.02115],[109.37676,-0.02145],[109.37661,-0.02175],[109.37594,-0.02138],[109.37594,-0.02048],[109.37601,-0.02033],[109.37654,-0.02025],[109.37676,-0.02063]],[[109.36904,-0.0183],[109.36896,-0.0186],[109.36814,-0.01845],[109.36799,-0.018],[109.36821,-0.0177],[109.36851,-0.01793],[109.36889,-0.018],[109.36904,-0.0183]]]},"properties":{"STREAM_ID":1}},{"type":"Feature","geometry":{"type":"Polygon","coordinates":[[[109.37054,-0.05948],[109.37084,-0.05963],[109.37136,-0.06053],[109.37166,-0.06053],[109.37196,-0.06098],[109.37219,-0.06098],[109.37226,-0.06136],[109.37249,-0.06143],[109.37249,-0.06226],[109.37264,-0.06248],[109.37306,-0.06263],[109.37354,-0.06218],[109.37324,-0.06181],[109.37294,-0.06173],[109.37294,-0.06106],[109.37264,-0.06046],[109.37286,-0.06031],[109.37286,-0.05978],[109.37309,-0.05956],[109.37339,-0.05963],[109.37339,-0.05993],[109.37369,-0.05993],[109.37421,-0.05956],[109.37421,-0.05918],[109.37384,-0.05911],[109.37361,-0.05933],[109.37331,-0.05933],[109.37256,-0.05963],[109.37241,-0.05986],[109.37264,-0.06023],[109.37241,-0.06046],[109.37211,-0.06016],[109.37204,-0.05986],[109.37159,-0.05941],[109.37151,-0.05903],[109.37121,-0.05896],[109.37099,-0.05918],[109.37054,-0.05918],[109.37054,-0.05948]]]},"properties":{"STREAM_ID":1}},{"type":"Feature","geometry":{"type":"Polygon","coordinates":[[[109.37792,-0.03285],[109.37804,-0.03255],[109.37774,-0.03248],[109.37789,-0.03173],[109.37864,-0.03173],[109.37886,-0.0312],[109.37826,-0.03105],[109.37849,-0.0306],[109.37826,-0.03],[109.37849,-0.02993],[109.37954,-0.03],[109.37946,-0.03038],[109.37946,-0.03135],[109.37939,-0.03158],[109.37856,-0.03233],[109.37856,-0.0327],[109.37875,-0.0328],[109.37953,-0.03254],[109.38006,-0.03208],[109.38006,-0.0315],[109.38051,-0.0312],[109.38112,-0.0312],[109.38158,-0.03078],[109.38186,-0.03042],[109.38215,-0.0297],[109.38164,-0.02985],[109.38066,-0.02963],[109.38044,-0.0294],[109.38044,-0.02903],[109.37961,-0.0291],[109.37931,-0.02948],[109.37879,-0.02948],[109.37834,-0.02933],[109.37834,-0.02895],[109.37819,-0.02858],[109.37759,-0.02858],[109.37759,-0.02813],[109.37721,-0.02783],[109.37691,-0.02783],[109.37654,-0.02805],[109.37669,-0.02843],[109.37699,-0.0285],[109.37699,-0.0288],[109.37721,-0.02918],[109.37759,-0.02948],[109.37766,-0.03053],[109.37736,-0.03098],[109.37736,-0.03173],[109.37714,-0.03173],[109.37676,-0.03135],[109.37631,-0.03135],[109.37594,-0.03158],[109.37594,-0.0318],[109.37699,-0.03188],[109.37721,-0.03263],[109.37758,-0.03252],[109.37789,-0.03281],[109.37789,-0.03281],[109.3779,-0.03283],[109.37792,-0.03285]]]},"properties":{"STREAM_ID":1}},{"type":"Feature","geometry":{"type":"Polygon","coordinates":[[[109.28691,0.00015],[109.28695,0.00045],[109.28691,0.00018],[109.28691,0.00015]]]},"properties":{"STREAM_ID":1}},{"type":"Feature","geometry":{"type":"Polygon","coordinates":[[[109.37586,-0.0024],[109.37526,-0.00285],[109.37511,-0.00315],[109.37451,-0.00315],[109.37444,-0.0039],[109.37406,-0.0045],[109.37369,-0.00413],[109.37331,-0.00443],[109.37204,-0.0045],[109.37181,-0.00413],[109.37106,-0.00413],[109.37099,-0.00458],[109.37114,-0.00503],[109.37069,-0.00503],[109.37039,-0.00548],[109.37084,-0.00563],[109.37084,-0.00645],[109.37091,-0.0072],[109.37114,-0.00765],[109.37099,-0.00833],[109.37114,-0.00855],[109.37151,-0.00833],[109.37219,-0.00833],[109.37234,-0.00795],[109.37204,-0.00765],[109.37174,-0.00758],[109.37151,-0.00705],[109.37181,-0.00683],[109.37196,-0.00638],[109.37196,-0.00593],[109.37166,-0.00578],[109.37256,-0.00503],[109.37354,-0.00503],[109.37376,-0.00525],[109.37376,-0.00578],[109.37406,-0.0063],[109.37354,-0.00623],[109.37301,-0.00638],[109.37256,-0.00638],[109.37241,-0.0069],[109.37286,-0.00713],[109.37286,-0.00735],[109.37316,-0.00765],[109.37316,-0.00803],[109.37331,-0.00825],[109.37376,-0.00788],[109.37369,-0.0084],[109.37384,-0.00878],[109.37384,-0.0093],[109.37354,-0.00945],[109.37331,-0.00983],[109.37241,-0.01013],[109.37226,-0.01043],[109.37144,-0.0105],[109.37136,-0.00975],[109.37099,-0.00968],[109.37106,-0.01043],[109.37091,-0.01065],[109.37091,-0.01185],[109.37166,-0.01185],[109.37144,-0.0114],[109.37129,-0.0108],[109.37159,-0.0108],[109.37174,-0.0111],[109.37241,-0.0111],[109.37249,-0.01133],[109.37286,-0.01163],[109.37339,-0.01148],[109.37339,-0.01095],[109.37294,-0.0108],[109.37316,-0.0105],[109.37369,-0.01005],[109.37421,-0.01005],[109.37466,-0.01028],[109.37496,-0.0108],[109.37496,-0.01118],[109.37519,-0.01133],[109.37556,-0.01133],[109.37579,-0.0111],[109.37631,-0.01118],[109.37646,-0.01163],[109.37624,-0.01178],[109.37624,-0.01268],[109.37639,-0.01335],[109.37676,-0.01335],[109.37699,-0.01358],[109.37744,-0.01335],[109.37744,-0.0129],[109.37774,-0.01275],[109.37781,-0.0132],[109.37729,-0.01358],[109.37729,-0.01395],[109.37751,-0.0141],[109.37772,-0.01389],[109.3776,-0.01358],[109.37807,-0.01319],[109.37841,-0.01268],[109.37833,-0.01218],[109.37745,-0.01231],[109.37738,-0.01202],[109.37772,-0.01128],[109.37799,-0.01106],[109.37786,-0.01053],[109.37781,-0.00896],[109.37745,-0.00796],[109.37691,-0.00627],[109.37649,-0.00594],[109.37639,-0.00555],[109.37609,-0.00548],[109.37609,-0.00488],[109.37594,-0.00458],[109.37571,-0.00417],[109.37594,-0.00351],[109.37575,-0.0031],[109.37604,-0.00266],[109.37586,-0.0024]],[[109.37639,-0.00638],[109.37646,-0.00668],[109.37624,-0.00683],[109.37549,-0.00683],[109.37519,-0.00705],[109.37466,-0.0069],[109.37474,-0.00623],[109.37496,-0.00585],[109.37519,-0.00585],[109.37556,-0.00638],[109.37586,-0.00638],[109.37601,-0.00615],[109.37639,-0.00638]],[[109.37571,-0.01005],[109.37571,-0.01028],[109.37511,-0.0102],[109.37511,-0.0099],[109.37549,-0.00983],[109.37571,-0.01005]]]},"properties":{"STREAM_ID":1}},{"type":"Feature","geometry":{"type":"Polygon","coordinates":[[[109.36953,-0.05836],[109.36979,-0.05858],[109.37024,-0.05873],[109.37046,-0.05821],[109.36956,-0.05761],[109.36941,-0.05738],[109.36941,-0.05678],[109.36926,-0.05671],[109.36889,-0.05603],[109.36889,-0.05573],[109.36844,-0.05476],[109.36859,-0.05446],[109.36814,-0.05408],[109.36776,-0.05393],[109.36686,-0.05303],[109.36656,-0.05221],[109.36604,-0.05168],[109.36566,-0.05101],[109.36514,-0.05026],[109.36416,-0.04928],[109.36379,-0.04898],[109.36326,-0.04823],[109.36319,-0.04793],[109.36274,-0.04748],[109.36221,-0.04718],[109.36191,-0.0465],[109.36146,-0.04613],[109.36139,-0.04583],[109.36086,-0.0456],[109.36041,-0.04515],[109.36049,-0.0447],[109.36004,-0.04463],[109.35959,-0.0447],[109.35936,-0.04425],[109.35884,-0.04403],[109.35854,-0.0435],[109.35734,-0.0426],[109.35689,-0.04215],[109.35636,-0.04148],[109.35599,-0.0411],[109.35584,-0.04073],[109.35501,-0.03983],[109.35419,-0.0393],[109.35419,-0.03915],[109.35321,-0.03803],[109.35299,-0.03728],[109.35261,-0.03705],[109.35194,-0.03615],[109.35141,-0.03525],[109.35111,-0.03443],[109.35036,-0.0333],[109.35006,-0.03315],[109.34953,-0.03188],[109.34938,-0.0318],[109.34908,-0.0312],[109.34908,-0.03098],[109.34878,-0.03053],[109.34878,-0.03023],[109.34803,-0.0288],[109.34766,-0.02783],[109.34781,-0.02753],[109.34706,-0.02678],[109.34676,-0.02633],[109.34638,-0.02558],[109.34631,-0.02498],[109.34661,-0.02453],[109.34661,-0.02355],[109.34691,-0.02333],[109.34908,-0.02333],[109.34961,-0.0231],[109.35006,-0.0231],[109.35066,-0.02295],[109.35134,-0.02295],[109.35201,-0.02258],[109.35306,-0.02258],[109.35336,-0.02235],[109.35389,-0.02235],[109.35411,-0.02205],[109.35471,-0.02205],[109.35494,-0.0219],[109.35576,-0.02198],[109.35629,-0.0216],[109.35666,-0.0216],[109.35696,-0.02205],[109.35696,-0.0225],[109.35749,-0.0225],[109.35711,-0.02205],[109.35726,-0.02175],[109.35779,-0.02168],[109.35884,-0.02175],[109.35884,-0.02213],[109.35929,-0.02205],[109.35936,-0.0216],[109.36019,-0.02078],[109.36086,-0.0207],[109.36109,-0.02085],[109.36109,-0.02138],[109.36154,-0.02168],[109.36154,-0.0213],[109.36191,-0.02115],[109.36236,-0.02115],[109.36281,-0.0213],[109.36289,-0.021],[109.36529,-0.021],[109.36589,-0.0213],[109.36656,-0.0213],[109.36686,-0.02153],[109.36686,-0.02235],[109.36701,-0.02273],[109.36746,-0.0222],[109.36746,-0.02145],[109.36799,-0.02145],[109.36859,-0.0213],[109.36881,-0.02168],[109.36926,-0.02168],[109.36971,-0.0219],[109.37054,-0.0219],[109.37114,-0.02205],[109.37151,-0.02228],[109.37151,-0.02258],[109.37226,-0.02258],[109.37264,-0.02288],[109.37316,-0.02303],[109.37406,-0.02355],[109.37564,-0.02408],[109.37601,-0.02408],[109.37631,-0.0243],[109.37646,-0.0246],[109.37691,-0.02483],[109.37729,-0.02483],[109.37751,-0.02505],[109.37819,-0.02498],[109.37849,-0.02528],[109.37924,-0.02528],[109.37984,-0.02543],[109.38044,-0.02543],[109.38141,-0.02573],[109.38209,-0.02573],[109.38224,-0.02595],[109.38231,-0.02655],[109.38194,-0.02693],[109.38201,-0.0273],[109.38239,-0.0273],[109.38254,-0.02678],[109.38293,-0.0264],[109.38315,-0.0251],[109.37956,-0.0244],[109.37607,-0.0231],[109.37678,-0.02196],[109.37701,-0.02102],[109.37699,-0.0197],[109.37741,-0.0187],[109.37793,-0.01786],[109.37803,-0.01694],[109.37813,-0.01657],[109.37878,-0.01613],[109.37882,-0.01594],[109.37837,-0.01553],[109.37763,-0.01539],[109.37755,-0.01521],[109.37796,-0.01489],[109.37858,-0.01462],[109.37896,-0.01408],[109.37894,-0.01352],[109.37834,-0.01351],[109.37826,-0.01425],[109.37766,-0.0144],[109.37736,-0.01485],[109.37729,-0.01553],[109.37796,-0.0156],[109.37826,-0.01605],[109.37766,-0.01673],[109.37774,-0.01763],[109.37721,-0.01853],[109.37676,-0.0189],[109.37669,-0.01943],[109.37601,-0.0192],[109.37601,-0.01875],[109.37669,-0.01785],[109.37654,-0.0174],[109.37661,-0.01688],[109.37624,-0.0165],[109.37586,-0.01628],[109.37594,-0.01695],[109.37556,-0.01733],[109.37541,-0.01793],[109.37556,-0.0183],[109.37534,-0.01853],[109.37541,-0.01928],[109.37511,-0.0195],[109.37489,-0.02003],[109.37451,-0.0201],[109.37481,-0.02055],[109.37526,-0.02055],[109.37534,-0.02085],[109.37496,-0.02085],[109.37444,-0.02063],[109.37421,-0.0204],[109.37331,-0.0204],[109.37301,-0.02018],[109.37294,-0.01988],[109.37256,-0.01943],[109.37264,-0.01905],[109.37294,-0.01875],[109.37294,-0.01808],[109.37256,-0.0183],[109.37226,-0.01875],[109.37219,-0.01913],[109.37189,-0.01943],[109.37174,-0.01905],[109.37174,-0.0186],[109.37189,-0.01838],[109.37136,-0.0183],[109.37144,-0.0177],[109.37204,-0.01778],[109.37219,-0.01763],[109.37219,-0.01695],[109.37241,-0.01665],[109.37279,-0.01665],[109.37286,-0.01643],[109.37346,-0.0165],[109.37361,-0.01688],[109.37354,-0.01718],[109.37316,-0.01718],[109.37301,-0.0174],[109.37384,-0.018],[109.37429,-0.01793],[109.37421,-0.01748],[109.37429,-0.01695],[109.37391,-0.0168],[109.37399,-0.01635],[109.37421,-0.01635],[109.37444,-0.01688],[109.37466,-0.01688],[109.37496,-0.0162],[109.37496,-0.01583],[109.37451,-0.0156],[109.37414,-0.01568],[109.37361,-0.01605],[109.37331,-0.01605],[109.37301,-0.01575],[109.37226,-0.01605],[109.37226,-0.01665],[109.37174,-0.01673],[109.37159,-0.0165],[109.37211,-0.01613],[109.37196,-0.01575],[109.37159,-0.01575],[109.37076,-0.01628],[109.37084,-0.01703],[109.37054,-0.01748],[109.37024,-0.0177],[109.37009,-0.0174],[109.37031,-0.01718],[109.37016,-0.01688],[109.36971,-0.01665],[109.36949,-0.0162],[109.36949,-0.01583],[109.36979,-0.01575],[109.36986,-0.0153],[109.37031,-0.0153],[109.37054,-0.01515],[109.37031,-0.01448],[109.37001,-0.01455],[109.37001,-0.01493],[109.36964,-0.01515],[109.36919,-0.01523],[109.36919,-0.01575],[109.36866,-0.01575],[109.36836,-0.0156],[109.36821,-0.01605],[109.36784,-0.01635],[109.36731,-0.01643],[109.36731,-0.01793],[109.36716,-0.0183],[109.36679,-0.01853],[109.36619,-0.01845],[109.36566,-0.01815],[109.36506,-0.01815],[109.36484,-0.01853],[109.36379,-0.01845],[109.36334,-0.01823],[109.36304,-0.01853],[109.36229,-0.01845],[109.36116,-0.01845],[109.36094,-0.01868],[109.36011,-0.01868],[109.35966,-0.0189],[109.35861,-0.01883],[109.35794,-0.01905],[109.35726,-0.01898],[109.35719,-0.01913],[109.35651,-0.01913],[109.35614,-0.01868],[109.35644,-0.01838],[109.35636,-0.01808],[109.35584,-0.01808],[109.35554,-0.01755],[109.35584,-0.0174],[109.35584,-0.0171],[109.35524,-0.01703],[109.35471,-0.0174],[109.35441,-0.01808],[109.35449,-0.0186],[109.35434,-0.01868],[109.35464,-0.01935],[109.35464,-0.0198],[109.35441,-0.0201],[109.35396,-0.02033],[109.35314,-0.02033],[109.35269,-0.0204],[109.35224,-0.02018],[109.35179,-0.02018],[109.35104,-0.02078],[109.35096,-0.02093],[109.34953,-0.02085],[109.34893,-0.02123],[109.34848,-0.02123],[109.34826,-0.02138],[109.34758,-0.0213],[109.34683,-0.0213],[109.34578,-0.02145],[109.34503,-0.0213],[109.34413,-0.02093],[109.34353,-0.02048],[109.34331,-0.02048],[109.34293,-0.02018],[109.34263,-0.0201],[109.34218,-0.0198],[109.34203,-0.01935],[109.34121,-0.01898],[109.34106,-0.01875],[109.34061,-0.0189],[109.34061,-0.01913],[109.34106,-0.01958],[109.34166,-0.01973],[109.34166,-0.02018],[109.34188,-0.02018],[109.34218,-0.02048],[109.34256,-0.02055],[109.34353,-0.02138],[109.34428,-0.02153],[109.34458,-0.02175],[109.34518,-0.02175],[109.34548,-0.02198],[109.34638,-0.02198],[109.34646,-0.02213],[109.34646,-0.02295],[109.34616,-0.02295],[109.34616,-0.02423],[109.34593,-0.02445],[109.34593,-0.02573],[109.34623,-0.02648],[109.34646,-0.02685],[109.34668,-0.02693],[109.34683,-0.02745],[109.34728,-0.02775],[109.34728,-0.02858],[109.34743,-0.02918],[109.34773,-0.02955],[109.34773,-0.02985],[109.34818,-0.03023],[109.34833,-0.03098],[109.34856,-0.03113],[109.34856,-0.03143],[109.34878,-0.03188],[109.34908,-0.03218],[109.34923,-0.03285],[109.34946,-0.03293],[109.34953,-0.03338],[109.34976,-0.03368],[109.35036,-0.03405],[109.35044,-0.03465],[109.35089,-0.03518],[109.35089,-0.03555],[109.35104,-0.03593],[109.35134,-0.03623],[109.35134,-0.03645],[109.35179,-0.03675],[109.35179,-0.03698],[109.35224,-0.03758],[109.35269,-0.03795],[109.35276,-0.03848],[109.35306,-0.03863],[109.35329,-0.03893],[109.35344,-0.03938],[109.35404,-0.04005],[109.35434,-0.04028],[109.35479,-0.04043],[109.35516,-0.04088],[109.35524,-0.04118],[109.35576,-0.04178],[109.35599,-0.04185],[109.35629,-0.04238],[109.35659,-0.04253],[109.35674,-0.04298],[109.35704,-0.04313],[109.35936,-0.04545],[109.36004,-0.0456],[109.36019,-0.04598],[109.36056,-0.04613],[109.36079,-0.04658],[109.36116,-0.04673],[109.36124,-0.04695],[109.36169,-0.04695],[109.36161,-0.04733],[109.36214,-0.04793],[109.36259,-0.04815],[109.36274,-0.04853],[109.36319,-0.04883],[109.36334,-0.04935],[109.36409,-0.05018],[109.36469,-0.05063],[109.36514,-0.05146],[109.36536,-0.05153],[109.36566,-0.05213],[109.36589,-0.05221],[109.36589,-0.05258],[109.36619,-0.05288],[109.36634,-0.05348],[109.36664,-0.05363],[109.36716,-0.05416],[109.36739,-0.05468],[109.36784,-0.05513],[109.36829,-0.05573],[109.36859,-0.05663],[109.36889,-0.05716],[109.36902,-0.05765],[109.36949,-0.05828],[109.36949,-0.0583],[109.36953,-0.05836]],[[109.37676,-0.02063],[109.37676,-0.02085],[109.37646,-0.02115],[109.37676,-0.02145],[109.37661,-0.02175],[109.37594,-0.02138],[109.37594,-0.02048],[109.37601,-0.02033],[109.37654,-0.02025],[109.37676,-0.02063]],[[109.36904,-0.0183],[109.36896,-0.0186],[109.36814,-0.01845],[109.36799,-0.018],[109.36821,-0.0177],[109.36851,-0.01793],[109.36889,-0.018],[109.36904,-0.0183]]]},"properties":{"STREAM_ID":1}},{"type":"Feature","geometry":{"type":"Polygon","coordinates":[[[109.36604,0.02298],[109.36596,0.02265],[109.36559,0.0225],[109.36529,0.02213],[109.36529,0.02175],[109.36559,0.0216],[109.36589,0.02123],[109.36664,0.02078],[109.36686,0.0204],[109.36709,0.0204],[109.36701,0.01988],[109.36739,0.01973],[109.36769,0.01995],[109.36791,0.01965],[109.36791,0.01808],[109.36851,0.018],[109.36851,0.01763],[109.36829,0.01748],[109.36836,0.0168],[109.36784,0.01658],[109.36754,0.0159],[109.36791,0.0159],[109.36821,0.01545],[109.36821,0.015],[109.36799,0.01478],[109.36799,0.01433],[109.36836,0.01448],[109.36896,0.01448],[109.36911,0.01485],[109.36949,0.01508],[109.36949,0.01545],[109.36919,0.01568],[109.36919,0.01598],[109.36859,0.0162],[109.36881,0.01665],[109.36926,0.01688],[109.36926,0.0171],[109.36979,0.01725],[109.37074,0.01725],[109.37072,0.01821],[109.37052,0.01875],[109.3708,0.01917],[109.37104,0.021],[109.37031,0.02138],[109.37031,0.02085],[109.36979,0.02078],[109.36941,0.0213],[109.36949,0.02168],[109.36934,0.0221],[109.36814,0.02244],[109.36651,0.02286],[109.36604,0.02298]],[[109.36851,0.02108],[109.36859,0.02078],[109.36821,0.02063],[109.36799,0.02123],[109.36799,0.0216],[109.36844,0.02168],[109.36851,0.02108]]]},"properties":{"STREAM_ID":1}},{"type":"Feature","geometry":{"type":"Polygon","coordinates":[[[109.36953,-0.05836],[109.36979,-0.05858],[109.37024,-0.05873],[109.37046,-0.05821],[109.36956,-0.05761],[109.36941,-0.05738],[109.36941,-0.05678],[109.36926,-0.05671],[109.36889,-0.05603],[109.36889,-0.05573],[109.36844,-0.05476],[109.36859,-0.05446],[109.36814,-0.05408],[109.36776,-0.05393],[109.36686,-0.05303],[109.36656,-0.05221],[109.36604,-0.05168],[109.36566,-0.05101],[109.36514,-0.05026],[109.36416,-0.04928],[109.36379,-0.04898],[109.36326,-0.04823],[109.36319,-0.04793],[109.36274,-0.04748],[109.36221,-0.04718],[109.36191,-0.0465],[109.36146,-0.04613],[109.36139,-0.04583],[109.36086,-0.0456],[109.36041,-0.04515],[109.36049,-0.0447],[109.36004,-0.04463],[109.35959,-0.0447],[109.35936,-0.04425],[109.35884,-0.04403],[109.35854,-0.0435],[109.35734,-0.0426],[109.35689,-0.04215],[109.35636,-0.04148],[109.35599,-0.0411],[109.35584,-0.04073],[109.35501,-0.03983],[109.35419,-0.0393],[109.35419,-0.03915],[109.35321,-0.03803],[109.35299,-0.03728],[109.35261,-0.03705],[109.35194,-0.03615],[109.35141,-0.03525],[109.35111,-0.03443],[109.35036,-0.0333],[109.35006,-0.03315],[109.34953,-0.03188],[109.34938,-0.0318],[109.34908,-0.0312],[109.34908,-0.03098],[109.34878,-0.03053],[109.34878,-0.03023],[109.34803,-0.0288],[109.34766,-0.02783],[109.34781,-0.02753],[109.34706,-0.02678],[109.34676,-0.02633],[109.34638,-0.02558],[109.34631,-0.02498],[109.34661,-0.02453],[109.34661,-0.02355],[109.34691,-0.02333],[109.34908,-0.02333],[109.34961,-0.0231],[109.35006,-0.0231],[109.35066,-0.02295],[109.35134,-0.02295],[109.35201,-0.02258],[109.35306,-0.02258],[109.35336,-0.02235],[109.35389,-0.02235],[109.35411,-0.02205],[109.35471,-0.02205],[109.35494,-0.0219],[109.35576,-0.02198],[109.35629,-0.0216],[109.35666,-0.0216],[109.35696,-0.02205],[109.35696,-0.0225],[109.35749,-0.0225],[109.35711,-0.02205],[109.35726,-0.02175],[109.35779,-0.02168],[109.35884,-0.02175],[109.35884,-0.02213],[109.35929,-0.02205],[109.35936,-0.0216],[109.36019,-0.02078],[109.36086,-0.0207],[109.36109,-0.02085],[109.36109,-0.02138],[109.36154,-0.02168],[109.36154,-0.0213],[109.36191,-0.02115],[109.36236,-0.02115],[109.36281,-0.0213],[109.36289,-0.021],[109.36529,-0.021],[109.36589,-0.0213],[109.36656,-0.0213],[109.36686,-0.02153],[109.36686,-0.02235],[109.36701,-0.02273],[109.36746,-0.0222],[109.36746,-0.02145],[109.36799,-0.02145],[109.36859,-0.0213],[109.36881,-0.02168],[109.36926,-0.02168],[109.36971,-0.0219],[109.37054,-0.0219],[109.37114,-0.02205],[109.37151,-0.02228],[109.37151,-0.02258],[109.37226,-0.02258],[109.37264,-0.02288],[109.37316,-0.02303],[109.37406,-0.02355],[109.37564,-0.02408],[109.37601,-0.02408],[109.37631,-0.0243],[109.37646,-0.0246],[109.37691,-0.02483],[109.37729,-0.02483],[109.37751,-0.02505],[109.37819,-0.02498],[109.37849,-0.02528],[109.37924,-0.02528],[109.37984,-0.02543],[109.38044,-0.02543],[109.38141,-0.02573],[109.38209,-0.02573],[109.38224,-0.02595],[109.38231,-0.02655],[109.38194,-0.02693],[109.38201,-0.0273],[109.38239,-0.0273],[109.38254,-0.02678],[109.38293,-0.0264],[109.38315,-0.0251],[109.37956,-0.0244],[109.37607,-0.0231],[109.37678,-0.02196],[109.37701,-0.02102],[109.37699,-0.0197],[109.37741,-0.0187],[109.37793,-0.01786],[109.37803,-0.01694],[109.37813,-0.01657],[109.37878,-0.01613],[109.37882,-0.01594],[109.37837,-0.01553],[109.37763,-0.01539],[109.37755,-0.01521],[109.37796,-0.01489],[109.37858,-0.01462],[109.37896,-0.01408],[109.37894,-0.01352],[109.37834,-0.01351],[109.37826,-0.01425],[109.37766,-0.0144],[109.37736,-0.01485],[109.37729,-0.01553],[109.37796,-0.0156],[109.37826,-0.01605],[109.37766,-0.01673],[109.37774,-0.01763],[109.37721,-0.01853],[109.37676,-0.0189],[109.37669,-0.01943],[109.37601,-0.0192],[109.37601,-0.01875],[109.37669,-0.01785],[109.37654,-0.0174],[109.37661,-0.01688],[109.37624,-0.0165],[109.37586,-0.01628],[109.37594,-0.01695],[109.37556,-0.01733],[109.37541,-0.01793],[109.37556,-0.0183],[109.37534,-0.01853],[109.37541,-0.01928],[109.37511,-0.0195],[109.37489,-0.02003],[109.37451,-0.0201],[109.37481,-0.02055],[109.37526,-0.02055],[109.37534,-0.02085],[109.37496,-0.02085],[109.37444,-0.02063],[109.37421,-0.0204],[109.37331,-0.0204],[109.37301,-0.02018],[109.37294,-0.01988],[109.37256,-0.01943],[109.37264,-0.01905],[109.37294,-0.01875],[109.37294,-0.01808],[109.37256,-0.0183],[109.37226,-0.01875],[109.37219,-0.01913],[109.37189,-0.01943],[109.37174,-0.01905],[109.37174,-0.0186],[109.37189,-0.01838],[109.37136,-0.0183],[109.37144,-0.0177],[109.37204,-0.01778],[109.37219,-0.01763],[109.37219,-0.01695],[109.37241,-0.01665],[109.37279,-0.01665],[109.37286,-0.01643],[109.37346,-0.0165],[109.37361,-0.01688],[109.37354,-0.01718],[109.37316,-0.01718],[109.37301,-0.0174],[109.37384,-0.018],[109.37429,-0.01793],[109.37421,-0.01748],[109.37429,-0.01695],[109.37391,-0.0168],[109.37399,-0.01635],[109.37421,-0.01635],[109.37444,-0.01688],[109.37466,-0.01688],[109.37496,-0.0162],[109.37496,-0.01583],[109.37451,-0.0156],[109.37414,-0.01568],[109.37361,-0.01605],[109.37331,-0.01605],[109.37301,-0.01575],[109.37226,-0.01605],[109.37226,-0.01665],[109.37174,-0.01673],[109.37159,-0.0165],[109.37211,-0.01613],[109.37196,-0.01575],[109.37159,-0.01575],[109.37076,-0.01628],[109.37084,-0.01703],[109.37054,-0.01748],[109.37024,-0.0177],[109.37009,-0.0174],[109.37031,-0.01718],[109.37016,-0.01688],[109.36971,-0.01665],[109.36949,-0.0162],[109.36949,-0.01583],[109.36979,-0.01575],[109.36986,-0.0153],[109.37031,-0.0153],[109.37054,-0.01515],[109.37031,-0.01448],[109.37001,-0.01455],[109.37001,-0.01493],[109.36964,-0.01515],[109.36919,-0.01523],[109.36919,-0.01575],[109.36866,-0.01575],[109.36836,-0.0156],[109.36821,-0.01605],[109.36784,-0.01635],[109.36731,-0.01643],[109.36731,-0.01793],[109.36716,-0.0183],[109.36679,-0.01853],[109.36619,-0.01845],[109.36566,-0.01815],[109.36506,-0.01815],[109.36484,-0.01853],[109.36379,-0.01845],[109.36334,-0.01823],[109.36304,-0.01853],[109.36229,-0.01845],[109.36116,-0.01845],[109.36094,-0.01868],[109.36011,-0.01868],[109.35966,-0.0189],[109.35861,-0.01883],[109.35794,-0.01905],[109.35726,-0.01898],[109.35719,-0.01913],[109.35651,-0.01913],[109.35614,-0.01868],[109.35644,-0.01838],[109.35636,-0.01808],[109.35584,-0.01808],[109.35554,-0.01755],[109.35584,-0.0174],[109.35584,-0.0171],[109.35524,-0.01703],[109.35471,-0.0174],[109.35441,-0.01808],[109.35449,-0.0186],[109.35434,-0.01868],[109.35464,-0.01935],[109.35464,-0.0198],[109.35441,-0.0201],[109.35396,-0.02033],[109.35314,-0.02033],[109.35269,-0.0204],[109.35224,-0.02018],[109.35179,-0.02018],[109.35104,-0.02078],[109.35096,-0.02093],[109.34953,-0.02085],[109.34893,-0.02123],[109.34848,-0.02123],[109.34826,-0.02138],[109.34758,-0.0213],[109.34683,-0.0213],[109.34578,-0.02145],[109.34503,-0.0213],[109.34413,-0.02093],[109.34353,-0.02048],[109.34331,-0.02048],[109.34293,-0.02018],[109.34263,-0.0201],[109.34218,-0.0198],[109.34203,-0.01935],[109.34121,-0.01898],[109.34106,-0.01875],[109.34061,-0.0189],[109.34061,-0.01913],[109.34106,-0.01958],[109.34166,-0.01973],[109.34166,-0.02018],[109.34188,-0.02018],[109.34218,-0.02048],[109.34256,-0.02055],[109.34353,-0.02138],[109.34428,-0.02153],[109.34458,-0.02175],[109.34518,-0.02175],[109.34548,-0.02198],[109.34638,-0.02198],[109.34646,-0.02213],[109.34646,-0.02295],[109.34616,-0.02295],[109.34616,-0.02423],[109.34593,-0.02445],[109.34593,-0.02573],[109.34623,-0.02648],[109.34646,-0.02685],[109.34668,-0.02693],[109.34683,-0.02745],[109.34728,-0.02775],[109.34728,-0.02858],[109.34743,-0.02918],[109.34773,-0.02955],[109.34773,-0.02985],[109.34818,-0.03023],[109.34833,-0.03098],[109.34856,-0.03113],[109.34856,-0.03143],[109.34878,-0.03188],[109.34908,-0.03218],[109.34923,-0.03285],[109.34946,-0.03293],[109.34953,-0.03338],[109.34976,-0.03368],[109.35036,-0.03405],[109.35044,-0.03465],[109.35089,-0.03518],[109.35089,-0.03555],[109.35104,-0.03593],[109.35134,-0.03623],[109.35134,-0.03645],[109.35179,-0.03675],[109.35179,-0.03698],[109.35224,-0.03758],[109.35269,-0.03795],[109.35276,-0.03848],[109.35306,-0.03863],[109.35329,-0.03893],[109.35344,-0.03938],[109.35404,-0.04005],[109.35434,-0.04028],[109.35479,-0.04043],[109.35516,-0.04088],[109.35524,-0.04118],[109.35576,-0.04178],[109.35599,-0.04185],[109.35629,-0.04238],[109.35659,-0.04253],[109.35674,-0.04298],[109.35704,-0.04313],[109.35936,-0.04545],[109.36004,-0.0456],[109.36019,-0.04598],[109.36056,-0.04613],[109.36079,-0.04658],[109.36116,-0.04673],[109.36124,-0.04695],[109.36169,-0.04695],[109.36161,-0.04733],[109.36214,-0.04793],[109.36259,-0.04815],[109.36274,-0.04853],[109.36319,-0.04883],[109.36334,-0.04935],[109.36409,-0.05018],[109.36469,-0.05063],[109.36514,-0.05146],[109.36536,-0.05153],[109.36566,-0.05213],[109.36589,-0.05221],[109.36589,-0.05258],[109.36619,-0.05288],[109.36634,-0.05348],[109.36664,-0.05363],[109.36716,-0.05416],[109.36739,-0.05468],[109.36784,-0.05513],[109.36829,-0.05573],[109.36859,-0.05663],[109.36889,-0.05716],[109.36902,-0.05765],[109.36949,-0.05828],[109.36949,-0.0583],[109.36953,-0.05836]],[[109.37676,-0.02063],[109.37676,-0.02085],[109.37646,-0.02115],[109.37676,-0.02145],[109.37661,-0.02175],[109.37594,-0.02138],[109.37594,-0.02048],[109.37601,-0.02033],[109.37654,-0.02025],[109.37676,-0.02063]],[[109.36904,-0.0183],[109.36896,-0.0186],[109.36814,-0.01845],[109.36799,-0.018],[109.36821,-0.0177],[109.36851,-0.01793],[109.36889,-0.018],[109.36904,-0.0183]]]},"properties":{"STREAM_ID":1}},{"type":"Feature","geometry":{"type":"Polygon","coordinates":[[[109.36953,-0.05836],[109.36979,-0.05858],[109.37024,-0.05873],[109.37046,-0.05821],[109.36956,-0.05761],[109.36941,-0.05738],[109.36941,-0.05678],[109.36926,-0.05671],[109.36889,-0.05603],[109.36889,-0.05573],[109.36844,-0.05476],[109.36859,-0.05446],[109.36814,-0.05408],[109.36776,-0.05393],[109.36686,-0.05303],[109.36656,-0.05221],[109.36604,-0.05168],[109.36566,-0.05101],[109.36514,-0.05026],[109.36416,-0.04928],[109.36379,-0.04898],[109.36326,-0.04823],[109.36319,-0.04793],[109.36274,-0.04748],[109.36221,-0.04718],[109.36191,-0.0465],[109.36146,-0.04613],[109.36139,-0.04583],[109.36086,-0.0456],[109.36041,-0.04515],[109.36049,-0.0447],[109.36004,-0.04463],[109.35959,-0.0447],[109.35936,-0.04425],[109.35884,-0.04403],[109.35854,-0.0435],[109.35734,-0.0426],[109.35689,-0.04215],[109.35636,-0.04148],[109.35599,-0.0411],[109.35584,-0.04073],[109.35501,-0.03983],[109.35419,-0.0393],[109.35419,-0.03915],[109.35321,-0.03803],[109.35299,-0.03728],[109.35261,-0.03705],[109.35194,-0.03615],[109.35141,-0.03525],[109.35111,-0.03443],[109.35036,-0.0333],[109.35006,-0.03315],[109.34953,-0.03188],[109.34938,-0.0318],[109.34908,-0.0312],[109.34908,-0.03098],[109.34878,-0.03053],[109.34878,-0.03023],[109.34803,-0.0288],[109.34766,-0.02783],[109.34781,-0.02753],[109.34706,-0.02678],[109.34676,-0.02633],[109.34638,-0.02558],[109.34631,-0.02498],[109.34661,-0.02453],[109.34661,-0.02355],[109.34691,-0.02333],[109.34908,-0.02333],[109.34961,-0.0231],[109.35006,-0.0231],[109.35066,-0.02295],[109.35134,-0.02295],[109.35201,-0.02258],[109.35306,-0.02258],[109.35336,-0.02235],[109.35389,-0.02235],[109.35411,-0.02205],[109.35471,-0.02205],[109.35494,-0.0219],[109.35576,-0.02198],[109.35629,-0.0216],[109.35666,-0.0216],[109.35696,-0.02205],[109.35696,-0.0225],[109.35749,-0.0225],[109.35711,-0.02205],[109.35726,-0.02175],[109.35779,-0.02168],[109.35884,-0.02175],[109.35884,-0.02213],[109.35929,-0.02205],[109.35936,-0.0216],[109.36019,-0.02078],[109.36086,-0.0207],[109.36109,-0.02085],[109.36109,-0.02138],[109.36154,-0.02168],[109.36154,-0.0213],[109.36191,-0.02115],[109.36236,-0.02115],[109.36281,-0.0213],[109.36289,-0.021],[109.36529,-0.021],[109.36589,-0.0213],[109.36656,-0.0213],[109.36686,-0.02153],[109.36686,-0.02235],[109.36701,-0.02273],[109.36746,-0.0222],[109.36746,-0.02145],[109.36799,-0.02145],[109.36859,-0.0213],[109.36881,-0.02168],[109.36926,-0.02168],[109.36971,-0.0219],[109.37054,-0.0219],[109.37114,-0.02205],[109.37151,-0.02228],[109.37151,-0.02258],[109.37226,-0.02258],[109.37264,-0.02288],[109.37316,-0.02303],[109.37406,-0.02355],[109.37564,-0.02408],[109.37601,-0.02408],[109.37631,-0.0243],[109.37646,-0.0246],[109.37691,-0.02483],[109.37729,-0.02483],[109.37751,-0.02505],[109.37819,-0.02498],[109.37849,-0.02528],[109.37924,-0.02528],[109.37984,-0.02543],[109.38044,-0.02543],[109.38141,-0.02573],[109.38209,-0.02573],[109.38224,-0.02595],[109.38231,-0.02655],[109.38194,-0.02693],[109.38201,-0.0273],[109.38239,-0.0273],[109.38254,-0.02678],[109.38293,-0.0264],[109.38315,-0.0251],[109.37956,-0.0244],[109.37607,-0.0231],[109.37678,-0.02196],[109.37701,-0.02102],[109.37699,-0.0197],[109.37741,-0.0187],[109.37793,-0.01786],[109.37803,-0.01694],[109.37813,-0.01657],[109.37878,-0.01613],[109.37882,-0.01594],[109.37837,-0.01553],[109.37763,-0.01539],[109.37755,-0.01521],[109.37796,-0.01489],[109.37858,-0.01462],[109.37896,-0.01408],[109.37894,-0.01352],[109.37834,-0.01351],[109.37826,-0.01425],[109.37766,-0.0144],[109.37736,-0.01485],[109.37729,-0.01553],[109.37796,-0.0156],[109.37826,-0.01605],[109.37766,-0.01673],[109.37774,-0.01763],[109.37721,-0.01853],[109.37676,-0.0189],[109.37669,-0.01943],[109.37601,-0.0192],[109.37601,-0.01875],[109.37669,-0.01785],[109.37654,-0.0174],[109.37661,-0.01688],[109.37624,-0.0165],[109.37586,-0.01628],[109.37594,-0.01695],[109.37556,-0.01733],[109.37541,-0.01793],[109.37556,-0.0183],[109.37534,-0.01853],[109.37541,-0.01928],[109.37511,-0.0195],[109.37489,-0.02003],[109.37451,-0.0201],[109.37481,-0.02055],[109.37526,-0.02055],[109.37534,-0.02085],[109.37496,-0.02085],[109.37444,-0.02063],[109.37421,-0.0204],[109.37331,-0.0204],[109.37301,-0.02018],[109.37294,-0.01988],[109.37256,-0.01943],[109.37264,-0.01905],[109.37294,-0.01875],[109.37294,-0.01808],[109.37256,-0.0183],[109.37226,-0.01875],[109.37219,-0.01913],[109.37189,-0.01943],[109.37174,-0.01905],[109.37174,-0.0186],[109.37189,-0.01838],[109.37136,-0.0183],[109.37144,-0.0177],[109.37204,-0.01778],[109.37219,-0.01763],[109.37219,-0.01695],[109.37241,-0.01665],[109.37279,-0.01665],[109.37286,-0.01643],[109.37346,-0.0165],[109.37361,-0.01688],[109.37354,-0.01718],[109.37316,-0.01718],[109.37301,-0.0174],[109.37384,-0.018],[109.37429,-0.01793],[109.37421,-0.01748],[109.37429,-0.01695],[109.37391,-0.0168],[109.37399,-0.01635],[109.37421,-0.01635],[109.37444,-0.01688],[109.37466,-0.01688],[109.37496,-0.0162],[109.37496,-0.01583],[109.37451,-0.0156],[109.37414,-0.01568],[109.37361,-0.01605],[109.37331,-0.01605],[109.37301,-0.01575],[109.37226,-0.01605],[109.37226,-0.01665],[109.37174,-0.01673],[109.37159,-0.0165],[109.37211,-0.01613],[109.37196,-0.01575],[109.37159,-0.01575],[109.37076,-0.01628],[109.37084,-0.01703],[109.37054,-0.01748],[109.37024,-0.0177],[109.37009,-0.0174],[109.37031,-0.01718],[109.37016,-0.01688],[109.36971,-0.01665],[109.36949,-0.0162],[109.36949,-0.01583],[109.36979,-0.01575],[109.36986,-0.0153],[109.37031,-0.0153],[109.37054,-0.01515],[109.37031,-0.01448],[109.37001,-0.01455],[109.37001,-0.01493],[109.36964,-0.01515],[109.36919,-0.01523],[109.36919,-0.01575],[109.36866,-0.01575],[109.36836,-0.0156],[109.36821,-0.01605],[109.36784,-0.01635],[109.36731,-0.01643],[109.36731,-0.01793],[109.36716,-0.0183],[109.36679,-0.01853],[109.36619,-0.01845],[109.36566,-0.01815],[109.36506,-0.01815],[109.36484,-0.01853],[109.36379,-0.01845],[109.36334,-0.01823],[109.36304,-0.01853],[109.36229,-0.01845],[109.36116,-0.01845],[109.36094,-0.01868],[109.36011,-0.01868],[109.35966,-0.0189],[109.35861,-0.01883],[109.35794,-0.01905],[109.35726,-0.01898],[109.35719,-0.01913],[109.35651,-0.01913],[109.35614,-0.01868],[109.35644,-0.01838],[109.35636,-0.01808],[109.35584,-0.01808],[109.35554,-0.01755],[109.35584,-0.0174],[109.35584,-0.0171],[109.35524,-0.01703],[109.35471,-0.0174],[109.35441,-0.01808],[109.35449,-0.0186],[109.35434,-0.01868],[109.35464,-0.01935],[109.35464,-0.0198],[109.35441,-0.0201],[109.35396,-0.02033],[109.35314,-0.02033],[109.35269,-0.0204],[109.35224,-0.02018],[109.35179,-0.02018],[109.35104,-0.02078],[109.35096,-0.02093],[109.34953,-0.02085],[109.34893,-0.02123],[109.34848,-0.02123],[109.34826,-0.02138],[109.34758,-0.0213],[109.34683,-0.0213],[109.34578,-0.02145],[109.34503,-0.0213],[109.34413,-0.02093],[109.34353,-0.02048],[109.34331,-0.02048],[109.34293,-0.02018],[109.34263,-0.0201],[109.34218,-0.0198],[109.34203,-0.01935],[109.34121,-0.01898],[109.34106,-0.01875],[109.34061,-0.0189],[109.34061,-0.01913],[109.34106,-0.01958],[109.34166,-0.01973],[109.34166,-0.02018],[109.34188,-0.02018],[109.34218,-0.02048],[109.34256,-0.02055],[109.34353,-0.02138],[109.34428,-0.02153],[109.34458,-0.02175],[109.34518,-0.02175],[109.34548,-0.02198],[109.34638,-0.02198],[109.34646,-0.02213],[109.34646,-0.02295],[109.34616,-0.02295],[109.34616,-0.02423],[109.34593,-0.02445],[109.34593,-0.02573],[109.34623,-0.02648],[109.34646,-0.02685],[109.34668,-0.02693],[109.34683,-0.02745],[109.34728,-0.02775],[109.34728,-0.02858],[109.34743,-0.02918],[109.34773,-0.02955],[109.34773,-0.02985],[109.34818,-0.03023],[109.34833,-0.03098],[109.34856,-0.03113],[109.34856,-0.03143],[109.34878,-0.03188],[109.34908,-0.03218],[109.34923,-0.03285],[109.34946,-0.03293],[109.34953,-0.03338],[109.34976,-0.03368],[109.35036,-0.03405],[109.35044,-0.03465],[109.35089,-0.03518],[109.35089,-0.03555],[109.35104,-0.03593],[109.35134,-0.03623],[109.35134,-0.03645],[109.35179,-0.03675],[109.35179,-0.03698],[109.35224,-0.03758],[109.35269,-0.03795],[109.35276,-0.03848],[109.35306,-0.03863],[109.35329,-0.03893],[109.35344,-0.03938],[109.35404,-0.04005],[109.35434,-0.04028],[109.35479,-0.04043],[109.35516,-0.04088],[109.35524,-0.04118],[109.35576,-0.04178],[109.35599,-0.04185],[109.35629,-0.04238],[109.35659,-0.04253],[109.35674,-0.04298],[109.35704,-0.04313],[109.35936,-0.04545],[109.36004,-0.0456],[109.36019,-0.04598],[109.36056,-0.04613],[109.36079,-0.04658],[109.36116,-0.04673],[109.36124,-0.04695],[109.36169,-0.04695],[109.36161,-0.04733],[109.36214,-0.04793],[109.36259,-0.04815],[109.36274,-0.04853],[109.36319,-0.04883],[109.36334,-0.04935],[109.36409,-0.05018],[109.36469,-0.05063],[109.36514,-0.05146],[109.36536,-0.05153],[109.36566,-0.05213],[109.36589,-0.05221],[109.36589,-0.05258],[109.36619,-0.05288],[109.36634,-0.05348],[109.36664,-0.05363],[109.36716,-0.05416],[109.36739,-0.05468],[109.36784,-0.05513],[109.36829,-0.05573],[109.36859,-0.05663],[109.36889,-0.05716],[109.36902,-0.05765],[109.36949,-0.05828],[109.36949,-0.0583],[109.36953,-0.05836]],[[109.37676,-0.02063],[109.37676,-0.02085],[109.37646,-0.02115],[109.37676,-0.02145],[109.37661,-0.02175],[109.37594,-0.02138],[109.37594,-0.02048],[109.37601,-0.02033],[109.37654,-0.02025],[109.37676,-0.02063]],[[109.36904,-0.0183],[109.36896,-0.0186],[109.36814,-0.01845],[109.36799,-0.018],[109.36821,-0.0177],[109.36851,-0.01793],[109.36889,-0.018],[109.36904,-0.0183]]]},"properties":{"STREAM_ID":1}},{"type":"Feature","geometry":{"type":"Polygon","coordinates":[[[109.37586,-0.0024],[109.37526,-0.00285],[109.37511,-0.00315],[109.37451,-0.00315],[109.37444,-0.0039],[109.37406,-0.0045],[109.37369,-0.00413],[109.37331,-0.00443],[109.37204,-0.0045],[109.37181,-0.00413],[109.37106,-0.00413],[109.37099,-0.00458],[109.37114,-0.00503],[109.37069,-0.00503],[109.37039,-0.00548],[109.37084,-0.00563],[109.37084,-0.00645],[109.37091,-0.0072],[109.37114,-0.00765],[109.37099,-0.00833],[109.37114,-0.00855],[109.37151,-0.00833],[109.37219,-0.00833],[109.37234,-0.00795],[109.37204,-0.00765],[109.37174,-0.00758],[109.37151,-0.00705],[109.37181,-0.00683],[109.37196,-0.00638],[109.37196,-0.00593],[109.37166,-0.00578],[109.37256,-0.00503],[109.37354,-0.00503],[109.37376,-0.00525],[109.37376,-0.00578],[109.37406,-0.0063],[109.37354,-0.00623],[109.37301,-0.00638],[109.37256,-0.00638],[109.37241,-0.0069],[109.37286,-0.00713],[109.37286,-0.00735],[109.37316,-0.00765],[109.37316,-0.00803],[109.37331,-0.00825],[109.37376,-0.00788],[109.37369,-0.0084],[109.37384,-0.00878],[109.37384,-0.0093],[109.37354,-0.00945],[109.37331,-0.00983],[109.37241,-0.01013],[109.37226,-0.01043],[109.37144,-0.0105],[109.37136,-0.00975],[109.37099,-0.00968],[109.37106,-0.01043],[109.37091,-0.01065],[109.37091,-0.01185],[109.37166,-0.01185],[109.37144,-0.0114],[109.37129,-0.0108],[109.37159,-0.0108],[109.37174,-0.0111],[109.37241,-0.0111],[109.37249,-0.01133],[109.37286,-0.01163],[109.37339,-0.01148],[109.37339,-0.01095],[109.37294,-0.0108],[109.37316,-0.0105],[109.37369,-0.01005],[109.37421,-0.01005],[109.37466,-0.01028],[109.37496,-0.0108],[109.37496,-0.01118],[109.37519,-0.01133],[109.37556,-0.01133],[109.37579,-0.0111],[109.37631,-0.01118],[109.37646,-0.01163],[109.37624,-0.01178],[109.37624,-0.01268],[109.37639,-0.01335],[109.37676,-0.01335],[109.37699,-0.01358],[109.37744,-0.01335],[109.37744,-0.0129],[109.37774,-0.01275],[109.37781,-0.0132],[109.37729,-0.01358],[109.37729,-0.01395],[109.37751,-0.0141],[109.37772,-0.01389],[109.3776,-0.01358],[109.37807,-0.01319],[109.37841,-0.01268],[109.37833,-0.01218],[109.37745,-0.01231],[109.37738,-0.01202],[109.37772,-0.01128],[109.37799,-0.01106],[109.37786,-0.01053],[109.37781,-0.00896],[109.37745,-0.00796],[109.37691,-0.00627],[109.37649,-0.00594],[109.37639,-0.00555],[109.37609,-0.00548],[109.37609,-0.00488],[109.37594,-0.00458],[109.37571,-0.00417],[109.37594,-0.00351],[109.37575,-0.0031],[109.37604,-0.00266],[109.37586,-0.0024]],[[109.37639,-0.00638],[109.37646,-0.00668],[109.37624,-0.00683],[109.37549,-0.00683],[109.37519,-0.00705],[109.37466,-0.0069],[109.37474,-0.00623],[109.37496,-0.00585],[109.37519,-0.00585],[109.37556,-0.00638],[109.37586,-0.00638],[109.37601,-0.00615],[109.37639,-0.00638]],[[109.37571,-0.01005],[109.37571,-0.01028],[109.37511,-0.0102],[109.37511,-0.0099],[109.37549,-0.00983],[109.37571,-0.01005]]]},"properties":{"STREAM_ID":1}},{"type":"Feature","geometry":{"type":"Polygon","coordinates":[[[109.37792,-0.03285],[109.37804,-0.03255],[109.37774,-0.03248],[109.37789,-0.03173],[109.37864,-0.03173],[109.37886,-0.0312],[109.37826,-0.03105],[109.37849,-0.0306],[109.37826,-0.03],[109.37849,-0.02993],[109.37954,-0.03],[109.37946,-0.03038],[109.37946,-0.03135],[109.37939,-0.03158],[109.37856,-0.03233],[109.37856,-0.0327],[109.37875,-0.0328],[109.37953,-0.03254],[109.38006,-0.03208],[109.38006,-0.0315],[109.38051,-0.0312],[109.38112,-0.0312],[109.38158,-0.03078],[109.38186,-0.03042],[109.38215,-0.0297],[109.38164,-0.02985],[109.38066,-0.02963],[109.38044,-0.0294],[109.38044,-0.02903],[109.37961,-0.0291],[109.37931,-0.02948],[109.37879,-0.02948],[109.37834,-0.02933],[109.37834,-0.02895],[109.37819,-0.02858],[109.37759,-0.02858],[109.37759,-0.02813],[109.37721,-0.02783],[109.37691,-0.02783],[109.37654,-0.02805],[109.37669,-0.02843],[109.37699,-0.0285],[109.37699,-0.0288],[109.37721,-0.02918],[109.37759,-0.02948],[109.37766,-0.03053],[109.37736,-0.03098],[109.37736,-0.03173],[109.37714,-0.03173],[109.37676,-0.03135],[109.37631,-0.03135],[109.37594,-0.03158],[109.37594,-0.0318],[109.37699,-0.03188],[109.37721,-0.03263],[109.37758,-0.03252],[109.37789,-0.03281],[109.3779,-0.03283],[109.37792,-0.03285]]]},"properties":{"STREAM_ID":1}}]}