{"type":"FeatureCollection","name":"genangan_1m","features":[{"type":"Feature","geometry":{"type":"Polygon","coordinates":[[[109.33798,-0.00135],[109.33776,-0.0018],[109.33851,-0.0021],[109.33873,-0.0018],[109.33903,-0.00173],[109.33881,-0.00143],[109.33813,-0.00143],[109.33798,-0.00135]]]},"properties":{"STREAM_ID":1}},{"type":"Feature","geometry":{"type":"Polygon","coordinates":[[[109.36791,-0.01688],[109.36761,-0.01718],[109.36761,-0.01778],[109.36784,-0.01785],[109.36821,-0.01748],[109.36829,-0.01725],[109.36814,-0.01688],[109.36791,-0.01688]]]},"properties":{"STREAM_ID":1}},{"type":"Feature","geometry":{"type":"Polygon","coordinates":[[[109.36859,-0.05798],[109.36836,-0.05723],[109.36799,-0.05708],[109.36799,-0.05686],[109.36769,-0.05678],[109.36769,-0.05656],[109.36724,-0.05603],[109.36716,-0.05573],[109.36686,-0.05543],[109.36626,-0.05498],[109.36619,-0.05438],[109.36589,-0.05348],[109.36536,-0.05303],[109.36506,-0.05288],[109.36499,-0.05228],[109.36469,-0.05168],[109.36409,-0.05108],[109.36349,-0.05026],[109.36319,-0.05018],[109.36319,-0.04995],[109.36274,-0.04965],[109.36274,-0.04943],[109.36229,-0.04928],[109.36199,-0.04853],[109.36094,-0.04785],[109.36094,-0.04763],[109.36064,-0.04755],[109.36056,-0.04725],[109.36004,-0.04688],[109.36004,-0.04665],[109.35974,-0.04658],[109.35959,-0.04628],[109.35876,-0.04553],[109.35839,-0.04538],[109.35839,-0.04515],[109.35786,-0.04485],[109.35734,-0.04433],[109.35704,-0.04425],[109.35704,-0.04403],[109.35479,-0.04178],[109.35434,-0.04118],[109.35434,-0.04095],[109.35359,-0.04035],[109.35359,-0.04013],[109.35329,-0.03998],[109.35329,-0.03975],[109.35284,-0.03953],[109.35216,-0.03885],[109.35179,-0.03825],[109.35179,-0.03795],[109.35156,-0.03788],[109.35149,-0.03743],[109.35126,-0.03713],[109.35096,-0.03698],[109.35066,-0.03653],[109.35044,-0.03645],[109.35036,-0.03593],[109.35014,-0.03578],[109.34983,-0.03518],[109.34953,-0.03473],[109.34938,-0.03413],[109.34908,-0.03383],[109.34908,-0.03338],[109.34856,-0.03263],[109.34833,-0.03255],[109.34818,-0.03195],[109.34773,-0.03143],[109.34766,-0.03083],[109.34736,-0.03053],[109.34736,-0.03023],[109.34683,-0.02963],[109.34683,-0.02873],[109.34653,-0.02828],[109.34638,-0.02745],[109.34593,-0.02715],[109.34593,-0.02693],[109.34563,-0.02655],[109.34556,-0.02603],[109.34533,-0.02588],[109.34518,-0.02535],[109.34496,-0.02528],[109.34496,-0.02498],[109.34473,-0.02483],[109.34466,-0.02445],[109.34443,-0.02438],[109.34428,-0.02393],[109.34376,-0.02363],[109.34368,-0.02333],[109.34308,-0.02288],[109.34278,-0.02243],[109.34226,-0.02205],[109.34203,-0.02205],[109.34188,-0.02175],[109.34136,-0.02145],[109.34128,-0.02108],[109.34053,-0.02108],[109.34038,-0.02078],[109.33993,-0.02063],[109.33978,-0.02033],[109.33956,-0.02033],[109.33933,-0.02003],[109.33836,-0.01958],[109.33806,-0.01913],[109.33768,-0.01905],[109.33723,-0.01868],[109.33723,-0.01845],[109.33678,-0.01808],[109.33678,-0.01793],[109.33603,-0.01785],[109.33573,-0.01733],[109.33543,-0.01718],[109.33528,-0.01673],[109.33498,-0.01665],[109.33453,-0.01613],[109.33423,-0.01613],[109.33416,-0.01583],[109.33356,-0.01538],[109.33333,-0.01538],[109.33326,-0.01508],[109.33258,-0.01463],[109.33198,-0.01448],[109.33153,-0.01448],[109.33138,-0.01403],[109.33086,-0.01365],[109.32973,-0.01365],[109.32966,-0.01343],[109.32928,-0.01313],[109.32928,-0.01223],[109.32868,-0.01178],[109.32838,-0.01178],[109.32793,-0.01133],[109.32748,-0.01118],[109.32718,-0.01073],[109.32636,-0.01028],[109.32628,-0.01005],[109.32598,-0.01005],[109.32598,-0.00975],[109.32553,-0.00953],[109.32546,-0.00938],[109.32433,-0.00938],[109.32418,-0.00893],[109.32366,-0.00893],[109.32358,-0.00825],[109.32328,-0.00795],[109.32268,-0.00795],[109.32268,-0.00773],[109.32223,-0.00743],[109.32178,-0.00698],[109.32126,-0.00668],[109.32126,-0.00645],[109.32058,-0.00608],[109.32028,-0.00563],[109.31976,-0.00555],[109.31976,-0.00533],[109.31946,-0.00518],[109.31938,-0.00495],[109.31878,-0.00495],[109.31833,-0.00473],[109.31803,-0.00443],[109.31803,-0.00413],[109.31743,-0.00383],[109.31698,-0.00368],[109.31683,-0.00345],[109.31653,-0.00345],[109.31616,-0.00323],[109.31488,-0.00263],[109.31413,-0.00233],[109.31398,-0.00203],[109.31316,-0.00188],[109.31308,-0.00165],[109.31226,-0.00165],[109.31203,-0.00143],[109.31136,-0.00128],[109.31053,-0.00128],[109.31016,-0.00105],[109.30888,-0.00105],[109.30866,-0.00083],[109.30783,-0.00075],[109.30753,-0.00053],[109.30678,-0.00045],[109.30588,-0.00053],[109.30408,-0.00053],[109.30408,-0.00068],[109.30318,-0.00075],[109.30176,-0.00075],[109.30153,-0.00098],[109.30086,-0.00128],[109.29973,-0.00128],[109.29973,-0.00135],[109.29725,-0.00135],[109.29643,-0.00128],[109.29643,-0.00113],[109.29545,-0.00098],[109.29545,-0.00083],[109.2947,-0.00075],[109.29448,-0.00045],[109.29343,-0.00045],[109.29305,-0.00038],[109.29298,-0.00015],[109.29253,0],[109.31863,0],[109.31863,-0.00023],[109.31893,-0.00038],[109.32006,-0.00075],[109.32118,-0.00075],[109.32133,-0.00098],[109.32133,-0.00135],[109.32186,-0.00173],[109.32193,-0.00203],[109.32223,-0.00218],[109.32276,-0.00218],[109.32306,-0.00233],[109.32343,-0.00293],[109.32396,-0.00308],[109.32403,-0.00338],[109.32448,-0.00353],[109.32486,-0.00353],[109.32486,-0.00375],[109.32523,-0.00383],[109.32523,-0.00428],[109.32583,-0.00443],[109.32613,-0.00473],[109.32613,-0.00495],[109.32658,-0.00503],[109.32696,-0.00525],[109.32703,-0.00578],[109.32763,-0.00615],[109.32793,-0.00623],[109.32823,-0.00668],[109.32883,-0.00705],[109.32883,-0.00728],[109.32928,-0.00735],[109.32958,-0.00758],[109.33108,-0.00908],[109.33123,-0.00938],[109.33168,-0.00953],[109.33198,-0.00975],[109.33206,-0.01028],[109.33251,-0.01028],[109.33251,-0.01058],[109.33296,-0.01088],[109.33318,-0.01088],[109.33363,-0.01133],[109.33363,-0.01163],[109.33416,-0.01193],[109.33416,-0.01245],[109.33476,-0.01298],[109.33476,-0.01335],[109.33498,-0.01358],[109.33528,-0.01358],[109.33588,-0.01403],[109.33603,-0.01433],[109.33626,-0.01433],[109.33633,-0.01478],[109.33693,-0.01493],[109.33716,-0.01523],[109.33768,-0.01553],[109.33768,-0.01575],[109.33806,-0.01575],[109.33813,-0.01628],[109.33843,-0.01665],[109.33896,-0.01748],[109.33948,-0.01763],[109.33956,-0.01793],[109.33986,-0.01808],[109.34053,-0.01808],[109.34046,-0.01778],[109.33993,-0.01755],[109.33978,-0.01725],[109.33933,-0.01695],[109.33858,-0.01598],[109.33843,-0.01553],[109.33806,-0.01538],[109.33768,-0.01493],[109.33708,-0.0144],[109.33686,-0.0144],[109.33671,-0.0141],[109.33633,-0.01395],[109.33558,-0.0132],[109.33521,-0.01305],[109.33498,-0.01245],[109.33468,-0.0123],[109.33446,-0.012],[109.33446,-0.01155],[109.33416,-0.01125],[109.33386,-0.0108],[109.33363,-0.01073],[109.33303,-0.0102],[109.33273,-0.01013],[109.33221,-0.00945],[109.33146,-0.00885],[109.33146,-0.0087],[109.33086,-0.00803],[109.33018,-0.00743],[109.32973,-0.0072],[109.32966,-0.00705],[109.32913,-0.00675],[109.32868,-0.0063],[109.32793,-0.0057],[109.32763,-0.00533],[109.32733,-0.00518],[109.32718,-0.0048],[109.32658,-0.0045],[109.32621,-0.00405],[109.32576,-0.0039],[109.32553,-0.00345],[109.32516,-0.00315],[109.32478,-0.00315],[109.32426,-0.00263],[109.32388,-0.00255],[109.32343,-0.00218],[109.32313,-0.0018],[109.32253,-0.0018],[109.32223,-0.00158],[109.32186,-0.00113],[109.32148,-0.0003],[109.32111,-0.00038],[109.32051,-0.00038],[109.32028,-0.00023],[109.31976,-0.00015],[109.31946,0],[109.31856,0.0006],[109.31803,0.00053],[109.31766,0.00083],[109.31721,0.00098],[109.31706,0.00128],[109.31661,0.00143],[109.31623,0.00143],[109.31601,0.00158],[109.31526,0.00188],[109.31503,0.00188],[109.31443,0.00225],[109.31421,0.0021],[109.31383,0.0021],[109.31376,0.0024],[109.31308,0.00248],[109.31263,0.0024],[109.31233,0.00263],[109.31196,0.00263],[109.31143,0.00285],[109.31113,0.00323],[109.31068,0.00345],[109.31008,0.00345],[109.30963,0.00353],[109.30941,0.00398],[109.30911,0.0042],[109.30866,0.0042],[109.30858,0.00435],[109.30753,0.00428],[109.30716,0.00443],[109.30633,0.0045],[109.30611,0.00465],[109.30573,0.00465],[109.30521,0.00488],[109.30446,0.0048],[109.30431,0.00525],[109.30386,0.00503],[109.30303,0.00495],[109.30198,0.00495],[109.30108,0.00488],[109.30078,0.00518],[109.30018,0.00525],[109.29965,0.00555],[109.29928,0.006],[109.29883,0.00608],[109.29868,0.00623],[109.29823,0.00623],[109.298,0.00638],[109.29778,0.0069],[109.29688,0.00735],[109.29605,0.00788],[109.2953,0.00788],[109.29493,0.0081],[109.29418,0.00818],[109.2932,0.00818],[109.29275,0.0084],[109.29163,0.00825],[109.29058,0.00825],[109.29028,0.00833],[109.28724,0.0059],[109.28694,0.00278],[109.28693,0.0018],[109.28735,0.0018],[109.2875,0.00165],[109.28878,0.00165],[109.28908,0.00173],[109.28945,0.0015],[109.28968,0.0015],[109.29013,0.00128],[109.29035,0.00098],[109.29035,0.00045],[109.2905,0.00038],[109.29125,0.00038],[109.29155,0.00023],[109.29155,-8e-05],[109.29245,-0.00045],[109.29275,-0.00083],[109.2941,-0.00083],[109.2947,-0.0012],[109.29523,-0.00128],[109.29538,-0.00143],[109.29583,-0.00143],[109.29613,-0.00165],[109.2968,-0.00173],[109.29845,-0.00173],[109.29943,-0.0018],[109.30018,-0.00165],[109.30116,-0.00165],[109.30161,-0.0015],[109.30243,-0.00113],[109.30333,-0.00113],[109.30431,-0.00098],[109.30611,-0.00098],[109.30671,-0.0009],[109.30723,-0.00098],[109.30746,-0.00113],[109.30806,-0.0012],[109.30866,-0.00158],[109.30903,-0.0015],[109.30986,-0.0015],[109.31016,-0.00165],[109.31158,-0.0018],[109.31188,-0.00203],[109.31248,-0.00203],[109.31293,-0.00225],[109.31353,-0.0024],[109.31383,-0.0027],[109.31533,-0.00338],[109.31556,-0.00338],[109.31616,-0.00368],[109.31653,-0.00398],[109.31698,-0.00405],[109.31766,-0.00465],[109.31766,-0.00488],[109.31826,-0.00533],[109.31893,-0.00533],[109.31923,-0.0057],[109.31976,-0.006],[109.31998,-0.0063],[109.32043,-0.00653],[109.32118,-0.0072],[109.32186,-0.00788],[109.32223,-0.0081],[109.32238,-0.00848],[109.32291,-0.00833],[109.32313,-0.00855],[109.32313,-0.00908],[109.32336,-0.0093],[109.32366,-0.0093],[109.32388,-0.00968],[109.32448,-0.00998],[109.32501,-0.0099],[109.32546,-0.01013],[109.32546,-0.01043],[109.32591,-0.0105],[109.32613,-0.01073],[109.32673,-0.01103],[109.32741,-0.01178],[109.32763,-0.01178],[109.32816,-0.01208],[109.32831,-0.0123],[109.32883,-0.01268],[109.32883,-0.01298],[109.32861,-0.01328],[109.32891,-0.01343],[109.32921,-0.01388],[109.32966,-0.01425],[109.33003,-0.01425],[109.33041,-0.0141],[109.33078,-0.0144],[109.33078,-0.01455],[109.33116,-0.01485],[109.33198,-0.015],[109.33273,-0.0156],[109.33303,-0.01568],[109.33371,-0.0162],[109.33371,-0.01643],[109.33416,-0.01658],[109.33536,-0.0177],[109.33551,-0.01808],[109.33588,-0.0183],[109.33648,-0.01845],[109.33693,-0.01883],[109.33693,-0.01905],[109.33738,-0.0195],[109.33753,-0.0195],[109.33798,-0.01995],[109.33903,-0.02048],[109.33956,-0.02093],[109.33986,-0.0213],[109.34016,-0.02145],[109.34068,-0.02145],[109.34098,-0.0219],[109.34151,-0.0222],[109.34188,-0.02265],[109.34211,-0.02265],[109.34271,-0.02325],[109.34331,-0.0237],[109.34391,-0.02438],[109.34458,-0.02528],[109.34458,-0.02558],[109.34481,-0.02573],[109.34518,-0.02655],[109.34526,-0.02655],[109.34571,-0.02753],[109.34608,-0.02813],[109.34616,-0.02858],[109.34631,-0.02873],[109.34653,-0.0294],[109.34653,-0.03],[109.34683,-0.03038],[109.34728,-0.03128],[109.34728,-0.0315],[109.34818,-0.0333],[109.34856,-0.0336],[109.34871,-0.0342],[109.35014,-0.0369],[109.35096,-0.03765],[109.35141,-0.0387],[109.35179,-0.03908],[109.35179,-0.03923],[109.35231,-0.03983],[109.35246,-0.03983],[109.35299,-0.04035],[109.35329,-0.04088],[109.35381,-0.04125],[109.35389,-0.04155],[109.35441,-0.042],[109.35441,-0.04215],[109.35479,-0.0426],[109.35599,-0.0438],[109.35674,-0.0447],[109.35704,-0.04478],[109.35741,-0.04515],[109.35771,-0.0453],[109.35824,-0.0459],[109.35876,-0.04635],[109.35921,-0.04665],[109.35966,-0.0471],[109.35966,-0.04725],[109.36041,-0.04793],[109.36041,-0.04808],[109.36079,-0.04845],[109.36094,-0.04845],[109.36161,-0.04898],[109.36169,-0.04935],[109.36206,-0.04958],[109.36296,-0.05048],[109.36296,-0.05063],[109.36349,-0.05108],[109.36371,-0.05153],[109.36424,-0.05198],[109.36439,-0.05258],[109.36469,-0.05326],[109.36529,-0.05371],[109.36559,-0.05431],[109.36559,-0.05498],[109.36619,-0.05566],[109.36649,-0.05581],[109.36694,-0.05671],[109.36709,-0.05678],[109.36731,-0.05731],[109.36835,-0.05822],[109.36859,-0.05798]],[[109.29853,0.00458],[109.2986,0.0039],[109.29845,0.00375],[109.29808,0.00383],[109.29748,0.00383],[109.29665,0.00443],[109.2962,0.00525],[109.2971,0.00518],[109.29748,0.00533],[109.29763,0.00518],[109.29815,0.0051],[109.29853,0.00473],[109.29853,0.00458]]]},"properties":{"STREAM_ID":1}},{"type":"Feature","geometry":{"type":"Polygon","coordinates":[[[109.36953,-0.05836],[109.36979,-0.05858],[109.37024,-0.05873],[109.37046,-0.05843],[109.36979,-0.05783],[109.36949,-0.05776],[109.36934,-0.05746],[109.36926,-0.05678],[109.36911,-0.05671],[109.36881,-0.05611],[109.36881,-0.05581],[109.36851,-0.05521],[109.36836,-0.05513],[109.36814,-0.05468],[109.36754,-0.05401],[109.36754,-0.05386],[109.36686,-0.05326],[109.36649,-0.05243],[109.36529,-0.05078],[109.36514,-0.05041],[109.36371,-0.04898],[109.36349,-0.04853],[109.36319,-0.04815],[109.36184,-0.0468],[109.36184,-0.04665],[109.36146,-0.04628],[109.36094,-0.0459],[109.36026,-0.04523],[109.35989,-0.04508],[109.35906,-0.04425],[109.35891,-0.04425],[109.35831,-0.04358],[109.35771,-0.04298],[109.35719,-0.04253],[109.35651,-0.04185],[109.35651,-0.0417],[109.35569,-0.04088],[109.35539,-0.04035],[109.35486,-0.0399],[109.35456,-0.03975],[109.35374,-0.0387],[109.35321,-0.03818],[109.35276,-0.03728],[109.35209,-0.03653],[109.35209,-0.03638],[109.35156,-0.03578],[109.35149,-0.03548],[109.35119,-0.03503],[109.35119,-0.0348],[109.35096,-0.0345],[109.35096,-0.03428],[109.35066,-0.03368],[109.35029,-0.03345],[109.34998,-0.033],[109.34961,-0.03218],[109.34916,-0.03158],[109.34878,-0.03075],[109.34878,-0.03053],[109.34848,-0.03008],[109.34826,-0.02948],[109.34758,-0.0282],[109.34751,-0.0273],[109.34713,-0.027],[109.34668,-0.02633],[109.34646,-0.02573],[109.34631,-0.02558],[109.34631,-0.02475],[109.34653,-0.02445],[109.34653,-0.02348],[109.34706,-0.02318],[109.34923,-0.02318],[109.34968,-0.02295],[109.35029,-0.02295],[109.35059,-0.0228],[109.35126,-0.02288],[109.35156,-0.02265],[109.35201,-0.0225],[109.35299,-0.0225],[109.35329,-0.02228],[109.35374,-0.02228],[109.35404,-0.02198],[109.35479,-0.02183],[109.35584,-0.02183],[109.35621,-0.02153],[109.35674,-0.02153],[109.35689,-0.02183],[109.35741,-0.0216],[109.35831,-0.0216],[109.35876,-0.02153],[109.35914,-0.0216],[109.35944,-0.02145],[109.36034,-0.02063],[109.36094,-0.02063],[109.36146,-0.02108],[109.36184,-0.02108],[109.36236,-0.02093],[109.36274,-0.02115],[109.36289,-0.02085],[109.36356,-0.02093],[109.36446,-0.02093],[109.36514,-0.02085],[109.36581,-0.02115],[109.36761,-0.02115],[109.36784,-0.02123],[109.36814,-0.021],[109.36859,-0.021],[109.36904,-0.02153],[109.36971,-0.02175],[109.37054,-0.02175],[109.37069,-0.0219],[109.37106,-0.0219],[109.37159,-0.02213],[109.37166,-0.02235],[109.37204,-0.02235],[109.37249,-0.0225],[109.37286,-0.0228],[109.37324,-0.0228],[109.37354,-0.02303],[109.37414,-0.02333],[109.37436,-0.02333],[109.37519,-0.02363],[109.37526,-0.02378],[109.37571,-0.02393],[109.37609,-0.02393],[109.37661,-0.02423],[109.37676,-0.02453],[109.37729,-0.0246],[109.37759,-0.02483],[109.37819,-0.02475],[109.37864,-0.02513],[109.37931,-0.0252],[109.38029,-0.0252],[109.38066,-0.02528],[109.38119,-0.0255],[109.38194,-0.02558],[109.38216,-0.02543],[109.38254,-0.02543],[109.38305,-0.02573],[109.38315,-0.0251],[109.37956,-0.0244],[109.37795,-0.02379],[109.37607,-0.0231],[109.37678,-0.02196],[109.37624,-0.02183],[109.37579,-0.0213],[109.37549,-0.02108],[109.37489,-0.021],[109.37451,-0.02085],[109.37436,-0.02063],[109.37339,-0.02063],[109.37294,-0.02025],[109.37286,-0.01995],[109.37129,-0.01943],[109.37061,-0.01898],[109.36889,-0.01898],[109.36859,-0.01883],[109.36806,-0.01883],[109.36769,-0.0186],[109.36716,-0.01875],[109.36664,-0.01875],[109.36619,-0.01853],[109.36574,-0.01845],[109.36514,-0.01845],[109.36476,-0.01875],[109.36431,-0.01868],[109.36371,-0.01868],[109.36334,-0.0186],[109.36311,-0.01875],[109.36124,-0.01875],[109.36124,-0.01883],[109.36019,-0.01883],[109.35981,-0.01913],[109.35921,-0.01913],[109.35861,-0.01905],[109.35839,-0.0192],[109.35779,-0.0192],[109.35734,-0.01928],[109.35711,-0.01943],[109.35651,-0.0195],[109.35524,-0.0195],[109.35441,-0.02025],[109.35396,-0.02048],[109.35314,-0.02048],[109.35276,-0.02063],[109.35201,-0.02063],[109.35186,-0.02093],[109.35074,-0.02108],[109.35051,-0.02123],[109.34923,-0.02123],[109.34908,-0.02138],[109.34871,-0.02138],[109.34833,-0.02153],[109.34571,-0.02153],[109.34496,-0.02138],[109.34421,-0.02108],[109.34361,-0.02063],[109.34301,-0.0204],[109.34293,-0.02025],[109.34203,-0.01973],[109.34181,-0.01928],[109.34128,-0.01913],[109.34098,-0.01875],[109.34061,-0.0189],[109.34061,-0.01913],[109.34106,-0.01958],[109.34166,-0.01973],[109.34166,-0.02018],[109.34188,-0.02018],[109.34218,-0.02048],[109.34256,-0.02055],[109.34316,-0.02108],[109.34338,-0.02108],[109.34353,-0.02138],[109.34428,-0.02153],[109.34458,-0.02175],[109.34518,-0.02175],[109.34548,-0.02198],[109.34638,-0.02198],[109.34646,-0.02213],[109.34646,-0.02295],[109.34616,-0.02295],[109.34616,-0.02423],[109.34593,-0.02445],[109.34593,-0.02573],[109.34623,-0.02648],[109.34646,-0.02685],[109.34668,-0.02693],[109.34683,-0.02745],[109.34728,-0.02775],[109.34728,-0.02858],[109.34743,-0.02918],[109.34773,-0.02955],[109.34773,-0.02985],[109.34796,-0.02993],[109.34818,-0.03023],[109.34833,-0.03098],[109.34856,-0.03113],[109.34856,-0.03143],[109.34878,-0.03188],[109.34908,-0.03218],[109.34923,-0.03285],[109.34946,-0.03293],[109.34953,-0.03338],[109.34976,-0.03368],[109.35036,-0.03405],[109.35044,-0.03465],[109.35089,-0.03518],[109.35089,-0.03555],[109.35104,-0.03593],[109.35134,-0.03623],[109.35134,-0.03645],[109.35179,-0.03675],[109.35179,-0.03698],[109.35224,-0.03758],[109.35269,-0.03795],[109.35276,-0.03848],[109.35306,-0.03863],[109.35329,-0.03893],[109.35344,-0.03938],[109.35404,-0.04005],[109.35434,-0.04028],[109.35479,-0.04043],[109.35516,-0.04088],[109.35524,-0.04118],[109.35576,-0.04178],[109.35599,-0.04185],[109.35629,-0.04238],[109.35659,-0.04253],[109.35674,-0.04298],[109.35704,-0.04313],[109.35899,-0.04508],[109.35929,-0.04523],[109.35936,-0.04545],[109.36004,-0.0456],[109.36019,-0.04598],[109.36056,-0.04613],[109.36079,-0.04658],[109.36116,-0.04673],[109.36124,-0.04695],[109.36169,-0.04695],[109.36161,-0.04733],[109.36214,-0.04793],[109.36259,-0.04815],[109.36274,-0.04853],[109.36319,-0.04883],[109.36334,-0.04935],[109.36409,-0.05018],[109.36469,-0.05063],[109.36514,-0.05146],[109.36536,-0.05153],[109.36566,-0.05213],[109.36589,-0.05221],[109.36589,-0.05258],[109.36619,-0.05288],[109.36634,-0.05348],[109.36664,-0.05363],[109.36716,-0.05416],[109.36724,-0.05468],[109.36739,-0.05468],[109.36784,-0.05513],[109.36829,-0.05573],[109.36859,-0.05663],[109.36889,-0.05716],[109.36902,-0.05765],[109.36949,-0.05828],[109.36949,-0.0583],[109.36953,-0.05836]]]},"properties":{"STREAM_ID":1}},{"type":"Feature","geometry":{"type":"Polygon","coordinates":[[[109.37796,-0.01743],[109.37813,-0.01657],[109.37878,-0.01613],[109.37882,-0.01594],[109.37837,-0.01553],[109.37826,-0.01575],[109.37871,-0.01605],[109.37826,-0.01635],[109.37796,-0.01673],[109.37796,-0.01743]]]},"properties":{"STREAM_ID":1}},{"type":"Feature","geometry":{"type":"Polygon","coordinates":[[[109.37676,-0.0201],[109.37704,-0.02019],[109.37699,-0.0197],[109.37741,-0.0187],[109.37699,-0.01898],[109.37691,-0.01965],[109.37676,-0.0201]]]},"properties":{"STREAM_ID":1}},{"type":"Feature","geometry":{"type":"Polygon","coordinates":[[[109.37054,-0.05948],[109.37084,-0.05963],[109.37114,-0.06023],[109.37136,-0.06053],[109.37166,-0.06053],[109.37196,-0.06098],[109.37219,-0.06098],[109.37226,-0.06136],[109.37249,-0.06143],[109.37249,-0.06226],[109.37264,-0.06248],[109.37306,-0.06263],[109.37331,-0.06226],[109.37286,-0.06188],[109.37279,-0.06151],[109.37294,-0.06136],[109.37249,-0.06053],[109.37196,-0.06023],[109.37136,-0.05963],[109.37114,-0.05918],[109.37054,-0.05918],[109.37054,-0.05948]]]},"properties":{"STREAM_ID":1}},{"type":"Feature","geometry":{"type":"Polygon","coordinates":[[[109.37054,-0.05948],[109.37084,-0.05963],[109.37114,-0.06023],[109.37136,-0.06053],[109.37166,-0.06053],[109.37196,-0.06098],[109.37219,-0.06098],[109.37226,-0.06136],[109.37249,-0.06143],[109.37249,-0.06226],[109.37264,-0.06248],[109.37306,-0.06263],[109.37331,-0.06226],[109.37286,-0.06188],[109.37279,-0.06151],[109.37294,-0.06136],[109.37249,-0.06053],[109.37196,-0.06023],[109.37136,-0.05963],[109.37114,-0.05918],[109.37054,-0.05918],[109.37054,-0.05948]]]},"properties":{"STREAM_ID":1}},{"type":"Feature","geometry":{"type":"Polygon","coordinates":[[[109.37796,-0.01743],[109.37813,-0.01657],[109.37878,-0.01613],[109.37882,-0.01594],[109.37837,-0.01553],[109.37826,-0.01575],[109.37871,-0.01605],[109.37826,-0.01635],[109.37796,-0.01673],[109.37796,-0.01743]]]},"properties":{"STREAM_ID":1}},{"type":"Feature","geometry":{"type":"Polygon","coordinates":[[[109.36953,-0.05836],[109.36979,-0.05858],[109.37024,-0.05873],[109.37046,-0.05843],[109.36979,-0.05783],[109.36949,-0.05776],[109.36934,-0.05746],[109.36926,-0.05678],[109.36911,-0.05671],[109.36881,-0.05611],[109.36881,-0.05581],[109.36851,-0.05521],[109.36836,-0.05513],[109.36814,-0.05468],[109.36754,-0.05401],[109.36754,-0.05386],[109.36686,-0.05326],[109.36649,-0.05243],[109.36529,-0.05078],[109.36514,-0.05041],[109.36371,-0.04898],[109.36349,-0.04853],[109.36319,-0.04815],[109.36184,-0.0468],[109.36184,-0.04665],[109.36146,-0.04628],[109.36094,-0.0459],[109.36026,-0.04523],[109.35989,-0.04508],[109.35906,-0.04425],[109.35891,-0.04425],[109.35831,-0.04358],[109.35771,-0.04298],[109.35719,-0.04253],[109.35651,-0.04185],[109.35651,-0.0417],[109.35569,-0.04088],[109.35539,-0.04035],[109.35486,-0.0399],[109.35456,-0.03975],[109.35374,-0.0387],[109.35321,-0.03818],[109.35276,-0.03728],[109.35209,-0.03653],[109.35209,-0.03638],[109.35156,-0.03578],[109.35149,-0.03548],[109.35119,-0.03503],[109.35119,-0.0348],[109.35096,-0.0345],[109.35096,-0.03428],[109.35066,-0.03368],[109.35029,-0.03345],[109.34998,-0.033],[109.34961,-0.03218],[109.34916,-0.03158],[109.34878,-0.03075],[109.34878,-0.03053],[109.34848,-0.03008],[109.34826,-0.02948],[109.34758,-0.0282],[109.34751,-0.0273],[109.34713,-0.027],[109.34668,-0.02633],[109.34646,-0.02573],[109.34631,-0.02558],[109.34631,-0.02475],[109.34653,-0.02445],[109.34653,-0.02348],[109.34706,-0.02318],[109.34923,-0.02318],[109.34968,-0.02295],[109.35029,-0.02295],[109.35059,-0.0228],[109.35126,-0.02288],[109.35156,-0.02265],[109.35201,-0.0225],[109.35299,-0.0225],[109.35329,-0.02228],[109.35374,-0.02228],[109.35404,-0.02198],[109.35479,-0.02183],[109.35584,-0.02183],[109.35621,-0.02153],[109.35674,-0.02153],[109.35689,-0.02183],[109.35741,-0.0216],[109.35831,-0.0216],[109.35876,-0.02153],[109.35914,-0.0216],[109.35944,-0.02145],[109.36034,-0.02063],[109.36094,-0.02063],[109.36146,-0.02108],[109.36184,-0.02108],[109.36236,-0.02093],[109.36274,-0.02115],[109.36289,-0.02085],[109.36356,-0.02093],[109.36446,-0.02093],[109.36514,-0.02085],[109.36581,-0.02115],[109.36761,-0.02115],[109.36784,-0.02123],[109.36814,-0.021],[109.36859,-0.021],[109.36904,-0.02153],[109.36971,-0.02175],[109.37054,-0.02175],[109.37069,-0.0219],[109.37106,-0.0219],[109.37159,-0.02213],[109.37166,-0.02235],[109.37204,-0.02235],[109.37249,-0.0225],[109.37286,-0.0228],[109.37324,-0.0228],[109.37354,-0.02303],[109.37414,-0.02333],[109.37436,-0.02333],[109.37519,-0.02363],[109.37526,-0.02378],[109.37571,-0.02393],[109.37609,-0.02393],[109.37661,-0.02423],[109.37676,-0.02453],[109.37729,-0.0246],[109.37759,-0.02483],[109.37819,-0.02475],[109.37864,-0.02513],[109.37931,-0.0252],[109.38029,-0.0252],[109.38066,-0.02528],[109.38119,-0.0255],[109.38194,-0.02558],[109.38216,-0.02543],[109.38254,-0.02543],[109.38305,-0.02573],[109.38315,-0.0251],[109.37956,-0.0244],[109.37795,-0.02379],[109.37607,-0.0231],[109.37678,-0.02196],[109.37624,-0.02183],[109.37579,-0.0213],[109.37549,-0.02108],[109.37489,-0.021],[109.37451,-0.02085],[109.37436,-0.02063],[109.37339,-0.02063],[109.37294,-0.02025],[109.37286,-0.01995],[109.37129,-0.01943],[109.37061,-0.01898],[109.36889,-0.01898],[109.36859,-0.01883],[109.36806,-0.01883],[109.36769,-0.0186],[109.36716,-0.01875],[109.36664,-0.01875],[109.36619,-0.01853],[109.36574,-0.01845],[109.36514,-0.01845],[109.36476,-0.01875],[109.36431,-0.01868],[109.36371,-0.01868],[109.36334,-0.0186],[109.36311,-0.01875],[109.36124,-0.01875],[109.36124,-0.01883],[109.36019,-0.01883],[109.35981,-0.01913],[109.35921,-0.01913],[109.35861,-0.01905],[109.35839,-0.0192],[109.35779,-0.0192],[109.35734,-0.01928],[109.35711,-0.01943],[109.35651,-0.0195],[109.35524,-0.0195],[109.35441,-0.02025],[109.35396,-0.02048],[109.35314,-0.02048],[109.35276,-0.02063],[109.35201,-0.02063],[109.35186,-0.02093],[109.35074,-0.02108],[109.35051,-0.02123],[109.34923,-0.02123],[109.34908,-0.02138],[109.34871,-0.02138],[109.34833,-0.02153],[109.34571,-0.02153],[109.34496,-0.02138],[109.34421,-0.02108],[109.34361,-0.02063],[109.34301,-0.0204],[109.34293,-0.02025],[109.34203,-0.01973],[109.34181,-0.01928],[109.34128,-0.01913],[109.34098,-0.01875],[109.34061,-0.0189],[109.34061,-0.01913],[109.34106,-0.01958],[109.34166,-0.01973],[109.34166,-0.02018],[109.34188,-0.02018],[109.34218,-0.02048],[109.34256,-0.02055],[109.34316,-0.02108],[109.34338,-0.02108],[109.34353,-0.02138],[109.34428,-0.02153],[109.34458,-0.02175],[109.34518,-0.02175],[109.34548,-0.02198],[109.34638,-0.02198],[109.34646,-0.02213],[109.34646,-0.02295],[109.34616,-0.02295],[109.34616,-0.02423],[109.34593,-0.02445],[109.34593,-0.02573],[109.34623,-0.02648],[109.34646,-0.02685],[109.34668,-0.02693],[109.34683,-0.02745],[109.34728,-0.02775],[109.34728,-0.02858],[109.34743,-0.02918],[109.34773,-0.02955],[109.34773,-0.02985],[109.34796,-0.02993],[109.34818,-0.03023],[109.34833,-0.03098],[109.34856,-0.03113],[109.34856,-0.03143],[109.34878,-0.03188],[109.34908,-0.03218],[109.34923,-0.03285],[109.34946,-0.03293],[109.34953,-0.03338],[109.34976,-0.03368],[109.35036,-0.03405],[109.35044,-0.03465],[109.35089,-0.03518],[109.35089,-0.03555],[109.35104,-0.03593],[109.35134,-0.03623],[109.35134,-0.03645],[109.35179,-0.03675],[109.35179,-0.03698],[109.35224,-0.03758],[109.35269,-0.03795],[109.35276,-0.03848],[109.35306,-0.03863],[109.35329,-0.03893],[109.35344,-0.03938],[109.35404,-0.04005],[109.35434,-0.04028],[109.35479,-0.04043],[109.35516,-0.04088],[109.35524,-0.04118],[109.35576,-0.04178],[109.35599,-0.04185],[109.35629,-0.04238],[109.35659,-0.04253],[109.35674,-0.04298],[109.35704,-0.04313],[109.35899,-0.04508],[109.35929,-0.04523],[109.35936,-0.04545],[109.36004,-0.0456],[109.36019,-0.04598],[109.36056,-0.04613],[109.36079,-0.04658],[109.36116,-0.04673],[109.36124,-0.04695],[109.36169,-0.04695],[109.36161,-0.04733],[109.36214,-0.04793],[109.36259,-0.04815],[109.36274,-0.04853],[109.36319,-0.04883],[109.36334,-0.04935],[109.36409,-0.05018],[109.36469,-0.05063],[109.36514,-0.05146],[109.36536,-0.05153],[109.36566,-0.05213],[109.36589,-0.05221],[109.36589,-0.05258],[109.36619,-0.05288],[109.36634,-0.05348],[109.36664,-0.05363],[109.36716,-0.05416],[109.36724,-0.05468],[109.36739,-0.05468],[109.36784,-0.05513],[109.36829,-0.05573],[109.36859,-0.05663],[109.36889,-0.05716],[109.36902,-0.05765],[109.36949,-0.05828],[109.36949,-0.0583],[109.36953,-0.05836]]]},"properties":{"STREAM_ID":1}},{"type":"Feature","geometry":{"type":"Polygon","coordinates":[[[109.37511,-0.0108],[109.37526,-0.01103],[109.37579,-0.0108],[109.37616,-0.0108],[109.37661,-0.01095],[109.37691,-0.01118],[109.37706,-0.01163],[109.37669,-0.01185],[109.37676,-0.01245],[109.37736,-0.0126],[109.37751,-0.01245],[109.37738,-0.01202],[109.37772,-0.01128],[109.37799,-0.01106],[109.37786,-0.01053],[109.37781,-0.00945],[109.37766,-0.00923],[109.37729,-0.00923],[109.37699,-0.0096],[109.37714,-0.00998],[109.37714,-0.01065],[109.37699,-0.01088],[109.37669,-0.01088],[109.37639,-0.01058],[109.37639,-0.01028],[109.37669,-0.00998],[109.37676,-0.00968],[109.37676,-0.00893],[109.37669,-0.00863],[109.37676,-0.00818],[109.37631,-0.00818],[109.37616,-0.00855],[109.37549,-0.00855],[109.37534,-0.0087],[109.37549,-0.009],[109.37594,-0.00908],[109.37586,-0.00975],[109.37609,-0.00998],[109.37616,-0.01035],[109.37571,-0.01058],[109.37511,-0.01058],[109.37511,-0.0108]]]},"properties":{"STREAM_ID":1}},{"type":"Feature","geometry":{"type":"Polygon","coordinates":[[[109.37676,-0.0201],[109.37704,-0.02019],[109.37699,-0.0197],[109.37741,-0.0187],[109.37699,-0.01898],[109.37691,-0.01965],[109.37676,-0.0201]]]},"properties":{"STREAM_ID":1}},{"type":"Feature","geometry":{"type":"Polygon","coordinates":[[[109.37511,-0.0108],[109.37526,-0.01103],[109.37579,-0.0108],[109.37616,-0.0108],[109.37661,-0.01095],[109.37691,-0.01118],[109.37706,-0.01163],[109.37669,-0.01185],[109.37676,-0.01245],[109.37736,-0.0126],[109.37751,-0.01245],[109.37738,-0.01202],[109.37772,-0.01128],[109.37799,-0.01106],[109.37786,-0.01053],[109.37781,-0.00945],[109.37766,-0.00923],[109.37729,-0.00923],[109.37699,-0.0096],[109.37714,-0.00998],[109.37714,-0.01065],[109.37699,-0.01088],[109.37669,-0.01088],[109.37639,-0.01058],[109.37639,-0.01028],[109.37669,-0.00998],[109.37676,-0.00968],[109.37676,-0.00893],[109.37669,-0.00863],[109.37676,-0.00818],[109.37631,-0.00818],[109.37616,-0.00855],[109.37549,-0.00855],[109.37534,-0.0087],[109.37549,-0.009],[109.37594,-0.00908],[109.37586,-0.00975],[109.37609,-0.00998],[109.37616,-0.01035],[109.37571,-0.01058],[109.37511,-0.01058],[109.37511,-0.0108]]]},"properties":{"STREAM_ID":1}},{"type":"Feature","geometry":{"type":"Polygon","coordinates":[[[109.36859,-0.05798],[109.36836,-0.05723],[109.36799,-0.05708],[109.36799,-0.05686],[109.36769,-0.05678],[109.36769,-0.05656],[109.36724,-0.05603],[109.36716,-0.05573],[109.36686,-0.05543],[109.36626,-0.05498],[109.36619,-0.05438],[109.36589,-0.05348],[109.36536,-0.05303],[109.36506,-0.05288],[109.36499,-0.05228],[109.36469,-0.05168],[109.36409,-0.05108],[109.36349,-0.05026],[109.36319,-0.05018],[109.36319,-0.04995],[109.36274,-0.04965],[109.36274,-0.04943],[109.36229,-0.04928],[109.36199,-0.04853],[109.36094,-0.04785],[109.36094,-0.04763],[109.36064,-0.04755],[109.36056,-0.04725],[109.36004,-0.04688],[109.36004,-0.04665],[109.35974,-0.04658],[109.35959,-0.04628],[109.35876,-0.04553],[109.35839,-0.04538],[109.35839,-0.04515],[109.35786,-0.04485],[109.35734,-0.04433],[109.35704,-0.04425],[109.35704,-0.04403],[109.35479,-0.04178],[109.35434,-0.04118],[109.35434,-0.04095],[109.35359,-0.04035],[109.35359,-0.04013],[109.35329,-0.03998],[109.35329,-0.03975],[109.35284,-0.03953],[109.35216,-0.03885],[109.35179,-0.03825],[109.35179,-0.03795],[109.35156,-0.03788],[109.35149,-0.03743],[109.35126,-0.03713],[109.35096,-0.03698],[109.35066,-0.03653],[109.35044,-0.03645],[109.35036,-0.03593],[109.35014,-0.03578],[109.34983,-0.03518],[109.34953,-0.03473],[109.34938,-0.03413],[109.34908,-0.03383],[109.34908,-0.03338],[109.34856,-0.03263],[109.34833,-0.03255],[109.34818,-0.03195],[109.34773,-0.03143],[109.34766,-0.03083],[109.34736,-0.03053],[109.34736,-0.03023],[109.34683,-0.02963],[109.34683,-0.02873],[109.34653,-0.02828],[109.34638,-0.02745],[109.34593,-0.02715],[109.34593,-0.02693],[109.34563,-0.02655],[109.34556,-0.02603],[109.34533,-0.02588],[109.34518,-0.02535],[109.34496,-0.02528],[109.34496,-0.02498],[109.34473,-0.02483],[109.34466,-0.02445],[109.34443,-0.02438],[109.34428,-0.02393],[109.34376,-0.02363],[109.34368,-0.02333],[109.34308,-0.02288],[109.34278,-0.02243],[109.34226,-0.02205],[109.34203,-0.02205],[109.34188,-0.02175],[109.34136,-0.02145],[109.34128,-0.02108],[109.34053,-0.02108],[109.34038,-0.02078],[109.33993,-0.02063],[109.33978,-0.02033],[109.33956,-0.02033],[109.33933,-0.02003],[109.33836,-0.01958],[109.33806,-0.01913],[109.33768,-0.01905],[109.33723,-0.01868],[109.33723,-0.01845],[109.33678,-0.01808],[109.33678,-0.01793],[109.33603,-0.01785],[109.33573,-0.01733],[109.33543,-0.01718],[109.33528,-0.01673],[109.33498,-0.01665],[109.33453,-0.01613],[109.33423,-0.01613],[109.33416,-0.01583],[109.33356,-0.01538],[109.33333,-0.01538],[109.33326,-0.01508],[109.33258,-0.01463],[109.33198,-0.01448],[109.33153,-0.01448],[109.33138,-0.01403],[109.33086,-0.01365],[109.32973,-0.01365],[109.32966,-0.01343],[109.32928,-0.01313],[109.32928,-0.01223],[109.32868,-0.01178],[109.32838,-0.01178],[109.32793,-0.01133],[109.32748,-0.01118],[109.32718,-0.01073],[109.32636,-0.01028],[109.32628,-0.01005],[109.32598,-0.01005],[109.32598,-0.00975],[109.32553,-0.00953],[109.32546,-0.00938],[109.32433,-0.00938],[109.32418,-0.00893],[109.32366,-0.00893],[109.32358,-0.00825],[109.32328,-0.00795],[109.32268,-0.00795],[109.32268,-0.00773],[109.32223,-0.00743],[109.32178,-0.00698],[109.32126,-0.00668],[109.32126,-0.00645],[109.32058,-0.00608],[109.32028,-0.00563],[109.31976,-0.00555],[109.31976,-0.00533],[109.31946,-0.00518],[109.31938,-0.00495],[109.31878,-0.00495],[109.31833,-0.00473],[109.31803,-0.00443],[109.31803,-0.00413],[109.31743,-0.00383],[109.31698,-0.00368],[109.31683,-0.00345],[109.31653,-0.00345],[109.31616,-0.00323],[109.31488,-0.00263],[109.31413,-0.00233],[109.31398,-0.00203],[109.31316,-0.00188],[109.31308,-0.00165],[109.31226,-0.00165],[109.31203,-0.00143],[109.31136,-0.00128],[109.31053,-0.00128],[109.31016,-0.00105],[109.30888,-0.00105],[109.30866,-0.00083],[109.30783,-0.00075],[109.30753,-0.00053],[109.30678,-0.00045],[109.30588,-0.00053],[109.30408,-0.00053],[109.30408,-0.00068],[109.30318,-0.00075],[109.30176,-0.00075],[109.30153,-0.00098],[109.30086,-0.00128],[109.29973,-0.00128],[109.29973,-0.00135],[109.29725,-0.00135],[109.29643,-0.00128],[109.29643,-0.00113],[109.29545,-0.00098],[109.29545,-0.00083],[109.2947,-0.00075],[109.29448,-0.00045],[109.29343,-0.00045],[109.29305,-0.00038],[109.29298,-0.00015],[109.29253,0],[109.31863,0],[109.31863,-0.00023],[109.31893,-0.00038],[109.32006,-0.00075],[109.32118,-0.00075],[109.32133,-0.00098],[109.32133,-0.00135],[109.32186,-0.00173],[109.32193,-0.00203],[109.32223,-0.00218],[109.32276,-0.00218],[109.32306,-0.00233],[109.32343,-0.00293],[109.32396,-0.00308],[109.32403,-0.00338],[109.32448,-0.00353],[109.32486,-0.00353],[109.32486,-0.00375],[109.32523,-0.00383],[109.32523,-0.00428],[109.32583,-0.00443],[109.32613,-0.00473],[109.32613,-0.00495],[109.32658,-0.00503],[109.32696,-0.00525],[109.32703,-0.00578],[109.32763,-0.00615],[109.32793,-0.00623],[109.32823,-0.00668],[109.32883,-0.00705],[109.32883,-0.00728],[109.32928,-0.00735],[109.32958,-0.00758],[109.33108,-0.00908],[109.33123,-0.00938],[109.33168,-0.00953],[109.33198,-0.00975],[109.33206,-0.01028],[109.33251,-0.01028],[109.33251,-0.01058],[109.33296,-0.01088],[109.33318,-0.01088],[109.33363,-0.01133],[109.33363,-0.01163],[109.33416,-0.01193],[109.33416,-0.01245],[109.33476,-0.01298],[109.33476,-0.01335],[109.33498,-0.01358],[109.33528,-0.01358],[109.33588,-0.01403],[109.33603,-0.01433],[109.33626,-0.01433],[109.33633,-0.01478],[109.33693,-0.01493],[109.33716,-0.01523],[109.33768,-0.01553],[109.33768,-0.01575],[109.33806,-0.01575],[109.33813,-0.01628],[109.33843,-0.01665],[109.33896,-0.01748],[109.33948,-0.01763],[109.33956,-0.01793],[109.33986,-0.01808],[109.34053,-0.01808],[109.34046,-0.01778],[109.33993,-0.01755],[109.33978,-0.01725],[109.33933,-0.01695],[109.33858,-0.01598],[109.33843,-0.01553],[109.33806,-0.01538],[109.33768,-0.01493],[109.33708,-0.0144],[109.33686,-0.0144],[109.33671,-0.0141],[109.33633,-0.01395],[109.33558,-0.0132],[109.33521,-0.01305],[109.33498,-0.01245],[109.33468,-0.0123],[109.33446,-0.012],[109.33446,-0.01155],[109.33416,-0.01125],[109.33386,-0.0108],[109.33363,-0.01073],[109.33303,-0.0102],[109.33273,-0.01013],[109.33221,-0.00945],[109.33146,-0.00885],[109.33146,-0.0087],[109.33086,-0.00803],[109.33018,-0.00743],[109.32973,-0.0072],[109.32966,-0.00705],[109.32913,-0.00675],[109.32868,-0.0063],[109.32793,-0.0057],[109.32763,-0.00533],[109.32733,-0.00518],[109.32718,-0.0048],[109.32658,-0.0045],[109.32621,-0.00405],[109.32576,-0.0039],[109.32553,-0.00345],[109.32516,-0.00315],[109.32478,-0.00315],[109.32426,-0.00263],[109.32388,-0.00255],[109.32343,-0.00218],[109.32313,-0.0018],[109.32253,-0.0018],[109.32223,-0.00158],[109.32186,-0.00113],[109.32148,-0.0003],[109.32111,-0.00038],[109.32051,-0.00038],[109.32028,-0.00023],[109.31976,-0.00015],[109.31946,0],[109.31856,0.0006],[109.31803,0.00053],[109.31766,0.00083],[109.31721,0.00098],[109.31706,0.00128],[109.31661,0.00143],[109.31623,0.00143],[109.31601,0.00158],[109.31526,0.00188],[109.31503,0.00188],[109.31443,0.00225],[109.31421,0.0021],[109.31383,0.0021],[109.31376,0.0024],[109.31308,0.00248],[109.31263,0.0024],[109.31233,0.00263],[109.31196,0.00263],[109.31143,0.00285],[109.31113,0.00323],[109.31068,0.00345],[109.31008,0.00345],[109.30963,0.00353],[109.30941,0.00398],[109.30911,0.0042],[109.30866,0.0042],[109.30858,0.00435],[109.30753,0.00428],[109.30716,0.00443],[109.30633,0.0045],[109.30611,0.00465],[109.30573,0.00465],[109.30521,0.00488],[109.30446,0.0048],[109.30431,0.00525],[109.30386,0.00503],[109.30303,0.00495],[109.30198,0.00495],[109.30108,0.00488],[109.30078,0.00518],[109.30018,0.00525],[109.29965,0.00555],[109.29928,0.006],[109.29883,0.00608],[109.29868,0.00623],[109.29823,0.00623],[109.298,0.00638],[109.29778,0.0069],[109.29688,0.00735],[109.29605,0.00788],[109.2953,0.00788],[109.29493,0.0081],[109.29418,0.00818],[109.2932,0.00818],[109.29275,0.0084],[109.29163,0.00825],[109.29058,0.00825],[109.29028,0.00833],[109.28724,0.0059],[109.28694,0.00278],[109.28693,0.0018],[109.28735,0.0018],[109.2875,0.00165],[109.28878,0.00165],[109.28908,0.00173],[109.28945,0.0015],[109.28968,0.0015],[109.29013,0.00128],[109.29035,0.00098],[109.29035,0.00045],[109.2905,0.00038],[109.29125,0.00038],[109.29155,0.00023],[109.29155,-8e-05],[109.29245,-0.00045],[109.29275,-0.00083],[109.2941,-0.00083],[109.2947,-0.0012],[109.29523,-0.00128],[109.29538,-0.00143],[109.29583,-0.00143],[109.29613,-0.00165],[109.2968,-0.00173],[109.29845,-0.00173],[109.29943,-0.0018],[109.30018,-0.00165],[109.30116,-0.00165],[109.30161,-0.0015],[109.30243,-0.00113],[109.30333,-0.00113],[109.30431,-0.00098],[109.30611,-0.00098],[109.30671,-0.0009],[109.30723,-0.00098],[109.30746,-0.00113],[109.30806,-0.0012],[109.30866,-0.00158],[109.30903,-0.0015],[109.30986,-0.0015],[109.31016,-0.00165],[109.31158,-0.0018],[109.31188,-0.00203],[109.31248,-0.00203],[109.31293,-0.00225],[109.31353,-0.0024],[109.31383,-0.0027],[109.31533,-0.00338],[109.31556,-0.00338],[109.31616,-0.00368],[109.31653,-0.00398],[109.31698,-0.00405],[109.31766,-0.00465],[109.31766,-0.00488],[109.31826,-0.00533],[109.31893,-0.00533],[109.31923,-0.0057],[109.31976,-0.006],[109.31998,-0.0063],[109.32043,-0.00653],[109.32118,-0.0072],[109.32186,-0.00788],[109.32223,-0.0081],[109.32238,-0.00848],[109.32291,-0.00833],[109.32313,-0.00855],[109.32313,-0.00908],[109.32336,-0.0093],[109.32366,-0.0093],[109.32388,-0.00968],[109.32448,-0.00998],[109.32501,-0.0099],[109.32546,-0.01013],[109.32546,-0.01043],[109.32591,-0.0105],[109.32613,-0.01073],[109.32673,-0.01103],[109.32741,-0.01178],[109.32763,-0.01178],[109.32816,-0.01208],[109.32831,-0.0123],[109.32883,-0.01268],[109.32883,-0.01298],[109.32861,-0.01328],[109.32891,-0.01343],[109.32921,-0.01388],[109.32966,-0.01425],[109.33003,-0.01425],[109.33041,-0.0141],[109.33078,-0.0144],[109.33078,-0.01455],[109.33116,-0.01485],[109.33198,-0.015],[109.33273,-0.0156],[109.33303,-0.01568],[109.33371,-0.0162],[109.33371,-0.01643],[109.33416,-0.01658],[109.33536,-0.0177],[109.33551,-0.01808],[109.33588,-0.0183],[109.33648,-0.01845],[109.33693,-0.01883],[109.33693,-0.01905],[109.33738,-0.0195],[109.33753,-0.0195],[109.33798,-0.01995],[109.33903,-0.02048],[109.33956,-0.02093],[109.33986,-0.0213],[109.34016,-0.02145],[109.34068,-0.02145],[109.34098,-0.0219],[109.34151,-0.0222],[109.34188,-0.02265],[109.34211,-0.02265],[109.34271,-0.02325],[109.34331,-0.0237],[109.34391,-0.02438],[109.34458,-0.02528],[109.34458,-0.02558],[109.34481,-0.02573],[109.34518,-0.02655],[109.34526,-0.02655],[109.34571,-0.02753],[109.34608,-0.02813],[109.34616,-0.02858],[109.34631,-0.02873],[109.34653,-0.0294],[109.34653,-0.03],[109.34683,-0.03038],[109.34728,-0.03128],[109.34728,-0.0315],[109.34818,-0.0333],[109.34856,-0.0336],[109.34871,-0.0342],[109.35014,-0.0369],[109.35096,-0.03765],[109.35141,-0.0387],[109.35179,-0.03908],[109.35179,-0.03923],[109.35231,-0.03983],[109.35246,-0.03983],[109.35299,-0.04035],[109.35329,-0.04088],[109.35381,-0.04125],[109.35389,-0.04155],[109.35441,-0.042],[109.35441,-0.04215],[109.35479,-0.0426],[109.35599,-0.0438],[109.35674,-0.0447],[109.35704,-0.04478],[109.35741,-0.04515],[109.35771,-0.0453],[109.35824,-0.0459],[109.35876,-0.04635],[109.35921,-0.04665],[109.35966,-0.0471],[109.35966,-0.04725],[109.36041,-0.04793],[109.36041,-0.04808],[109.36079,-0.04845],[109.36094,-0.04845],[109.36161,-0.04898],[109.36169,-0.04935],[109.36206,-0.04958],[109.36296,-0.05048],[109.36296,-0.05063],[109.36349,-0.05108],[109.36371,-0.05153],[109.36424,-0.05198],[109.36439,-0.05258],[109.36469,-0.05326],[109.36529,-0.05371],[109.36559,-0.05431],[109.36559,-0.05498],[109.36619,-0.05566],[109.36649,-0.05581],[109.36694,-0.05671],[109.36709,-0.05678],[109.36731,-0.05731],[109.36835,-0.05822],[109.36859,-0.05798]],[[109.29853,0.00458],[109.2986,0.0039],[109.29845,0.00375],[109.29808,0.00383],[109.29748,0.00383],[109.29665,0.00443],[109.2962,0.00525],[109.2971,0.00518],[109.29748,0.00533],[109.29763,0.00518],[109.29815,0.0051],[109.29853,0.00473],[109.29853,0.00458]]]},"properties":{"STREAM_ID":1}},{"type":"Feature","geometry":{"type":"Polygon","coordinates":[[[109.36859,-0.05798],[109.36836,-0.05723],[109.36799,-0.05708],[109.36799,-0.05686],[109.36769,-0.05678],[109.36769,-0.05656],[109.36724,-0.05603],[109.36716,-0.05573],[109.36686,-0.05543],[109.36626,-0.05498],[109.36619,-0.05438],[109.36589,-0.05348],[109.36536,-0.05303],[109.36506,-0.05288],[109.36499,-0.05228],[109.36469,-0.05168],[109.36409,-0.05108],[109.36349,-0.05026],[109.36319,-0.05018],[109.36319,-0.04995],[109.36274,-0.04965],[109.36274,-0.04943],[109.36229,-0.04928],[109.36199,-0.04853],[109.36094,-0.04785],[109.36094,-0.04763],[109.36064,-0.04755],[109.36056,-0.04725],[109.36004,-0.04688],[109.36004,-0.04665],[109.35974,-0.04658],[109.35959,-0.04628],[109.35876,-0.04553],[109.35839,-0.04538],[109.35839,-0.04515],[109.35786,-0.04485],[109.35734,-0.04433],[109.35704,-0.04425],[109.35704,-0.04403],[109.35479,-0.04178],[109.35434,-0.04118],[109.35434,-0.04095],[109.35359,-0.04035],[109.35359,-0.04013],[109.35329,-0.03998],[109.35329,-0.03975],[109.35284,-0.03953],[109.35216,-0.03885],[109.35179,-0.03825],[109.35179,-0.03795],[109.35156,-0.03788],[109.35149,-0.03743],[109.35126,-0.03713],[109.35096,-0.03698],[109.35066,-0.03653],[109.35044,-0.03645],[109.35036,-0.03593],[109.35014,-0.03578],[109.34983,-0.03518],[109.34953,-0.03473],[109.34938,-0.03413],[109.34908,-0.03383],[109.34908,-0.03338],[109.34856,-0.03263],[109.34833,-0.03255],[109.34818,-0.03195],[109.34773,-0.03143],[109.34766,-0.03083],[109.34736,-0.03053],[109.34736,-0.03023],[109.34683,-0.02963],[109.34683,-0.02873],[109.34653,-0.02828],[109.34638,-0.02745],[109.34593,-0.02715],[109.34593,-0.02693],[109.34563,-0.02655],[109.34556,-0.02603],[109.34533,-0.02588],[109.34518,-0.02535],[109.34496,-0.02528],[109.34496,-0.02498],[109.34473,-0.02483],[109.34466,-0.02445],[109.34443,-0.02438],[109.34428,-0.02393],[109.34376,-0.02363],[109.34368,-0.02333],[109.34308,-0.02288],[109.34278,-0.02243],[109.34226,-0.02205],[109.34203,-0.02205],[109.34188,-0.02175],[109.34136,-0.02145],[109.34128,-0.02108],[109.34053,-0.02108],[109.34038,-0.02078],[109.33993,-0.02063],[109.33978,-0.02033],[109.33956,-0.02033],[109.33933,-0.02003],[109.33836,-0.01958],[109.33806,-0.01913],[109.33768,-0.01905],[109.33723,-0.01868],[109.33723,-0.01845],[109.33678,-0.01808],[109.33678,-0.01793],[109.33603,-0.01785],[109.33573,-0.01733],[109.33543,-0.01718],[109.33528,-0.01673],[109.33498,-0.01665],[109.33453,-0.01613],[109.33423,-0.01613],[109.33416,-0.01583],[109.33356,-0.01538],[109.33333,-0.01538],[109.33326,-0.01508],[109.33258,-0.01463],[109.33198,-0.01448],[109.33153,-0.01448],[109.33138,-0.01403],[109.33086,-0.01365],[109.32973,-0.01365],[109.32966,-0.01343],[109.32928,-0.01313],[109.32928,-0.01223],[109.32868,-0.01178],[109.32838,-0.01178],[109.32793,-0.01133],[109.32748,-0.01118],[109.32718,-0.01073],[109.32636,-0.01028],[109.32628,-0.01005],[109.32598,-0.01005],[109.32598,-0.00975],[109.32553,-0.00953],[109.32546,-0.00938],[109.32433,-0.00938],[109.32418,-0.00893],[109.32366,-0.00893],[109.32358,-0.00825],[109.32328,-0.00795],[109.32268,-0.00795],[109.32268,-0.00773],[109.32223,-0.00743],[109.32178,-0.00698],[109.32126,-0.00668],[109.32126,-0.00645],[109.32058,-0.00608],[109.32028,-0.00563],[109.31976,-0.00555],[109.31976,-0.00533],[109.31946,-0.00518],[109.31938,-0.00495],[109.31878,-0.00495],[109.31833,-0.00473],[109.31803,-0.00443],[109.31803,-0.00413],[109.31743,-0.00383],[109.31698,-0.00368],[109.31683,-0.00345],[109.31653,-0.00345],[109.31616,-0.00323],[109.31488,-0.00263],[109.31413,-0.00233],[109.31398,-0.00203],[109.31316,-0.00188],[109.31308,-0.00165],[109.31226,-0.00165],[109.31203,-0.00143],[109.31136,-0.00128],[109.31053,-0.00128],[109.31016,-0.00105],[109.30888,-0.00105],[109.30866,-0.00083],[109.30783,-0.00075],[109.30753,-0.00053],[109.30678,-0.00045],[109.30588,-0.00053],[109.30408,-0.00053],[109.30408,-0.00068],[109.30318,-0.00075],[109.30176,-0.00075],[109.30153,-0.00098],[109.30086,-0.00128],[109.29973,-0.00128],[109.29973,-0.00135],[109.29725,-0.00135],[109.29643,-0.00128],[109.29643,-0.00113],[109.29545,-0.00098],[109.29545,-0.00083],[109.2947,-0.00075],[109.29448,-0.00045],[109.29343,-0.00045],[109.29305,-0.00038],[109.29298,-0.00015],[109.29253,0],[109.31863,0],[109.31863,-0.00023],[109.31893,-0.00038],[109.32006,-0.00075],[109.32118,-0.00075],[109.32133,-0.00098],[109.32133,-0.00135],[109.32186,-0.00173],[109.32193,-0.00203],[109.32223,-0.00218],[109.32276,-0.00218],[109.32306,-0.00233],[109.32343,-0.00293],[109.32396,-0.00308],[109.32403,-0.00338],[109.32448,-0.00353],[109.32486,-0.00353],[109.32486,-0.00375],[109.32523,-0.00383],[109.32523,-0.00428],[109.32583,-0.00443],[109.32613,-0.00473],[109.32613,-0.00495],[109.32658,-0.00503],[109.32696,-0.00525],[109.32703,-0.00578],[109.32763,-0.00615],[109.32793,-0.00623],[109.32823,-0.00668],[109.32883,-0.00705],[109.32883,-0.00728],[109.32928,-0.00735],[109.32958,-0.00758],[109.33108,-0.00908],[109.33123,-0.00938],[109.33168,-0.00953],[109.33198,-0.00975],[109.33206,-0.01028],[109.33251,-0.01028],[109.33251,-0.01058],[109.33296,-0.01088],[109.33318,-0.01088],[109.33363,-0.01133],[109.33363,-0.01163],[109.33416,-0.01193],[109.33416,-0.01245],[109.33476,-0.01298],[109.33476,-0.01335],[109.33498,-0.01358],[109.33528,-0.01358],[109.33588,-0.01403],[109.33603,-0.01433],[109.33626,-0.01433],[109.33633,-0.01478],[109.33693,-0.01493],[109.33716,-0.01523],[109.33768,-0.01553],[109.33768,-0.01575],[109.33806,-0.01575],[109.33813,-0.01628],[109.33843,-0.01665],[109.33896,-0.01748],[109.33948,-0.01763],[109.33956,-0.01793],[109.33986,-0.01808],[109.34053,-0.01808],[109.34046,-0.01778],[109.33993,-0.01755],[109.33978,-0.01725],[109.33933,-0.01695],[109.33858,-0.01598],[109.33843,-0.01553],[109.33806,-0.01538],[109.33768,-0.01493],[109.33708,-0.0144],[109.33686,-0.0144],[109.33671,-0.0141],[109.33633,-0.01395],[109.33558,-0.0132],[109.33521,-0.01305],[109.33498,-0.01245],[109.33468,-0.0123],[109.33446,-0.012],[109.33446,-0.01155],[109.33416,-0.01125],[109.33386,-0.0108],[109.33363,-0.01073],[109.33303,-0.0102],[109.33273,-0.01013],[109.33221,-0.00945],[109.33146,-0.00885],[109.33146,-0.0087],[109.33086,-0.00803],[109.33018,-0.00743],[109.32973,-0.0072],[109.32966,-0.00705],[109.32913,-0.00675],[109.32868,-0.0063],[109.32793,-0.0057],[109.32763,-0.00533],[109.32733,-0.00518],[109.32718,-0.0048],[109.32658,-0.0045],[109.32621,-0.00405],[109.32576,-0.0039],[109.32553,-0.00345],[109.32516,-0.00315],[109.32478,-0.00315],[109.32426,-0.00263],[109.32388,-0.00255],[109.32343,-0.00218],[109.32313,-0.0018],[109.32253,-0.0018],[109.32223,-0.00158],[109.32186,-0.00113],[109.32148,-0.0003],[109.32111,-0.00038],[109.32051,-0.00038],[109.32028,-0.00023],[109.31976,-0.00015],[109.31946,0],[109.31856,0.0006],[109.31803,0.00053],[109.31766,0.00083],[109.31721,0.00098],[109.31706,0.00128],[109.31661,0.00143],[109.31623,0.00143],[109.31601,0.00158],[109.31526,0.00188],[109.31503,0.00188],[109.31443,0.00225],[109.31421,0.0021],[109.31383,0.0021],[109.31376,0.0024],[109.31308,0.00248],[109.31263,0.0024],[109.31233,0.00263],[109.31196,0.00263],[109.31143,0.00285],[109.31113,0.00323],[109.31068,0.00345],[109.31008,0.00345],[109.30963,0.00353],[109.30941,0.00398],[109.30911,0.0042],[109.30866,0.0042],[109.30858,0.00435],[109.30753,0.00428],[109.30716,0.00443],[109.30633,0.0045],[109.30611,0.00465],[109.30573,0.00465],[109.30521,0.00488],[109.30446,0.0048],[109.30431,0.00525],[109.30386,0.00503],[109.30303,0.00495],[109.30198,0.00495],[109.30108,0.00488],[109.30078,0.00518],[109.30018,0.00525],[109.29965,0.00555],[109.29928,0.006],[109.29883,0.00608],[109.29868,0.00623],[109.29823,0.00623],[109.298,0.00638],[109.29778,0.0069],[109.29688,0.00735],[109.29605,0.00788],[109.2953,0.00788],[109.29493,0.0081],[109.29418,0.00818],[109.2932,0.00818],[109.29275,0.0084],[109.29163,0.00825],[109.29058,0.00825],[109.29028,0.00833],[109.28724,0.0059],[109.28694,0.00278],[109.28693,0.0018],[109.28735,0.0018],[109.2875,0.00165],[109.28878,0.00165],[109.28908,0.00173],[109.28945,0.0015],[109.28968,0.0015],[109.29013,0.00128],[109.29035,0.00098],[109.29035,0.00045],[109.2905,0.00038],[109.29125,0.00038],[109.29155,0.00023],[109.29155,-8e-05],[109.29245,-0.00045],[109.29275,-0.00083],[109.2941,-0.00083],[109.2947,-0.0012],[109.29523,-0.00128],[109.29538,-0.00143],[109.29583,-0.00143],[109.29613,-0.00165],[109.2968,-0.00173],[109.29845,-0.00173],[109.29943,-0.0018],[109.30018,-0.00165],[109.30116,-0.00165],[109.30161,-0.0015],[109.30243,-0.00113],[109.30333,-0.00113],[109.30431,-0.00098],[109.30611,-0.00098],[109.30671,-0.0009],[109.30723,-0.00098],[109.30746,-0.00113],[109.30806,-0.0012],[109.30866,-0.00158],[109.30903,-0.0015],[109.30986,-0.0015],[109.31016,-0.00165],[109.31158,-0.0018],[109.31188,-0.00203],[109.31248,-0.00203],[109.31293,-0.00225],[109.31353,-0.0024],[109.31383,-0.0027],[109.31533,-0.00338],[109.31556,-0.00338],[109.31616,-0.00368],[109.31653,-0.00398],[109.31698,-0.00405],[109.31766,-0.00465],[109.31766,-0.00488],[109.31826,-0.00533],[109.31893,-0.00533],[109.31923,-0.0057],[109.31976,-0.006],[109.31998,-0.0063],[109.32043,-0.00653],[109.32118,-0.0072],[109.32186,-0.00788],[109.32223,-0.0081],[109.32238,-0.00848],[109.32291,-0.00833],[109.32313,-0.00855],[109.32313,-0.00908],[109.32336,-0.0093],[109.32366,-0.0093],[109.32388,-0.00968],[109.32448,-0.00998],[109.32501,-0.0099],[109.32546,-0.01013],[109.32546,-0.01043],[109.32591,-0.0105],[109.32613,-0.01073],[109.32673,-0.01103],[109.32741,-0.01178],[109.32763,-0.01178],[109.32816,-0.01208],[109.32831,-0.0123],[109.32883,-0.01268],[109.32883,-0.01298],[109.32861,-0.01328],[109.32891,-0.01343],[109.32921,-0.01388],[109.32966,-0.01425],[109.33003,-0.01425],[109.33041,-0.0141],[109.33078,-0.0144],[109.33078,-0.01455],[109.33116,-0.01485],[109.33198,-0.015],[109.33273,-0.0156],[109.33303,-0.01568],[109.33371,-0.0162],[109.33371,-0.01643],[109.33416,-0.01658],[109.33536,-0.0177],[109.33551,-0.01808],[109.33588,-0.0183],[109.33648,-0.01845],[109.33693,-0.01883],[109.33693,-0.01905],[109.33738,-0.0195],[109.33753,-0.0195],[109.33798,-0.01995],[109.33903,-0.02048],[109.33956,-0.02093],[109.33986,-0.0213],[109.34016,-0.02145],[109.34068,-0.02145],[109.34098,-0.0219],[109.34151,-0.0222],[109.34188,-0.02265],[109.34211,-0.02265],[109.34271,-0.02325],[109.34331,-0.0237],[109.34391,-0.02438],[109.34458,-0.02528],[109.34458,-0.02558],[109.34481,-0.02573],[109.34518,-0.02655],[109.34526,-0.02655],[109.34571,-0.02753],[109.34608,-0.02813],[109.34616,-0.02858],[109.34631,-0.02873],[109.34653,-0.0294],[109.34653,-0.03],[109.34683,-0.03038],[109.34728,-0.03128],[109.34728,-0.0315],[109.34818,-0.0333],[109.34856,-0.0336],[109.34871,-0.0342],[109.35014,-0.0369],[109.35096,-0.03765],[109.35141,-0.0387],[109.35179,-0.03908],[109.35179,-0.03923],[109.35231,-0.03983],[109.35246,-0.03983],[109.35299,-0.04035],[109.35329,-0.04088],[109.35381,-0.04125],[109.35389,-0.04155],[109.35441,-0.042],[109.35441,-0.04215],[109.35479,-0.0426],[109.35599,-0.0438],[109.35674,-0.0447],[109.35704,-0.04478],[109.35741,-0.04515],[109.35771,-0.0453],[109.35824,-0.0459],[109.35876,-0.04635],[109.35921,-0.04665],[109.35966,-0.0471],[109.35966,-0.04725],[109.36041,-0.04793],[109.36041,-0.04808],[109.36079,-0.04845],[109.36094,-0.04845],[109.36161,-0.04898],[109.36169,-0.04935],[109.36206,-0.04958],[109.36296,-0.05048],[109.36296,-0.05063],[109.36349,-0.05108],[109.36371,-0.05153],[109.36424,-0.05198],[109.36439,-0.05258],[109.36469,-0.05326],[109.36529,-0.05371],[109.36559,-0.05431],[109.36559,-0.05498],[109.36619,-0.05566],[109.36649,-0.05581],[109.36694,-0.05671],[109.36709,-0.05678],[109.36731,-0.05731],[109.36835,-0.05822],[109.36859,-0.05798]],[[109.29853,0.00458],[109.2986,0.0039],[109.29845,0.00375],[109.29808,0.00383],[109.29748,0.00383],[109.29665,0.00443],[109.2962,0.00525],[109.2971,0.00518],[109.29748,0.00533],[109.29763,0.00518],[109.29815,0.0051],[109.29853,0.00473],[109.29853,0.00458]]]},"properties":{"STREAM_ID":1}},{"type":"Feature","geometry":{"type":"Polygon","coordinates":[[[109.36859,-0.05798],[109.36836,-0.05723],[109.36799,-0.05708],[109.36799,-0.05686],[109.36769,-0.05678],[109.36769,-0.05656],[109.36724,-0.05603],[109.36716,-0.05573],[109.36686,-0.05543],[109.36626,-0.05498],[109.36619,-0.05438],[109.36589,-0.05348],[109.36536,-0.05303],[109.36506,-0.05288],[109.36499,-0.05228],[109.36469,-0.05168],[109.36409,-0.05108],[109.36349,-0.05026],[109.36319,-0.05018],[109.36319,-0.04995],[109.36274,-0.04965],[109.36274,-0.04943],[109.36229,-0.04928],[109.36199,-0.04853],[109.36094,-0.04785],[109.36094,-0.04763],[109.36064,-0.04755],[109.36056,-0.04725],[109.36004,-0.04688],[109.36004,-0.04665],[109.35974,-0.04658],[109.35959,-0.04628],[109.35876,-0.04553],[109.35839,-0.04538],[109.35839,-0.04515],[109.35786,-0.04485],[109.35734,-0.04433],[109.35704,-0.04425],[109.35704,-0.04403],[109.35479,-0.04178],[109.35434,-0.04118],[109.35434,-0.04095],[109.35359,-0.04035],[109.35359,-0.04013],[109.35329,-0.03998],[109.35329,-0.03975],[109.35284,-0.03953],[109.35216,-0.03885],[109.35179,-0.03825],[109.35179,-0.03795],[109.35156,-0.03788],[109.35149,-0.03743],[109.35126,-0.03713],[109.35096,-0.03698],[109.35066,-0.03653],[109.35044,-0.03645],[109.35036,-0.03593],[109.35014,-0.03578],[109.34983,-0.03518],[109.34953,-0.03473],[109.34938,-0.03413],[109.34908,-0.03383],[109.34908,-0.03338],[109.34856,-0.03263],[109.34833,-0.03255],[109.34818,-0.03195],[109.34773,-0.03143],[109.34766,-0.03083],[109.34736,-0.03053],[109.34736,-0.03023],[109.34683,-0.02963],[109.34683,-0.02873],[109.34653,-0.02828],[109.34638,-0.02745],[109.34593,-0.02715],[109.34593,-0.02693],[109.34563,-0.02655],[109.34556,-0.02603],[109.34533,-0.02588],[109.34518,-0.02535],[109.34496,-0.02528],[109.34496,-0.02498],[109.34473,-0.02483],[109.34466,-0.02445],[109.34443,-0.02438],[109.34428,-0.02393],[109.34376,-0.02363],[109.34368,-0.02333],[109.34308,-0.02288],[109.34278,-0.02243],[109.34226,-0.02205],[109.34203,-0.02205],[109.34188,-0.02175],[109.34136,-0.02145],[109.34128,-0.02108],[109.34053,-0.02108],[109.34038,-0.02078],[109.33993,-0.02063],[109.33978,-0.02033],[109.33956,-0.02033],[109.33933,-0.02003],[109.33836,-0.01958],[109.33806,-0.01913],[109.33768,-0.01905],[109.33723,-0.01868],[109.33723,-0.01845],[109.33678,-0.01808],[109.33678,-0.01793],[109.33603,-0.01785],[109.33573,-0.01733],[109.33543,-0.01718],[109.33528,-0.01673],[109.33498,-0.01665],[109.33453,-0.01613],[109.33423,-0.01613],[109.33416,-0.01583],[109.33356,-0.01538],[109.33333,-0.01538],[109.33326,-0.01508],[109.33258,-0.01463],[109.33198,-0.01448],[109.33153,-0.01448],[109.33138,-0.01403],[109.33086,-0.01365],[109.32973,-0.01365],[109.32966,-0.01343],[109.32928,-0.01313],[109.32928,-0.01223],[109.32868,-0.01178],[109.32838,-0.01178],[109.32793,-0.01133],[109.32748,-0.01118],[109.32718,-0.01073],[109.32636,-0.01028],[109.32628,-0.01005],[109.32598,-0.01005],[109.32598,-0.00975],[109.32553,-0.00953],[109.32546,-0.00938],[109.32433,-0.00938],[109.32418,-0.00893],[109.32366,-0.00893],[109.32358,-0.00825],[109.32328,-0.00795],[109.32268,-0.00795],[109.32268,-0.00773],[109.32223,-0.00743],[109.32178,-0.00698],[109.32126,-0.00668],[109.32126,-0.00645],[109.32058,-0.00608],[109.32028,-0.00563],[109.31976,-0.00555],[109.31976,-0.00533],[109.31946,-0.00518],[109.31938,-0.00495],[109.31878,-0.00495],[109.31833,-0.00473],[109.31803,-0.00443],[109.31803,-0.00413],[109.31743,-0.00383],[109.31698,-0.00368],[109.31683,-0.00345],[109.31653,-0.00345],[109.31616,-0.00323],[109.31488,-0.00263],[109.31413,-0.00233],[109.31398,-0.00203],[109.31316,-0.00188],[109.31308,-0.00165],[109.31226,-0.00165],[109.31203,-0.00143],[109.31136,-0.00128],[109.31053,-0.00128],[109.31016,-0.00105],[109.30888,-0.00105],[109.30866,-0.00083],[109.30783,-0.00075],[109.30753,-0.00053],[109.30678,-0.00045],[109.30588,-0.00053],[109.30408,-0.00053],[109.30408,-0.00068],[109.30318,-0.00075],[109.30176,-0.00075],[109.30153,-0.00098],[109.30086,-0.00128],[109.29973,-0.00128],[109.29973,-0.00135],[109.29725,-0.00135],[109.29643,-0.00128],[109.29643,-0.00113],[109.29545,-0.00098],[109.29545,-0.00083],[109.2947,-0.00075],[109.29448,-0.00045],[109.29343,-0.00045],[109.29305,-0.00038],[109.29298,-0.00015],[109.29253,0],[109.31863,0],[109.31863,-0.00023],[109.31893,-0.00038],[109.32006,-0.00075],[109.32118,-0.00075],[109.32133,-0.00098],[109.32133,-0.00135],[109.32186,-0.00173],[109.32193,-0.00203],[109.32223,-0.00218],[109.32276,-0.00218],[109.32306,-0.00233],[109.32343,-0.00293],[109.32396,-0.00308],[109.32403,-0.00338],[109.32448,-0.00353],[109.32486,-0.00353],[109.32486,-0.00375],[109.32523,-0.00383],[109.32523,-0.00428],[109.32583,-0.00443],[109.32613,-0.00473],[109.32613,-0.00495],[109.32658,-0.00503],[109.32696,-0.00525],[109.32703,-0.00578],[109.32763,-0.00615],[109.32793,-0.00623],[109.32823,-0.00668],[109.32883,-0.00705],[109.32883,-0.00728],[109.32928,-0.00735],[109.32958,-0.00758],[109.33108,-0.00908],[109.33123,-0.00938],[109.33168,-0.00953],[109.33198,-0.00975],[109.33206,-0.01028],[109.33251,-0.01028],[109.33251,-0.01058],[109.33296,-0.01088],[109.33318,-0.01088],[109.33363,-0.01133],[109.33363,-0.01163],[109.33416,-0.01193],[109.33416,-0.01245],[109.33476,-0.01298],[109.33476,-0.01335],[109.33498,-0.01358],[109.33528,-0.01358],[109.33588,-0.01403],[109.33603,-0.01433],[109.33626,-0.01433],[109.33633,-0.01478],[109.33693,-0.01493],[109.33716,-0.01523],[109.33768,-0.01553],[109.33768,-0.01575],[109.33806,-0.01575],[109.33813,-0.01628],[109.33843,-0.01665],[109.33896,-0.01748],[109.33948,-0.01763],[109.33956,-0.01793],[109.33986,-0.01808],[109.34053,-0.01808],[109.34046,-0.01778],[109.33993,-0.01755],[109.33978,-0.01725],[109.33933,-0.01695],[109.33858,-0.01598],[109.33843,-0.01553],[109.33806,-0.01538],[109.33768,-0.01493],[109.33708,-0.0144],[109.33686,-0.0144],[109.33671,-0.0141],[109.33633,-0.01395],[109.33558,-0.0132],[109.33521,-0.01305],[109.33498,-0.01245],[109.33468,-0.0123],[109.33446,-0.012],[109.33446,-0.01155],[109.33416,-0.01125],[109.33386,-0.0108],[109.33363,-0.01073],[109.33303,-0.0102],[109.33273,-0.01013],[109.33221,-0.00945],[109.33146,-0.00885],[109.33146,-0.0087],[109.33086,-0.00803],[109.33018,-0.00743],[109.32973,-0.0072],[109.32966,-0.00705],[109.32913,-0.00675],[109.32868,-0.0063],[109.32793,-0.0057],[109.32763,-0.00533],[109.32733,-0.00518],[109.32718,-0.0048],[109.32658,-0.0045],[109.32621,-0.00405],[109.32576,-0.0039],[109.32553,-0.00345],[109.32516,-0.00315],[109.32478,-0.00315],[109.32426,-0.00263],[109.32388,-0.00255],[109.32343,-0.00218],[109.32313,-0.0018],[109.32253,-0.0018],[109.32223,-0.00158],[109.32186,-0.00113],[109.32148,-0.0003],[109.32111,-0.00038],[109.32051,-0.00038],[109.32028,-0.00023],[109.31976,-0.00015],[109.31946,0],[109.31856,0.0006],[109.31803,0.00053],[109.31766,0.00083],[109.31721,0.00098],[109.31706,0.00128],[109.31661,0.00143],[109.31623,0.00143],[109.31601,0.00158],[109.31526,0.00188],[109.31503,0.00188],[109.31443,0.00225],[109.31421,0.0021],[109.31383,0.0021],[109.31376,0.0024],[109.31308,0.00248],[109.31263,0.0024],[109.31233,0.00263],[109.31196,0.00263],[109.31143,0.00285],[109.31113,0.00323],[109.31068,0.00345],[109.31008,0.00345],[109.30963,0.00353],[109.30941,0.00398],[109.30911,0.0042],[109.30866,0.0042],[109.30858,0.00435],[109.30753,0.00428],[109.30716,0.00443],[109.30633,0.0045],[109.30611,0.00465],[109.30573,0.00465],[109.30521,0.00488],[109.30446,0.0048],[109.30431,0.00525],[109.30386,0.00503],[109.30303,0.00495],[109.30198,0.00495],[109.30108,0.00488],[109.30078,0.00518],[109.30018,0.00525],[109.29965,0.00555],[109.29928,0.006],[109.29883,0.00608],[109.29868,0.00623],[109.29823,0.00623],[109.298,0.00638],[109.29778,0.0069],[109.29688,0.00735],[109.29605,0.00788],[109.2953,0.00788],[109.29493,0.0081],[109.29418,0.00818],[109.2932,0.00818],[109.29275,0.0084],[109.29163,0.00825],[109.29058,0.00825],[109.29028,0.00833],[109.28724,0.0059],[109.28694,0.00278],[109.28693,0.0018],[109.28735,0.0018],[109.2875,0.00165],[109.28878,0.00165],[109.28908,0.00173],[109.28945,0.0015],[109.28968,0.0015],[109.29013,0.00128],[109.29035,0.00098],[109.29035,0.00045],[109.2905,0.00038],[109.29125,0.00038],[109.29155,0.00023],[109.29155,-8e-05],[109.29245,-0.00045],[109.29275,-0.00083],[109.2941,-0.00083],[109.2947,-0.0012],[109.29523,-0.00128],[109.29538,-0.00143],[109.29583,-0.00143],[109.29613,-0.00165],[109.2968,-0.00173],[109.29845,-0.00173],[109.29943,-0.0018],[109.30018,-0.00165],[109.30116,-0.00165],[109.30161,-0.0015],[109.30243,-0.00113],[109.30333,-0.00113],[109.30431,-0.00098],[109.30611,-0.00098],[109.30671,-0.0009],[109.30723,-0.00098],[109.30746,-0.00113],[109.30806,-0.0012],[109.30866,-0.00158],[109.30903,-0.0015],[109.30986,-0.0015],[109.31016,-0.00165],[109.31158,-0.0018],[109.31188,-0.00203],[109.31248,-0.00203],[109.31293,-0.00225],[109.31353,-0.0024],[109.31383,-0.0027],[109.31533,-0.00338],[109.31556,-0.00338],[109.31616,-0.00368],[109.31653,-0.00398],[109.31698,-0.00405],[109.31766,-0.00465],[109.31766,-0.00488],[109.31826,-0.00533],[109.31893,-0.00533],[109.31923,-0.0057],[109.31976,-0.006],[109.31998,-0.0063],[109.32043,-0.00653],[109.32118,-0.0072],[109.32186,-0.00788],[109.32223,-0.0081],[109.32238,-0.00848],[109.32291,-0.00833],[109.32313,-0.00855],[109.32313,-0.00908],[109.32336,-0.0093],[109.32366,-0.0093],[109.32388,-0.00968],[109.32448,-0.00998],[109.32501,-0.0099],[109.32546,-0.01013],[109.32546,-0.01043],[109.32591,-0.0105],[109.32613,-0.01073],[109.32673,-0.01103],[109.32741,-0.01178],[109.32763,-0.01178],[109.32816,-0.01208],[109.32831,-0.0123],[109.32883,-0.01268],[109.32883,-0.01298],[109.32861,-0.01328],[109.32891,-0.01343],[109.32921,-0.01388],[109.32966,-0.01425],[109.33003,-0.01425],[109.33041,-0.0141],[109.33078,-0.0144],[109.33078,-0.01455],[109.33116,-0.01485],[109.33198,-0.015],[109.33273,-0.0156],[109.33303,-0.01568],[109.33371,-0.0162],[109.33371,-0.01643],[109.33416,-0.01658],[109.33536,-0.0177],[109.33551,-0.01808],[109.33588,-0.0183],[109.33648,-0.01845],[109.33693,-0.01883],[109.33693,-0.01905],[109.33738,-0.0195],[109.33753,-0.0195],[109.33798,-0.01995],[109.33903,-0.02048],[109.33956,-0.02093],[109.33986,-0.0213],[109.34016,-0.02145],[109.34068,-0.02145],[109.34098,-0.0219],[109.34151,-0.0222],[109.34188,-0.02265],[109.34211,-0.02265],[109.34271,-0.02325],[109.34331,-0.0237],[109.34391,-0.02438],[109.34458,-0.02528],[109.34458,-0.02558],[109.34481,-0.02573],[109.34518,-0.02655],[109.34526,-0.02655],[109.34571,-0.02753],[109.34608,-0.02813],[109.34616,-0.02858],[109.34631,-0.02873],[109.34653,-0.0294],[109.34653,-0.03],[109.34683,-0.03038],[109.34728,-0.03128],[109.34728,-0.0315],[109.34818,-0.0333],[109.34856,-0.0336],[109.34871,-0.0342],[109.35014,-0.0369],[109.35096,-0.03765],[109.35141,-0.0387],[109.35179,-0.03908],[109.35179,-0.03923],[109.35231,-0.03983],[109.35246,-0.03983],[109.35299,-0.04035],[109.35329,-0.04088],[109.35381,-0.04125],[109.35389,-0.04155],[109.35441,-0.042],[109.35441,-0.04215],[109.35479,-0.0426],[109.35599,-0.0438],[109.35674,-0.0447],[109.35704,-0.04478],[109.35741,-0.04515],[109.35771,-0.0453],[109.35824,-0.0459],[109.35876,-0.04635],[109.35921,-0.04665],[109.35966,-0.0471],[109.35966,-0.04725],[109.36041,-0.04793],[109.36041,-0.04808],[109.36079,-0.04845],[109.36094,-0.04845],[109.36161,-0.04898],[109.36169,-0.04935],[109.36206,-0.04958],[109.36296,-0.05048],[109.36296,-0.05063],[109.36349,-0.05108],[109.36371,-0.05153],[109.36424,-0.05198],[109.36439,-0.05258],[109.36469,-0.05326],[109.36529,-0.05371],[109.36559,-0.05431],[109.36559,-0.05498],[109.36619,-0.05566],[109.36649,-0.05581],[109.36694,-0.05671],[109.36709,-0.05678],[109.36731,-0.05731],[109.36835,-0.05822],[109.36859,-0.05798]],[[109.29853,0.00458],[109.2986,0.0039],[109.29845,0.00375],[109.29808,0.00383],[109.29748,0.00383],[109.29665,0.00443],[109.2962,0.00525],[109.2971,0.00518],[109.29748,0.00533],[109.29763,0.00518],[109.29815,0.0051],[109.29853,0.00473],[109.29853,0.00458]]]},"properties":{"STREAM_ID":1}},{"type":"Feature","geometry":{"type":"Polygon","coordinates":[[[109.37054,-0.05948],[109.37084,-0.05963],[109.37114,-0.06023],[109.37136,-0.06053],[109.37166,-0.06053],[109.37196,-0.06098],[109.37219,-0.06098],[109.37226,-0.06136],[109.37249,-0.06143],[109.37249,-0.06226],[109.37264,-0.06248],[109.37306,-0.06263],[109.37331,-0.06226],[109.37286,-0.06188],[109.37279,-0.06151],[109.37294,-0.06136],[109.37249,-0.06053],[109.37196,-0.06023],[109.37136,-0.05963],[109.37114,-0.05918],[109.37054,-0.05918],[109.37054,-0.05948]]]},"properties":{"STREAM_ID":1}},{"type":"Feature","geometry":{"type":"Polygon","coordinates":[[[109.37511,-0.0108],[109.37526,-0.01103],[109.37579,-0.0108],[109.37616,-0.0108],[109.37661,-0.01095],[109.37691,-0.01118],[109.37706,-0.01163],[109.37669,-0.01185],[109.37676,-0.01245],[109.37736,-0.0126],[109.37751,-0.01245],[109.37738,-0.01202],[109.37772,-0.01128],[109.37799,-0.01106],[109.37786,-0.01053],[109.37781,-0.00945],[109.37766,-0.00923],[109.37729,-0.00923],[109.37699,-0.0096],[109.37714,-0.00998],[109.37714,-0.01065],[109.37699,-0.01088],[109.37669,-0.01088],[109.37639,-0.01058],[109.37639,-0.01028],[109.37669,-0.00998],[109.37676,-0.00968],[109.37676,-0.00893],[109.37669,-0.00863],[109.37676,-0.00818],[109.37631,-0.00818],[109.37616,-0.00855],[109.37549,-0.00855],[109.37534,-0.0087],[109.37549,-0.009],[109.37594,-0.00908],[109.37586,-0.00975],[109.37609,-0.00998],[109.37616,-0.01035],[109.37571,-0.01058],[109.37511,-0.01058],[109.37511,-0.0108]]]},"properties":{"STREAM_ID":1}},{"type":"Feature","geometry":{"type":"Polygon","coordinates":[[[109.37676,-0.0201],[109.37704,-0.02019],[109.37699,-0.0197],[109.37741,-0.0187],[109.37699,-0.01898],[109.37691,-0.01965],[109.37676,-0.0201]]]},"properties":{"STREAM_ID":1}},{"type":"Feature","geometry":{"type":"Polygon","coordinates":[[[109.36953,-0.05836],[109.36979,-0.05858],[109.37024,-0.05873],[109.37046,-0.05843],[109.36979,-0.05783],[109.36949,-0.05776],[109.36934,-0.05746],[109.36926,-0.05678],[109.36911,-0.05671],[109.36881,-0.05611],[109.36881,-0.05581],[109.36851,-0.05521],[109.36836,-0.05513],[109.36814,-0.05468],[109.36754,-0.05401],[109.36754,-0.05386],[109.36686,-0.05326],[109.36649,-0.05243],[109.36529,-0.05078],[109.36514,-0.05041],[109.36371,-0.04898],[109.36349,-0.04853],[109.36319,-0.04815],[109.36184,-0.0468],[109.36184,-0.04665],[109.36146,-0.04628],[109.36094,-0.0459],[109.36026,-0.04523],[109.35989,-0.04508],[109.35906,-0.04425],[109.35891,-0.04425],[109.35831,-0.04358],[109.35771,-0.04298],[109.35719,-0.04253],[109.35651,-0.04185],[109.35651,-0.0417],[109.35569,-0.04088],[109.35539,-0.04035],[109.35486,-0.0399],[109.35456,-0.03975],[109.35374,-0.0387],[109.35321,-0.03818],[109.35276,-0.03728],[109.35209,-0.03653],[109.35209,-0.03638],[109.35156,-0.03578],[109.35149,-0.03548],[109.35119,-0.03503],[109.35119,-0.0348],[109.35096,-0.0345],[109.35096,-0.03428],[109.35066,-0.03368],[109.35029,-0.03345],[109.34998,-0.033],[109.34961,-0.03218],[109.34916,-0.03158],[109.34878,-0.03075],[109.34878,-0.03053],[109.34848,-0.03008],[109.34826,-0.02948],[109.34758,-0.0282],[109.34751,-0.0273],[109.34713,-0.027],[109.34668,-0.02633],[109.34646,-0.02573],[109.34631,-0.02558],[109.34631,-0.02475],[109.34653,-0.02445],[109.34653,-0.02348],[109.34706,-0.02318],[109.34923,-0.02318],[109.34968,-0.02295],[109.35029,-0.02295],[109.35059,-0.0228],[109.35126,-0.02288],[109.35156,-0.02265],[109.35201,-0.0225],[109.35299,-0.0225],[109.35329,-0.02228],[109.35374,-0.02228],[109.35404,-0.02198],[109.35479,-0.02183],[109.35584,-0.02183],[109.35621,-0.02153],[109.35674,-0.02153],[109.35689,-0.02183],[109.35741,-0.0216],[109.35831,-0.0216],[109.35876,-0.02153],[109.35914,-0.0216],[109.35944,-0.02145],[109.36034,-0.02063],[109.36094,-0.02063],[109.36146,-0.02108],[109.36184,-0.02108],[109.36236,-0.02093],[109.36274,-0.02115],[109.36289,-0.02085],[109.36356,-0.02093],[109.36446,-0.02093],[109.36514,-0.02085],[109.36581,-0.02115],[109.36761,-0.02115],[109.36784,-0.02123],[109.36814,-0.021],[109.36859,-0.021],[109.36904,-0.02153],[109.36971,-0.02175],[109.37054,-0.02175],[109.37069,-0.0219],[109.37106,-0.0219],[109.37159,-0.02213],[109.37166,-0.02235],[109.37204,-0.02235],[109.37249,-0.0225],[109.37286,-0.0228],[109.37324,-0.0228],[109.37354,-0.02303],[109.37414,-0.02333],[109.37436,-0.02333],[109.37519,-0.02363],[109.37526,-0.02378],[109.37571,-0.02393],[109.37609,-0.02393],[109.37661,-0.02423],[109.37676,-0.02453],[109.37729,-0.0246],[109.37759,-0.02483],[109.37819,-0.02475],[109.37864,-0.02513],[109.37931,-0.0252],[109.38029,-0.0252],[109.38066,-0.02528],[109.38119,-0.0255],[109.38194,-0.02558],[109.38216,-0.02543],[109.38254,-0.02543],[109.38305,-0.02573],[109.38315,-0.0251],[109.37956,-0.0244],[109.37795,-0.02379],[109.37607,-0.0231],[109.37678,-0.02196],[109.37624,-0.02183],[109.37579,-0.0213],[109.37549,-0.02108],[109.37489,-0.021],[109.37451,-0.02085],[109.37436,-0.02063],[109.37339,-0.02063],[109.37294,-0.02025],[109.37286,-0.01995],[109.37129,-0.01943],[109.37061,-0.01898],[109.36889,-0.01898],[109.36859,-0.01883],[109.36806,-0.01883],[109.36769,-0.0186],[109.36716,-0.01875],[109.36664,-0.01875],[109.36619,-0.01853],[109.36574,-0.01845],[109.36514,-0.01845],[109.36476,-0.01875],[109.36431,-0.01868],[109.36371,-0.01868],[109.36334,-0.0186],[109.36311,-0.01875],[109.36124,-0.01875],[109.36124,-0.01883],[109.36019,-0.01883],[109.35981,-0.01913],[109.35921,-0.01913],[109.35861,-0.01905],[109.35839,-0.0192],[109.35779,-0.0192],[109.35734,-0.01928],[109.35711,-0.01943],[109.35651,-0.0195],[109.35524,-0.0195],[109.35441,-0.02025],[109.35396,-0.02048],[109.35314,-0.02048],[109.35276,-0.02063],[109.35201,-0.02063],[109.35186,-0.02093],[109.35074,-0.02108],[109.35051,-0.02123],[109.34923,-0.02123],[109.34908,-0.02138],[109.34871,-0.02138],[109.34833,-0.02153],[109.34571,-0.02153],[109.34496,-0.02138],[109.34421,-0.02108],[109.34361,-0.02063],[109.34301,-0.0204],[109.34293,-0.02025],[109.34203,-0.01973],[109.34181,-0.01928],[109.34128,-0.01913],[109.34098,-0.01875],[109.34061,-0.0189],[109.34061,-0.01913],[109.34106,-0.01958],[109.34166,-0.01973],[109.34166,-0.02018],[109.34188,-0.02018],[109.34218,-0.02048],[109.34256,-0.02055],[109.34316,-0.02108],[109.34338,-0.02108],[109.34353,-0.02138],[109.34428,-0.02153],[109.34458,-0.02175],[109.34518,-0.02175],[109.34548,-0.02198],[109.34638,-0.02198],[109.34646,-0.02213],[109.34646,-0.02295],[109.34616,-0.02295],[109.34616,-0.02423],[109.34593,-0.02445],[109.34593,-0.02573],[109.34623,-0.02648],[109.34646,-0.02685],[109.34668,-0.02693],[109.34683,-0.02745],[109.34728,-0.02775],[109.34728,-0.02858],[109.34743,-0.02918],[109.34773,-0.02955],[109.34773,-0.02985],[109.34796,-0.02993],[109.34818,-0.03023],[109.34833,-0.03098],[109.34856,-0.03113],[109.34856,-0.03143],[109.34878,-0.03188],[109.34908,-0.03218],[109.34923,-0.03285],[109.34946,-0.03293],[109.34953,-0.03338],[109.34976,-0.03368],[109.35036,-0.03405],[109.35044,-0.03465],[109.35089,-0.03518],[109.35089,-0.03555],[109.35104,-0.03593],[109.35134,-0.03623],[109.35134,-0.03645],[109.35179,-0.03675],[109.35179,-0.03698],[109.35224,-0.03758],[109.35269,-0.03795],[109.35276,-0.03848],[109.35306,-0.03863],[109.35329,-0.03893],[109.35344,-0.03938],[109.35404,-0.04005],[109.35434,-0.04028],[109.35479,-0.04043],[109.35516,-0.04088],[109.35524,-0.04118],[109.35576,-0.04178],[109.35599,-0.04185],[109.35629,-0.04238],[109.35659,-0.04253],[109.35674,-0.04298],[109.35704,-0.04313],[109.35899,-0.04508],[109.35929,-0.04523],[109.35936,-0.04545],[109.36004,-0.0456],[109.36019,-0.04598],[109.36056,-0.04613],[109.36079,-0.04658],[109.36116,-0.04673],[109.36124,-0.04695],[109.36169,-0.04695],[109.36161,-0.04733],[109.36214,-0.04793],[109.36259,-0.04815],[109.36274,-0.04853],[109.36319,-0.04883],[109.36334,-0.04935],[109.36409,-0.05018],[109.36469,-0.05063],[109.36514,-0.05146],[109.36536,-0.05153],[109.36566,-0.05213],[109.36589,-0.05221],[109.36589,-0.05258],[109.36619,-0.05288],[109.36634,-0.05348],[109.36664,-0.05363],[109.36716,-0.05416],[109.36724,-0.05468],[109.36739,-0.05468],[109.36784,-0.05513],[109.36829,-0.05573],[109.36859,-0.05663],[109.36889,-0.05716],[109.36902,-0.05765],[109.36949,-0.05828],[109.36949,-0.0583],[109.36953,-0.05836]]]},"properties":{"STREAM_ID":1}},{"type":"Feature","geometry":{"type":"Polygon","coordinates":[[[109.37796,-0.01743],[109.37813,-0.01657],[109.37878,-0.01613],[109.37882,-0.01594],[109.37837,-0.01553],[109.37826,-0.01575],[109.37871,-0.01605],[109.37826,-0.01635],[109.37796,-0.01673],[109.37796,-0.01743]]]},"properties":{"STREAM_ID":1}},{"type":"Feature","geometry":{"type":"Polygon","coordinates":[[[109.37511,-0.0108],[109.37526,-0.01103],[109.37579,-0.0108],[109.37616,-0.0108],[109.37661,-0.01095],[109.37691,-0.01118],[109.37706,-0.01163],[109.37669,-0.01185],[109.37676,-0.01245],[109.37736,-0.0126],[109.37751,-0.01245],[109.37738,-0.01202],[109.37772,-0.01128],[109.37799,-0.01106],[109.37786,-0.01053],[109.37781,-0.00945],[109.37766,-0.00923],[109.37729,-0.00923],[109.37699,-0.0096],[109.37714,-0.00998],[109.37714,-0.01065],[109.37699,-0.01088],[109.37669,-0.01088],[109.37639,-0.01058],[109.37639,-0.01028],[109.37669,-0.00998],[109.37676,-0.00968],[109.37676,-0.00893],[109.37669,-0.00863],[109.37676,-0.00818],[109.37631,-0.00818],[109.37616,-0.00855],[109.37549,-0.00855],[109.37534,-0.0087],[109.37549,-0.009],[109.37594,-0.00908],[109.37586,-0.00975],[109.37609,-0.00998],[109.37616,-0.01035],[109.37571,-0.01058],[109.37511,-0.01058],[109.37511,-0.0108]]]},"properties":{"STREAM_ID":1}},{"type":"Feature","geometry":{"type":"Polygon","coordinates":[[[109.36953,-0.05836],[109.36979,-0.05858],[109.37024,-0.05873],[109.37046,-0.05843],[109.36979,-0.05783],[109.36949,-0.05776],[109.36934,-0.05746],[109.36926,-0.05678],[109.36911,-0.05671],[109.36881,-0.05611],[109.36881,-0.05581],[109.36851,-0.05521],[109.36836,-0.05513],[109.36814,-0.05468],[109.36754,-0.05401],[109.36754,-0.05386],[109.36686,-0.05326],[109.36649,-0.05243],[109.36529,-0.05078],[109.36514,-0.05041],[109.36371,-0.04898],[109.36349,-0.04853],[109.36319,-0.04815],[109.36184,-0.0468],[109.36184,-0.04665],[109.36146,-0.04628],[109.36094,-0.0459],[109.36026,-0.04523],[109.35989,-0.04508],[109.35906,-0.04425],[109.35891,-0.04425],[109.35831,-0.04358],[109.35771,-0.04298],[109.35719,-0.04253],[109.35651,-0.04185],[109.35651,-0.0417],[109.35569,-0.04088],[109.35539,-0.04035],[109.35486,-0.0399],[109.35456,-0.03975],[109.35374,-0.0387],[109.35321,-0.03818],[109.35276,-0.03728],[109.35209,-0.03653],[109.35209,-0.03638],[109.35156,-0.03578],[109.35149,-0.03548],[109.35119,-0.03503],[109.35119,-0.0348],[109.35096,-0.0345],[109.35096,-0.03428],[109.35066,-0.03368],[109.35029,-0.03345],[109.34998,-0.033],[109.34961,-0.03218],[109.34916,-0.03158],[109.34878,-0.03075],[109.34878,-0.03053],[109.34848,-0.03008],[109.34826,-0.02948],[109.34758,-0.0282],[109.34751,-0.0273],[109.34713,-0.027],[109.34668,-0.02633],[109.34646,-0.02573],[109.34631,-0.02558],[109.34631,-0.02475],[109.34653,-0.02445],[109.34653,-0.02348],[109.34706,-0.02318],[109.34923,-0.02318],[109.34968,-0.02295],[109.35029,-0.02295],[109.35059,-0.0228],[109.35126,-0.02288],[109.35156,-0.02265],[109.35201,-0.0225],[109.35299,-0.0225],[109.35329,-0.02228],[109.35374,-0.02228],[109.35404,-0.02198],[109.35479,-0.02183],[109.35584,-0.02183],[109.35621,-0.02153],[109.35674,-0.02153],[109.35689,-0.02183],[109.35741,-0.0216],[109.35831,-0.0216],[109.35876,-0.02153],[109.35914,-0.0216],[109.35944,-0.02145],[109.36034,-0.02063],[109.36094,-0.02063],[109.36146,-0.02108],[109.36184,-0.02108],[109.36236,-0.02093],[109.36274,-0.02115],[109.36289,-0.02085],[109.36356,-0.02093],[109.36446,-0.02093],[109.36514,-0.02085],[109.36581,-0.02115],[109.36761,-0.02115],[109.36784,-0.02123],[109.36814,-0.021],[109.36859,-0.021],[109.36904,-0.02153],[109.36971,-0.02175],[109.37054,-0.02175],[109.37069,-0.0219],[109.37106,-0.0219],[109.37159,-0.02213],[109.37166,-0.02235],[109.37204,-0.02235],[109.37249,-0.0225],[109.37286,-0.0228],[109.37324,-0.0228],[109.37354,-0.02303],[109.37414,-0.02333],[109.37436,-0.02333],[109.37519,-0.02363],[109.37526,-0.02378],[109.37571,-0.02393],[109.37609,-0.02393],[109.37661,-0.02423],[109.37676,-0.02453],[109.37729,-0.0246],[109.37759,-0.02483],[109.37819,-0.02475],[109.37864,-0.02513],[109.37931,-0.0252],[109.38029,-0.0252],[109.38066,-0.02528],[109.38119,-0.0255],[109.38194,-0.02558],[109.38216,-0.02543],[109.38254,-0.02543],[109.38305,-0.02573],[109.38315,-0.0251],[109.37956,-0.0244],[109.37795,-0.02379],[109.37607,-0.0231],[109.37678,-0.02196],[109.37624,-0.02183],[109.37579,-0.0213],[109.37549,-0.02108],[109.37489,-0.021],[109.37451,-0.02085],[109.37436,-0.02063],[109.37339,-0.02063],[109.37294,-0.02025],[109.37286,-0.01995],[109.37129,-0.01943],[109.37061,-0.01898],[109.36889,-0.01898],[109.36859,-0.01883],[109.36806,-0.01883],[109.36769,-0.0186],[109.36716,-0.01875],[109.36664,-0.01875],[109.36619,-0.01853],[109.36574,-0.01845],[109.36514,-0.01845],[109.36476,-0.01875],[109.36431,-0.01868],[109.36371,-0.01868],[109.36334,-0.0186],[109.36311,-0.01875],[109.36124,-0.01875],[109.36124,-0.01883],[109.36019,-0.01883],[109.35981,-0.01913],[109.35921,-0.01913],[109.35861,-0.01905],[109.35839,-0.0192],[109.35779,-0.0192],[109.35734,-0.01928],[109.35711,-0.01943],[109.35651,-0.0195],[109.35524,-0.0195],[109.35441,-0.02025],[109.35396,-0.02048],[109.35314,-0.02048],[109.35276,-0.02063],[109.35201,-0.02063],[109.35186,-0.02093],[109.35074,-0.02108],[109.35051,-0.02123],[109.34923,-0.02123],[109.34908,-0.02138],[109.34871,-0.02138],[109.34833,-0.02153],[109.34571,-0.02153],[109.34496,-0.02138],[109.34421,-0.02108],[109.34361,-0.02063],[109.34301,-0.0204],[109.34293,-0.02025],[109.34203,-0.01973],[109.34181,-0.01928],[109.34128,-0.01913],[109.34098,-0.01875],[109.34061,-0.0189],[109.34061,-0.01913],[109.34106,-0.01958],[109.34166,-0.01973],[109.34166,-0.02018],[109.34188,-0.02018],[109.34218,-0.02048],[109.34256,-0.02055],[109.34316,-0.02108],[109.34338,-0.02108],[109.34353,-0.02138],[109.34428,-0.02153],[109.34458,-0.02175],[109.34518,-0.02175],[109.34548,-0.02198],[109.34638,-0.02198],[109.34646,-0.02213],[109.34646,-0.02295],[109.34616,-0.02295],[109.34616,-0.02423],[109.34593,-0.02445],[109.34593,-0.02573],[109.34623,-0.02648],[109.34646,-0.02685],[109.34668,-0.02693],[109.34683,-0.02745],[109.34728,-0.02775],[109.34728,-0.02858],[109.34743,-0.02918],[109.34773,-0.02955],[109.34773,-0.02985],[109.34796,-0.02993],[109.34818,-0.03023],[109.34833,-0.03098],[109.34856,-0.03113],[109.34856,-0.03143],[109.34878,-0.03188],[109.34908,-0.03218],[109.34923,-0.03285],[109.34946,-0.03293],[109.34953,-0.03338],[109.34976,-0.03368],[109.35036,-0.03405],[109.35044,-0.03465],[109.35089,-0.03518],[109.35089,-0.03555],[109.35104,-0.03593],[109.35134,-0.03623],[109.35134,-0.03645],[109.35179,-0.03675],[109.35179,-0.03698],[109.35224,-0.03758],[109.35269,-0.03795],[109.35276,-0.03848],[109.35306,-0.03863],[109.35329,-0.03893],[109.35344,-0.03938],[109.35404,-0.04005],[109.35434,-0.04028],[109.35479,-0.04043],[109.35516,-0.04088],[109.35524,-0.04118],[109.35576,-0.04178],[109.35599,-0.04185],[109.35629,-0.04238],[109.35659,-0.04253],[109.35674,-0.04298],[109.35704,-0.04313],[109.35899,-0.04508],[109.35929,-0.04523],[109.35936,-0.04545],[109.36004,-0.0456],[109.36019,-0.04598],[109.36056,-0.04613],[109.36079,-0.04658],[109.36116,-0.04673],[109.36124,-0.04695],[109.36169,-0.04695],[109.36161,-0.04733],[109.36214,-0.04793],[109.36259,-0.04815],[109.36274,-0.04853],[109.36319,-0.04883],[109.36334,-0.04935],[109.36409,-0.05018],[109.36469,-0.05063],[109.36514,-0.05146],[109.36536,-0.05153],[109.36566,-0.05213],[109.36589,-0.05221],[109.36589,-0.05258],[109.36619,-0.05288],[109.36634,-0.05348],[109.36664,-0.05363],[109.36716,-0.05416],[109.36724,-0.05468],[109.36739,-0.05468],[109.36784,-0.05513],[109.36829,-0.05573],[109.36859,-0.05663],[109.36889,-0.05716],[109.36902,-0.05765],[109.36949,-0.05828],[109.36949,-0.0583],[109.36953,-0.05836]]]},"properties":{"STREAM_ID":1}},{"type":"Feature","geometry":{"type":"Polygon","coordinates":[[[109.37676,-0.0201],[109.37704,-0.02019],[109.37699,-0.0197],[109.37741,-0.0187],[109.37699,-0.01898],[109.37691,-0.01965],[109.37676,-0.0201]]]},"properties":{"STREAM_ID":1}},{"type":"Feature","geometry":{"type":"Polygon","coordinates":[[[109.37796,-0.01743],[109.37813,-0.01657],[109.37878,-0.01613],[109.37882,-0.01594],[109.37837,-0.01553],[109.37826,-0.01575],[109.37871,-0.01605],[109.37826,-0.01635],[109.37796,-0.01673],[109.37796,-0.01743]]]},"properties":{"STREAM_ID":1}},{"type":"Feature","geometry":{"type":"Polygon","coordinates":[[[109.37054,-0.05948],[109.37084,-0.05963],[109.37114,-0.06023],[109.37136,-0.06053],[109.37166,-0.06053],[109.37196,-0.06098],[109.37219,-0.06098],[109.37226,-0.06136],[109.37249,-0.06143],[109.37249,-0.06226],[109.37264,-0.06248],[109.37306,-0.06263],[109.37331,-0.06226],[109.37286,-0.06188],[109.37279,-0.06151],[109.37294,-0.06136],[109.37249,-0.06053],[109.37196,-0.06023],[109.37136,-0.05963],[109.37114,-0.05918],[109.37054,-0.05918],[109.37054,-0.05948]]]},"properties":{"STREAM_ID":1}},{"type":"Feature","geometry":{"type":"Polygon","coordinates":[[[109.37511,-0.0108],[109.37526,-0.01103],[109.37579,-0.0108],[109.37616,-0.0108],[109.37661,-0.01095],[109.37691,-0.01118],[109.37706,-0.01163],[109.37669,-0.01185],[109.37676,-0.01245],[109.37736,-0.0126],[109.37751,-0.01245],[109.37738,-0.01202],[109.37772,-0.01128],[109.37799,-0.01106],[109.37786,-0.01053],[109.37781,-0.00945],[109.37766,-0.00923],[109.37729,-0.00923],[109.37699,-0.0096],[109.37714,-0.00998],[109.37714,-0.01065],[109.37699,-0.01088],[109.37669,-0.01088],[109.37639,-0.01058],[109.37639,-0.01028],[109.37669,-0.00998],[109.37676,-0.00968],[109.37676,-0.00893],[109.37669,-0.00863],[109.37676,-0.00818],[109.37631,-0.00818],[109.37616,-0.00855],[109.37549,-0.00855],[109.37534,-0.0087],[109.37549,-0.009],[109.37594,-0.00908],[109.37586,-0.00975],[109.37609,-0.00998],[109.37616,-0.01035],[109.37571,-0.01058],[109.37511,-0.01058],[109.37511,-0.0108]]]},"properties":{"STREAM_ID":1}},{"type":"Feature","geometry":{"type":"Polygon","coordinates":[[[109.36859,-0.05798],[109.36836,-0.05723],[109.36799,-0.05708],[109.36799,-0.05686],[109.36769,-0.05678],[109.36769,-0.05656],[109.36724,-0.05603],[109.36716,-0.05573],[109.36686,-0.05543],[109.36626,-0.05498],[109.36619,-0.05438],[109.36589,-0.05348],[109.36536,-0.05303],[109.36506,-0.05288],[109.36499,-0.05228],[109.36469,-0.05168],[109.36409,-0.05108],[109.36349,-0.05026],[109.36319,-0.05018],[109.36319,-0.04995],[109.36274,-0.04965],[109.36274,-0.04943],[109.36229,-0.04928],[109.36199,-0.04853],[109.36094,-0.04785],[109.36094,-0.04763],[109.36064,-0.04755],[109.36056,-0.04725],[109.36004,-0.04688],[109.36004,-0.04665],[109.35974,-0.04658],[109.35959,-0.04628],[109.35876,-0.04553],[109.35839,-0.04538],[109.35839,-0.04515],[109.35786,-0.04485],[109.35734,-0.04433],[109.35704,-0.04425],[109.35704,-0.04403],[109.35479,-0.04178],[109.35434,-0.04118],[109.35434,-0.04095],[109.35359,-0.04035],[109.35359,-0.04013],[109.35329,-0.03998],[109.35329,-0.03975],[109.35284,-0.03953],[109.35216,-0.03885],[109.35179,-0.03825],[109.35179,-0.03795],[109.35156,-0.03788],[109.35149,-0.03743],[109.35126,-0.03713],[109.35096,-0.03698],[109.35066,-0.03653],[109.35044,-0.03645],[109.35036,-0.03593],[109.35014,-0.03578],[109.34983,-0.03518],[109.34953,-0.03473],[109.34938,-0.03413],[109.34908,-0.03383],[109.34908,-0.03338],[109.34856,-0.03263],[109.34833,-0.03255],[109.34818,-0.03195],[109.34773,-0.03143],[109.34766,-0.03083],[109.34736,-0.03053],[109.34736,-0.03023],[109.34683,-0.02963],[109.34683,-0.02873],[109.34653,-0.02828],[109.34638,-0.02745],[109.34593,-0.02715],[109.34593,-0.02693],[109.34563,-0.02655],[109.34556,-0.02603],[109.34533,-0.02588],[109.34518,-0.02535],[109.34496,-0.02528],[109.34496,-0.02498],[109.34473,-0.02483],[109.34466,-0.02445],[109.34443,-0.02438],[109.34428,-0.02393],[109.34376,-0.02363],[109.34368,-0.02333],[109.34308,-0.02288],[109.34278,-0.02243],[109.34226,-0.02205],[109.34203,-0.02205],[109.34188,-0.02175],[109.34136,-0.02145],[109.34128,-0.02108],[109.34053,-0.02108],[109.34038,-0.02078],[109.33993,-0.02063],[109.33978,-0.02033],[109.33956,-0.02033],[109.33933,-0.02003],[109.33836,-0.01958],[109.33806,-0.01913],[109.33768,-0.01905],[109.33723,-0.01868],[109.33723,-0.01845],[109.33678,-0.01808],[109.33678,-0.01793],[109.33603,-0.01785],[109.33573,-0.01733],[109.33543,-0.01718],[109.33528,-0.01673],[109.33498,-0.01665],[109.33453,-0.01613],[109.33423,-0.01613],[109.33416,-0.01583],[109.33356,-0.01538],[109.33333,-0.01538],[109.33326,-0.01508],[109.33258,-0.01463],[109.33198,-0.01448],[109.33153,-0.01448],[109.33138,-0.01403],[109.33086,-0.01365],[109.32973,-0.01365],[109.32966,-0.01343],[109.32928,-0.01313],[109.32928,-0.01223],[109.32868,-0.01178],[109.32838,-0.01178],[109.32793,-0.01133],[109.32748,-0.01118],[109.32718,-0.01073],[109.32636,-0.01028],[109.32628,-0.01005],[109.32598,-0.01005],[109.32598,-0.00975],[109.32553,-0.00953],[109.32546,-0.00938],[109.32433,-0.00938],[109.32418,-0.00893],[109.32366,-0.00893],[109.32358,-0.00825],[109.32328,-0.00795],[109.32268,-0.00795],[109.32268,-0.00773],[109.32223,-0.00743],[109.32178,-0.00698],[109.32126,-0.00668],[109.32126,-0.00645],[109.32058,-0.00608],[109.32028,-0.00563],[109.31976,-0.00555],[109.31976,-0.00533],[109.31946,-0.00518],[109.31938,-0.00495],[109.31878,-0.00495],[109.31833,-0.00473],[109.31803,-0.00443],[109.31803,-0.00413],[109.31743,-0.00383],[109.31698,-0.00368],[109.31683,-0.00345],[109.31653,-0.00345],[109.31616,-0.00323],[109.31488,-0.00263],[109.31413,-0.00233],[109.31398,-0.00203],[109.31316,-0.00188],[109.31308,-0.00165],[109.31226,-0.00165],[109.31203,-0.00143],[109.31136,-0.00128],[109.31053,-0.00128],[109.31016,-0.00105],[109.30888,-0.00105],[109.30866,-0.00083],[109.30783,-0.00075],[109.30753,-0.00053],[109.30678,-0.00045],[109.30588,-0.00053],[109.30408,-0.00053],[109.30408,-0.00068],[109.30318,-0.00075],[109.30176,-0.00075],[109.30153,-0.00098],[109.30086,-0.00128],[109.29973,-0.00128],[109.29973,-0.00135],[109.29725,-0.00135],[109.29643,-0.00128],[109.29643,-0.00113],[109.29545,-0.00098],[109.29545,-0.00083],[109.2947,-0.00075],[109.29448,-0.00045],[109.29343,-0.00045],[109.29305,-0.00038],[109.29298,-0.00015],[109.29253,0],[109.31863,0],[109.31863,-0.00023],[109.31893,-0.00038],[109.32006,-0.00075],[109.32118,-0.00075],[109.32133,-0.00098],[109.32133,-0.00135],[109.32186,-0.00173],[109.32193,-0.00203],[109.32223,-0.00218],[109.32276,-0.00218],[109.32306,-0.00233],[109.32343,-0.00293],[109.32396,-0.00308],[109.32403,-0.00338],[109.32448,-0.00353],[109.32486,-0.00353],[109.32486,-0.00375],[109.32523,-0.00383],[109.32523,-0.00428],[109.32583,-0.00443],[109.32613,-0.00473],[109.32613,-0.00495],[109.32658,-0.00503],[109.32696,-0.00525],[109.32703,-0.00578],[109.32763,-0.00615],[109.32793,-0.00623],[109.32823,-0.00668],[109.32883,-0.00705],[109.32883,-0.00728],[109.32928,-0.00735],[109.32958,-0.00758],[109.33108,-0.00908],[109.33123,-0.00938],[109.33168,-0.00953],[109.33198,-0.00975],[109.33206,-0.01028],[109.33251,-0.01028],[109.33251,-0.01058],[109.33296,-0.01088],[109.33318,-0.01088],[109.33363,-0.01133],[109.33363,-0.01163],[109.33416,-0.01193],[109.33416,-0.01245],[109.33476,-0.01298],[109.33476,-0.01335],[109.33498,-0.01358],[109.33528,-0.01358],[109.33588,-0.01403],[109.33603,-0.01433],[109.33626,-0.01433],[109.33633,-0.01478],[109.33693,-0.01493],[109.33716,-0.01523],[109.33768,-0.01553],[109.33768,-0.01575],[109.33806,-0.01575],[109.33813,-0.01628],[109.33843,-0.01665],[109.33896,-0.01748],[109.33948,-0.01763],[109.33956,-0.01793],[109.33986,-0.01808],[109.34053,-0.01808],[109.34046,-0.01778],[109.33993,-0.01755],[109.33978,-0.01725],[109.33933,-0.01695],[109.33858,-0.01598],[109.33843,-0.01553],[109.33806,-0.01538],[109.33768,-0.01493],[109.33708,-0.0144],[109.33686,-0.0144],[109.33671,-0.0141],[109.33633,-0.01395],[109.33558,-0.0132],[109.33521,-0.01305],[109.33498,-0.01245],[109.33468,-0.0123],[109.33446,-0.012],[109.33446,-0.01155],[109.33416,-0.01125],[109.33386,-0.0108],[109.33363,-0.01073],[109.33303,-0.0102],[109.33273,-0.01013],[109.33221,-0.00945],[109.33146,-0.00885],[109.33146,-0.0087],[109.33086,-0.00803],[109.33018,-0.00743],[109.32973,-0.0072],[109.32966,-0.00705],[109.32913,-0.00675],[109.32868,-0.0063],[109.32793,-0.0057],[109.32763,-0.00533],[109.32733,-0.00518],[109.32718,-0.0048],[109.32658,-0.0045],[109.32621,-0.00405],[109.32576,-0.0039],[109.32553,-0.00345],[109.32516,-0.00315],[109.32478,-0.00315],[109.32426,-0.00263],[109.32388,-0.00255],[109.32343,-0.00218],[109.32313,-0.0018],[109.32253,-0.0018],[109.32223,-0.00158],[109.32186,-0.00113],[109.32148,-0.0003],[109.32111,-0.00038],[109.32051,-0.00038],[109.32028,-0.00023],[109.31976,-0.00015],[109.31946,0],[109.31856,0.0006],[109.31803,0.00053],[109.31766,0.00083],[109.31721,0.00098],[109.31706,0.00128],[109.31661,0.00143],[109.31623,0.00143],[109.31601,0.00158],[109.31526,0.00188],[109.31503,0.00188],[109.31443,0.00225],[109.31421,0.0021],[109.31383,0.0021],[109.31376,0.0024],[109.31308,0.00248],[109.31263,0.0024],[109.31233,0.00263],[109.31196,0.00263],[109.31143,0.00285],[109.31113,0.00323],[109.31068,0.00345],[109.31008,0.00345],[109.30963,0.00353],[109.30941,0.00398],[109.30911,0.0042],[109.30866,0.0042],[109.30858,0.00435],[109.30753,0.00428],[109.30716,0.00443],[109.30633,0.0045],[109.30611,0.00465],[109.30573,0.00465],[109.30521,0.00488],[109.30446,0.0048],[109.30431,0.00525],[109.30386,0.00503],[109.30303,0.00495],[109.30198,0.00495],[109.30108,0.00488],[109.30078,0.00518],[109.30018,0.00525],[109.29965,0.00555],[109.29928,0.006],[109.29883,0.00608],[109.29868,0.00623],[109.29823,0.00623],[109.298,0.00638],[109.29778,0.0069],[109.29688,0.00735],[109.29605,0.00788],[109.2953,0.00788],[109.29493,0.0081],[109.29418,0.00818],[109.2932,0.00818],[109.29275,0.0084],[109.29163,0.00825],[109.29058,0.00825],[109.29028,0.00833],[109.28724,0.0059],[109.28694,0.00278],[109.28693,0.0018],[109.28735,0.0018],[109.2875,0.00165],[109.28878,0.00165],[109.28908,0.00173],[109.28945,0.0015],[109.28968,0.0015],[109.29013,0.00128],[109.29035,0.00098],[109.29035,0.00045],[109.2905,0.00038],[109.29125,0.00038],[109.29155,0.00023],[109.29155,-8e-05],[109.29245,-0.00045],[109.29275,-0.00083],[109.2941,-0.00083],[109.2947,-0.0012],[109.29523,-0.00128],[109.29538,-0.00143],[109.29583,-0.00143],[109.29613,-0.00165],[109.2968,-0.00173],[109.29845,-0.00173],[109.29943,-0.0018],[109.30018,-0.00165],[109.30116,-0.00165],[109.30161,-0.0015],[109.30243,-0.00113],[109.30333,-0.00113],[109.30431,-0.00098],[109.30611,-0.00098],[109.30671,-0.0009],[109.30723,-0.00098],[109.30746,-0.00113],[109.30806,-0.0012],[109.30866,-0.00158],[109.30903,-0.0015],[109.30986,-0.0015],[109.31016,-0.00165],[109.31158,-0.0018],[109.31188,-0.00203],[109.31248,-0.00203],[109.31293,-0.00225],[109.31353,-0.0024],[109.31383,-0.0027],[109.31533,-0.00338],[109.31556,-0.00338],[109.31616,-0.00368],[109.31653,-0.00398],[109.31698,-0.00405],[109.31766,-0.00465],[109.31766,-0.00488],[109.31826,-0.00533],[109.31893,-0.00533],[109.31923,-0.0057],[109.31976,-0.006],[109.31998,-0.0063],[109.32043,-0.00653],[109.32118,-0.0072],[109.32186,-0.00788],[109.32223,-0.0081],[109.32238,-0.00848],[109.32291,-0.00833],[109.32313,-0.00855],[109.32313,-0.00908],[109.32336,-0.0093],[109.32366,-0.0093],[109.32388,-0.00968],[109.32448,-0.00998],[109.32501,-0.0099],[109.32546,-0.01013],[109.32546,-0.01043],[109.32591,-0.0105],[109.32613,-0.01073],[109.32673,-0.01103],[109.32741,-0.01178],[109.32763,-0.01178],[109.32816,-0.01208],[109.32831,-0.0123],[109.32883,-0.01268],[109.32883,-0.01298],[109.32861,-0.01328],[109.32891,-0.01343],[109.32921,-0.01388],[109.32966,-0.01425],[109.33003,-0.01425],[109.33041,-0.0141],[109.33078,-0.0144],[109.33078,-0.01455],[109.33116,-0.01485],[109.33198,-0.015],[109.33273,-0.0156],[109.33303,-0.01568],[109.33371,-0.0162],[109.33371,-0.01643],[109.33416,-0.01658],[109.33536,-0.0177],[109.33551,-0.01808],[109.33588,-0.0183],[109.33648,-0.01845],[109.33693,-0.01883],[109.33693,-0.01905],[109.33738,-0.0195],[109.33753,-0.0195],[109.33798,-0.01995],[109.33903,-0.02048],[109.33956,-0.02093],[109.33986,-0.0213],[109.34016,-0.02145],[109.34068,-0.02145],[109.34098,-0.0219],[109.34151,-0.0222],[109.34188,-0.02265],[109.34211,-0.02265],[109.34271,-0.02325],[109.34331,-0.0237],[109.34391,-0.02438],[109.34458,-0.02528],[109.34458,-0.02558],[109.34481,-0.02573],[109.34518,-0.02655],[109.34526,-0.02655],[109.34571,-0.02753],[109.34608,-0.02813],[109.34616,-0.02858],[109.34631,-0.02873],[109.34653,-0.0294],[109.34653,-0.03],[109.34683,-0.03038],[109.34728,-0.03128],[109.34728,-0.0315],[109.34818,-0.0333],[109.34856,-0.0336],[109.34871,-0.0342],[109.35014,-0.0369],[109.35096,-0.03765],[109.35141,-0.0387],[109.35179,-0.03908],[109.35179,-0.03923],[109.35231,-0.03983],[109.35246,-0.03983],[109.35299,-0.04035],[109.35329,-0.04088],[109.35381,-0.04125],[109.35389,-0.04155],[109.35441,-0.042],[109.35441,-0.04215],[109.35479,-0.0426],[109.35599,-0.0438],[109.35674,-0.0447],[109.35704,-0.04478],[109.35741,-0.04515],[109.35771,-0.0453],[109.35824,-0.0459],[109.35876,-0.04635],[109.35921,-0.04665],[109.35966,-0.0471],[109.35966,-0.04725],[109.36041,-0.04793],[109.36041,-0.04808],[109.36079,-0.04845],[109.36094,-0.04845],[109.36161,-0.04898],[109.36169,-0.04935],[109.36206,-0.04958],[109.36296,-0.05048],[109.36296,-0.05063],[109.36349,-0.05108],[109.36371,-0.05153],[109.36424,-0.05198],[109.36439,-0.05258],[109.36469,-0.05326],[109.36529,-0.05371],[109.36559,-0.05431],[109.36559,-0.05498],[109.36619,-0.05566],[109.36649,-0.05581],[109.36694,-0.05671],[109.36709,-0.05678],[109.36731,-0.05731],[109.36835,-0.05822],[109.36859,-0.05798]],[[109.29853,0.00458],[109.2986,0.0039],[109.29845,0.00375],[109.29808,0.00383],[109.29748,0.00383],[109.29665,0.00443],[109.2962,0.00525],[109.2971,0.00518],[109.29748,0.00533],[109.29763,0.00518],[109.29815,0.0051],[109.29853,0.00473],[109.29853,0.00458]]]},"properties":{"STREAM_ID":1}},{"type":"Feature","geometry":{"type":"Polygon","coordinates":[[[109.36953,-0.05836],[109.36979,-0.05858],[109.37024,-0.05873],[109.37046,-0.05843],[109.36979,-0.05783],[109.36949,-0.05776],[109.36934,-0.05746],[109.36926,-0.05678],[109.36911,-0.05671],[109.36881,-0.05611],[109.36881,-0.05581],[109.36851,-0.05521],[109.36836,-0.05513],[109.36814,-0.05468],[109.36754,-0.05401],[109.36754,-0.05386],[109.36686,-0.05326],[109.36649,-0.05243],[109.36529,-0.05078],[109.36514,-0.05041],[109.36371,-0.04898],[109.36349,-0.04853],[109.36319,-0.04815],[109.36184,-0.0468],[109.36184,-0.04665],[109.36146,-0.04628],[109.36094,-0.0459],[109.36026,-0.04523],[109.35989,-0.04508],[109.35906,-0.04425],[109.35891,-0.04425],[109.35831,-0.04358],[109.35771,-0.04298],[109.35719,-0.04253],[109.35651,-0.04185],[109.35651,-0.0417],[109.35569,-0.04088],[109.35539,-0.04035],[109.35486,-0.0399],[109.35456,-0.03975],[109.35374,-0.0387],[109.35321,-0.03818],[109.35276,-0.03728],[109.35209,-0.03653],[109.35209,-0.03638],[109.35156,-0.03578],[109.35149,-0.03548],[109.35119,-0.03503],[109.35119,-0.0348],[109.35096,-0.0345],[109.35096,-0.03428],[109.35066,-0.03368],[109.35029,-0.03345],[109.34998,-0.033],[109.34961,-0.03218],[109.34916,-0.03158],[109.34878,-0.03075],[109.34878,-0.03053],[109.34848,-0.03008],[109.34826,-0.02948],[109.34758,-0.0282],[109.34751,-0.0273],[109.34713,-0.027],[109.34668,-0.02633],[109.34646,-0.02573],[109.34631,-0.02558],[109.34631,-0.02475],[109.34653,-0.02445],[109.34653,-0.02348],[109.34706,-0.02318],[109.34923,-0.02318],[109.34968,-0.02295],[109.35029,-0.02295],[109.35059,-0.0228],[109.35126,-0.02288],[109.35156,-0.02265],[109.35201,-0.0225],[109.35299,-0.0225],[109.35329,-0.02228],[109.35374,-0.02228],[109.35404,-0.02198],[109.35479,-0.02183],[109.35584,-0.02183],[109.35621,-0.02153],[109.35674,-0.02153],[109.35689,-0.02183],[109.35741,-0.0216],[109.35831,-0.0216],[109.35876,-0.02153],[109.35914,-0.0216],[109.35944,-0.02145],[109.36034,-0.02063],[109.36094,-0.02063],[109.36146,-0.02108],[109.36184,-0.02108],[109.36236,-0.02093],[109.36274,-0.02115],[109.36289,-0.02085],[109.36356,-0.02093],[109.36446,-0.02093],[109.36514,-0.02085],[109.36581,-0.02115],[109.36761,-0.02115],[109.36784,-0.02123],[109.36814,-0.021],[109.36859,-0.021],[109.36904,-0.02153],[109.36971,-0.02175],[109.37054,-0.02175],[109.37069,-0.0219],[109.37106,-0.0219],[109.37159,-0.02213],[109.37166,-0.02235],[109.37204,-0.02235],[109.37249,-0.0225],[109.37286,-0.0228],[109.37324,-0.0228],[109.37354,-0.02303],[109.37414,-0.02333],[109.37436,-0.02333],[109.37519,-0.02363],[109.37526,-0.02378],[109.37571,-0.02393],[109.37609,-0.02393],[109.37661,-0.02423],[109.37676,-0.02453],[109.37729,-0.0246],[109.37759,-0.02483],[109.37819,-0.02475],[109.37864,-0.02513],[109.37931,-0.0252],[109.38029,-0.0252],[109.38066,-0.02528],[109.38119,-0.0255],[109.38194,-0.02558],[109.38216,-0.02543],[109.38254,-0.02543],[109.38305,-0.02573],[109.38315,-0.0251],[109.37956,-0.0244],[109.37795,-0.02379],[109.37607,-0.0231],[109.37678,-0.02196],[109.37624,-0.02183],[109.37579,-0.0213],[109.37549,-0.02108],[109.37489,-0.021],[109.37451,-0.02085],[109.37436,-0.02063],[109.37339,-0.02063],[109.37294,-0.02025],[109.37286,-0.01995],[109.37129,-0.01943],[109.37061,-0.01898],[109.36889,-0.01898],[109.36859,-0.01883],[109.36806,-0.01883],[109.36769,-0.0186],[109.36716,-0.01875],[109.36664,-0.01875],[109.36619,-0.01853],[109.36574,-0.01845],[109.36514,-0.01845],[109.36476,-0.01875],[109.36431,-0.01868],[109.36371,-0.01868],[109.36334,-0.0186],[109.36311,-0.01875],[109.36124,-0.01875],[109.36124,-0.01883],[109.36019,-0.01883],[109.35981,-0.01913],[109.35921,-0.01913],[109.35861,-0.01905],[109.35839,-0.0192],[109.35779,-0.0192],[109.35734,-0.01928],[109.35711,-0.01943],[109.35651,-0.0195],[109.35524,-0.0195],[109.35441,-0.02025],[109.35396,-0.02048],[109.35314,-0.02048],[109.35276,-0.02063],[109.35201,-0.02063],[109.35186,-0.02093],[109.35074,-0.02108],[109.35051,-0.02123],[109.34923,-0.02123],[109.34908,-0.02138],[109.34871,-0.02138],[109.34833,-0.02153],[109.34571,-0.02153],[109.34496,-0.02138],[109.34421,-0.02108],[109.34361,-0.02063],[109.34301,-0.0204],[109.34293,-0.02025],[109.34203,-0.01973],[109.34181,-0.01928],[109.34128,-0.01913],[109.34098,-0.01875],[109.34061,-0.0189],[109.34061,-0.01913],[109.34106,-0.01958],[109.34166,-0.01973],[109.34166,-0.02018],[109.34188,-0.02018],[109.34218,-0.02048],[109.34256,-0.02055],[109.34316,-0.02108],[109.34338,-0.02108],[109.34353,-0.02138],[109.34428,-0.02153],[109.34458,-0.02175],[109.34518,-0.02175],[109.34548,-0.02198],[109.34638,-0.02198],[109.34646,-0.02213],[109.34646,-0.02295],[109.34616,-0.02295],[109.34616,-0.02423],[109.34593,-0.02445],[109.34593,-0.02573],[109.34623,-0.02648],[109.34646,-0.02685],[109.34668,-0.02693],[109.34683,-0.02745],[109.34728,-0.02775],[109.34728,-0.02858],[109.34743,-0.02918],[109.34773,-0.02955],[109.34773,-0.02985],[109.34796,-0.02993],[109.34818,-0.03023],[109.34833,-0.03098],[109.34856,-0.03113],[109.34856,-0.03143],[109.34878,-0.03188],[109.34908,-0.03218],[109.34923,-0.03285],[109.34946,-0.03293],[109.34953,-0.03338],[109.34976,-0.03368],[109.35036,-0.03405],[109.35044,-0.03465],[109.35089,-0.03518],[109.35089,-0.03555],[109.35104,-0.03593],[109.35134,-0.03623],[109.35134,-0.03645],[109.35179,-0.03675],[109.35179,-0.03698],[109.35224,-0.03758],[109.35269,-0.03795],[109.35276,-0.03848],[109.35306,-0.03863],[109.35329,-0.03893],[109.35344,-0.03938],[109.35404,-0.04005],[109.35434,-0.04028],[109.35479,-0.04043],[109.35516,-0.04088],[109.35524,-0.04118],[109.35576,-0.04178],[109.35599,-0.04185],[109.35629,-0.04238],[109.35659,-0.04253],[109.35674,-0.04298],[109.35704,-0.04313],[109.35899,-0.04508],[109.35929,-0.04523],[109.35936,-0.04545],[109.36004,-0.0456],[109.36019,-0.04598],[109.36056,-0.04613],[109.36079,-0.04658],[109.36116,-0.04673],[109.36124,-0.04695],[109.36169,-0.04695],[109.36161,-0.04733],[109.36214,-0.04793],[109.36259,-0.04815],[109.36274,-0.04853],[109.36319,-0.04883],[109.36334,-0.04935],[109.36409,-0.05018],[109.36469,-0.05063],[109.36514,-0.05146],[109.36536,-0.05153],[109.36566,-0.05213],[109.36589,-0.05221],[109.36589,-0.05258],[109.36619,-0.05288],[109.36634,-0.05348],[109.36664,-0.05363],[109.36716,-0.05416],[109.36724,-0.05468],[109.36739,-0.05468],[109.36784,-0.05513],[109.36829,-0.05573],[109.36859,-0.05663],[109.36889,-0.05716],[109.36902,-0.05765],[109.36949,-0.05828],[109.36949,-0.0583],[109.36953,-0.05836]]]},"properties":{"STREAM_ID":1}},{"type":"Feature","geometry":{"type":"Polygon","coordinates":[[[109.36953,-0.05836],[109.36979,-0.05858],[109.37024,-0.05873],[109.37046,-0.05843],[109.36979,-0.05783],[109.36949,-0.05776],[109.36934,-0.05746],[109.36926,-0.05678],[109.36911,-0.05671],[109.36881,-0.05611],[109.36881,-0.05581],[109.36851,-0.05521],[109.36836,-0.05513],[109.36814,-0.05468],[109.36754,-0.05401],[109.36754,-0.05386],[109.36686,-0.05326],[109.36649,-0.05243],[109.36529,-0.05078],[109.36514,-0.05041],[109.36371,-0.04898],[109.36349,-0.04853],[109.36319,-0.04815],[109.36184,-0.0468],[109.36184,-0.04665],[109.36146,-0.04628],[109.36094,-0.0459],[109.36026,-0.04523],[109.35989,-0.04508],[109.35906,-0.04425],[109.35891,-0.04425],[109.35831,-0.04358],[109.35771,-0.04298],[109.35719,-0.04253],[109.35651,-0.04185],[109.35651,-0.0417],[109.35569,-0.04088],[109.35539,-0.04035],[109.35486,-0.0399],[109.35456,-0.03975],[109.35374,-0.0387],[109.35321,-0.03818],[109.35276,-0.03728],[109.35209,-0.03653],[109.35209,-0.03638],[109.35156,-0.03578],[109.35149,-0.03548],[109.35119,-0.03503],[109.35119,-0.0348],[109.35096,-0.0345],[109.35096,-0.03428],[109.35066,-0.03368],[109.35029,-0.03345],[109.34998,-0.033],[109.34961,-0.03218],[109.34916,-0.03158],[109.34878,-0.03075],[109.34878,-0.03053],[109.34848,-0.03008],[109.34826,-0.02948],[109.34758,-0.0282],[109.34751,-0.0273],[109.34713,-0.027],[109.34668,-0.02633],[109.34646,-0.02573],[109.34631,-0.02558],[109.34631,-0.02475],[109.34653,-0.02445],[109.34653,-0.02348],[109.34706,-0.02318],[109.34923,-0.02318],[109.34968,-0.02295],[109.35029,-0.02295],[109.35059,-0.0228],[109.35126,-0.02288],[109.35156,-0.02265],[109.35201,-0.0225],[109.35299,-0.0225],[109.35329,-0.02228],[109.35374,-0.02228],[109.35404,-0.02198],[109.35479,-0.02183],[109.35584,-0.02183],[109.35621,-0.02153],[109.35674,-0.02153],[109.35689,-0.02183],[109.35741,-0.0216],[109.35831,-0.0216],[109.35876,-0.02153],[109.35914,-0.0216],[109.35944,-0.02145],[109.36034,-0.02063],[109.36094,-0.02063],[109.36146,-0.02108],[109.36184,-0.02108],[109.36236,-0.02093],[109.36274,-0.02115],[109.36289,-0.02085],[109.36356,-0.02093],[109.36446,-0.02093],[109.36514,-0.02085],[109.36581,-0.02115],[109.36761,-0.02115],[109.36784,-0.02123],[109.36814,-0.021],[109.36859,-0.021],[109.36904,-0.02153],[109.36971,-0.02175],[109.37054,-0.02175],[109.37069,-0.0219],[109.37106,-0.0219],[109.37159,-0.02213],[109.37166,-0.02235],[109.37204,-0.02235],[109.37249,-0.0225],[109.37286,-0.0228],[109.37324,-0.0228],[109.37354,-0.02303],[109.37414,-0.02333],[109.37436,-0.02333],[109.37519,-0.02363],[109.37526,-0.02378],[109.37571,-0.02393],[109.37609,-0.02393],[109.37661,-0.02423],[109.37676,-0.02453],[109.37729,-0.0246],[109.37759,-0.02483],[109.37819,-0.02475],[109.37864,-0.02513],[109.37931,-0.0252],[109.38029,-0.0252],[109.38066,-0.02528],[109.38119,-0.0255],[109.38194,-0.02558],[109.38216,-0.02543],[109.38254,-0.02543],[109.38305,-0.02573],[109.38315,-0.0251],[109.37956,-0.0244],[109.37795,-0.02379],[109.37607,-0.0231],[109.37678,-0.02196],[109.37624,-0.02183],[109.37579,-0.0213],[109.37549,-0.02108],[109.37489,-0.021],[109.37451,-0.02085],[109.37436,-0.02063],[109.37339,-0.02063],[109.37294,-0.02025],[109.37286,-0.01995],[109.37129,-0.01943],[109.37061,-0.01898],[109.36889,-0.01898],[109.36859,-0.01883],[109.36806,-0.01883],[109.36769,-0.0186],[109.36716,-0.01875],[109.36664,-0.01875],[109.36619,-0.01853],[109.36574,-0.01845],[109.36514,-0.01845],[109.36476,-0.01875],[109.36431,-0.01868],[109.36371,-0.01868],[109.36334,-0.0186],[109.36311,-0.01875],[109.36124,-0.01875],[109.36124,-0.01883],[109.36019,-0.01883],[109.35981,-0.01913],[109.35921,-0.01913],[109.35861,-0.01905],[109.35839,-0.0192],[109.35779,-0.0192],[109.35734,-0.01928],[109.35711,-0.01943],[109.35651,-0.0195],[109.35524,-0.0195],[109.35441,-0.02025],[109.35396,-0.02048],[109.35314,-0.02048],[109.35276,-0.02063],[109.35201,-0.02063],[109.35186,-0.02093],[109.35074,-0.02108],[109.35051,-0.02123],[109.34923,-0.02123],[109.34908,-0.02138],[109.34871,-0.02138],[109.34833,-0.02153],[109.34571,-0.02153],[109.34496,-0.02138],[109.34421,-0.02108],[109.34361,-0.02063],[109.34301,-0.0204],[109.34293,-0.02025],[109.34203,-0.01973],[109.34181,-0.01928],[109.34128,-0.01913],[109.34098,-0.01875],[109.34061,-0.0189],[109.34061,-0.01913],[109.34106,-0.01958],[109.34166,-0.01973],[109.34166,-0.02018],[109.34188,-0.02018],[109.34218,-0.02048],[109.34256,-0.02055],[109.34316,-0.02108],[109.34338,-0.02108],[109.34353,-0.02138],[109.34428,-0.02153],[109.34458,-0.02175],[109.34518,-0.02175],[109.34548,-0.02198],[109.34638,-0.02198],[109.34646,-0.02213],[109.34646,-0.02295],[109.34616,-0.02295],[109.34616,-0.02423],[109.34593,-0.02445],[109.34593,-0.02573],[109.34623,-0.02648],[109.34646,-0.02685],[109.34668,-0.02693],[109.34683,-0.02745],[109.34728,-0.02775],[109.34728,-0.02858],[109.34743,-0.02918],[109.34773,-0.02955],[109.34773,-0.02985],[109.34796,-0.02993],[109.34818,-0.03023],[109.34833,-0.03098],[109.34856,-0.03113],[109.34856,-0.03143],[109.34878,-0.03188],[109.34908,-0.03218],[109.34923,-0.03285],[109.34946,-0.03293],[109.34953,-0.03338],[109.34976,-0.03368],[109.35036,-0.03405],[109.35044,-0.03465],[109.35089,-0.03518],[109.35089,-0.03555],[109.35104,-0.03593],[109.35134,-0.03623],[109.35134,-0.03645],[109.35179,-0.03675],[109.35179,-0.03698],[109.35224,-0.03758],[109.35269,-0.03795],[109.35276,-0.03848],[109.35306,-0.03863],[109.35329,-0.03893],[109.35344,-0.03938],[109.35404,-0.04005],[109.35434,-0.04028],[109.35479,-0.04043],[109.35516,-0.04088],[109.35524,-0.04118],[109.35576,-0.04178],[109.35599,-0.04185],[109.35629,-0.04238],[109.35659,-0.04253],[109.35674,-0.04298],[109.35704,-0.04313],[109.35899,-0.04508],[109.35929,-0.04523],[109.35936,-0.04545],[109.36004,-0.0456],[109.36019,-0.04598],[109.36056,-0.04613],[109.36079,-0.04658],[109.36116,-0.04673],[109.36124,-0.04695],[109.36169,-0.04695],[109.36161,-0.04733],[109.36214,-0.04793],[109.36259,-0.04815],[109.36274,-0.04853],[109.36319,-0.04883],[109.36334,-0.04935],[109.36409,-0.05018],[109.36469,-0.05063],[109.36514,-0.05146],[109.36536,-0.05153],[109.36566,-0.05213],[109.36589,-0.05221],[109.36589,-0.05258],[109.36619,-0.05288],[109.36634,-0.05348],[109.36664,-0.05363],[109.36716,-0.05416],[109.36724,-0.05468],[109.36739,-0.05468],[109.36784,-0.05513],[109.36829,-0.05573],[109.36859,-0.05663],[109.36889,-0.05716],[109.36902,-0.05765],[109.36949,-0.05828],[109.36949,-0.0583],[109.36953,-0.05836]]]},"properties":{"STREAM_ID":1}},{"type":"Feature","geometry":{"type":"Polygon","coordinates":[[[109.37796,-0.01743],[109.37813,-0.01657],[109.37878,-0.01613],[109.37882,-0.01594],[109.37837,-0.01553],[109.37826,-0.01575],[109.37871,-0.01605],[109.37826,-0.01635],[109.37796,-0.01673],[109.37796,-0.01743]]]},"properties":{"STREAM_ID":1}},{"type":"Feature","geometry":{"type":"Polygon","coordinates":[[[109.37676,-0.0201],[109.37704,-0.02019],[109.37699,-0.0197],[109.37741,-0.0187],[109.37699,-0.01898],[109.37691,-0.01965],[109.37676,-0.0201]]]},"properties":{"STREAM_ID":1}},{"type":"Feature","geometry":{"type":"Polygon","coordinates":[[[109.37511,-0.0108],[109.37526,-0.01103],[109.37579,-0.0108],[109.37616,-0.0108],[109.37661,-0.01095],[109.37691,-0.01118],[109.37706,-0.01163],[109.37669,-0.01185],[109.37676,-0.01245],[109.37736,-0.0126],[109.37751,-0.01245],[109.37738,-0.01202],[109.37772,-0.01128],[109.37799,-0.01106],[109.37786,-0.01053],[109.37781,-0.00945],[109.37766,-0.00923],[109.37729,-0.00923],[109.37699,-0.0096],[109.37714,-0.00998],[109.37714,-0.01065],[109.37699,-0.01088],[109.37669,-0.01088],[109.37639,-0.01058],[109.37639,-0.01028],[109.37669,-0.00998],[109.37676,-0.00968],[109.37676,-0.00893],[109.37669,-0.00863],[109.37676,-0.00818],[109.37631,-0.00818],[109.37616,-0.00855],[109.37549,-0.00855],[109.37534,-0.0087],[109.37549,-0.009],[109.37594,-0.00908],[109.37586,-0.00975],[109.37609,-0.00998],[109.37616,-0.01035],[109.37571,-0.01058],[109.37511,-0.01058],[109.37511,-0.0108]]]},"properties":{"STREAM_ID":1}},{"type":"Feature","geometry":{"type":"Polygon","coordinates":[[[109.36859,-0.05798],[109.36836,-0.05723],[109.36799,-0.05708],[109.36799,-0.05686],[109.36769,-0.05678],[109.36769,-0.05656],[109.36724,-0.05603],[109.36716,-0.05573],[109.36686,-0.05543],[109.36626,-0.05498],[109.36619,-0.05438],[109.36589,-0.05348],[109.36536,-0.05303],[109.36506,-0.05288],[109.36499,-0.05228],[109.36469,-0.05168],[109.36409,-0.05108],[109.36349,-0.05026],[109.36319,-0.05018],[109.36319,-0.04995],[109.36274,-0.04965],[109.36274,-0.04943],[109.36229,-0.04928],[109.36199,-0.04853],[109.36094,-0.04785],[109.36094,-0.04763],[109.36064,-0.04755],[109.36056,-0.04725],[109.36004,-0.04688],[109.36004,-0.04665],[109.35974,-0.04658],[109.35959,-0.04628],[109.35876,-0.04553],[109.35839,-0.04538],[109.35839,-0.04515],[109.35786,-0.04485],[109.35734,-0.04433],[109.35704,-0.04425],[109.35704,-0.04403],[109.35479,-0.04178],[109.35434,-0.04118],[109.35434,-0.04095],[109.35359,-0.04035],[109.35359,-0.04013],[109.35329,-0.03998],[109.35329,-0.03975],[109.35284,-0.03953],[109.35216,-0.03885],[109.35179,-0.03825],[109.35179,-0.03795],[109.35156,-0.03788],[109.35149,-0.03743],[109.35126,-0.03713],[109.35096,-0.03698],[109.35066,-0.03653],[109.35044,-0.03645],[109.35036,-0.03593],[109.35014,-0.03578],[109.34983,-0.03518],[109.34953,-0.03473],[109.34938,-0.03413],[109.34908,-0.03383],[109.34908,-0.03338],[109.34856,-0.03263],[109.34833,-0.03255],[109.34818,-0.03195],[109.34773,-0.03143],[109.34766,-0.03083],[109.34736,-0.03053],[109.34736,-0.03023],[109.34683,-0.02963],[109.34683,-0.02873],[109.34653,-0.02828],[109.34638,-0.02745],[109.34593,-0.02715],[109.34593,-0.02693],[109.34563,-0.02655],[109.34556,-0.02603],[109.34533,-0.02588],[109.34518,-0.02535],[109.34496,-0.02528],[109.34496,-0.02498],[109.34473,-0.02483],[109.34466,-0.02445],[109.34443,-0.02438],[109.34428,-0.02393],[109.34376,-0.02363],[109.34368,-0.02333],[109.34308,-0.02288],[109.34278,-0.02243],[109.34226,-0.02205],[109.34203,-0.02205],[109.34188,-0.02175],[109.34136,-0.02145],[109.34128,-0.02108],[109.34053,-0.02108],[109.34038,-0.02078],[109.33993,-0.02063],[109.33978,-0.02033],[109.33956,-0.02033],[109.33933,-0.02003],[109.33836,-0.01958],[109.33806,-0.01913],[109.33768,-0.01905],[109.33723,-0.01868],[109.33723,-0.01845],[109.33678,-0.01808],[109.33678,-0.01793],[109.33603,-0.01785],[109.33573,-0.01733],[109.33543,-0.01718],[109.33528,-0.01673],[109.33498,-0.01665],[109.33453,-0.01613],[109.33423,-0.01613],[109.33416,-0.01583],[109.33356,-0.01538],[109.33333,-0.01538],[109.33326,-0.01508],[109.33258,-0.01463],[109.33198,-0.01448],[109.33153,-0.01448],[109.33138,-0.01403],[109.33086,-0.01365],[109.32973,-0.01365],[109.32966,-0.01343],[109.32928,-0.01313],[109.32928,-0.01223],[109.32868,-0.01178],[109.32838,-0.01178],[109.32793,-0.01133],[109.32748,-0.01118],[109.32718,-0.01073],[109.32636,-0.01028],[109.32628,-0.01005],[109.32598,-0.01005],[109.32598,-0.00975],[109.32553,-0.00953],[109.32546,-0.00938],[109.32433,-0.00938],[109.32418,-0.00893],[109.32366,-0.00893],[109.32358,-0.00825],[109.32328,-0.00795],[109.32268,-0.00795],[109.32268,-0.00773],[109.32223,-0.00743],[109.32178,-0.00698],[109.32126,-0.00668],[109.32126,-0.00645],[109.32058,-0.00608],[109.32028,-0.00563],[109.31976,-0.00555],[109.31976,-0.00533],[109.31946,-0.00518],[109.31938,-0.00495],[109.31878,-0.00495],[109.31833,-0.00473],[109.31803,-0.00443],[109.31803,-0.00413],[109.31743,-0.00383],[109.31698,-0.00368],[109.31683,-0.00345],[109.31653,-0.00345],[109.31616,-0.00323],[109.31488,-0.00263],[109.31413,-0.00233],[109.31398,-0.00203],[109.31316,-0.00188],[109.31308,-0.00165],[109.31226,-0.00165],[109.31203,-0.00143],[109.31136,-0.00128],[109.31053,-0.00128],[109.31016,-0.00105],[109.30888,-0.00105],[109.30866,-0.00083],[109.30783,-0.00075],[109.30753,-0.00053],[109.30678,-0.00045],[109.30588,-0.00053],[109.30408,-0.00053],[109.30408,-0.00068],[109.30318,-0.00075],[109.30176,-0.00075],[109.30153,-0.00098],[109.30086,-0.00128],[109.29973,-0.00128],[109.29973,-0.00135],[109.29725,-0.00135],[109.29643,-0.00128],[109.29643,-0.00113],[109.29545,-0.00098],[109.29545,-0.00083],[109.2947,-0.00075],[109.29448,-0.00045],[109.29343,-0.00045],[109.29305,-0.00038],[109.29298,-0.00015],[109.29253,0],[109.31863,0],[109.31863,-0.00023],[109.31893,-0.00038],[109.32006,-0.00075],[109.32118,-0.00075],[109.32133,-0.00098],[109.32133,-0.00135],[109.32186,-0.00173],[109.32193,-0.00203],[109.32223,-0.00218],[109.32276,-0.00218],[109.32306,-0.00233],[109.32343,-0.00293],[109.32396,-0.00308],[109.32403,-0.00338],[109.32448,-0.00353],[109.32486,-0.00353],[109.32486,-0.00375],[109.32523,-0.00383],[109.32523,-0.00428],[109.32583,-0.00443],[109.32613,-0.00473],[109.32613,-0.00495],[109.32658,-0.00503],[109.32696,-0.00525],[109.32703,-0.00578],[109.32763,-0.00615],[109.32793,-0.00623],[109.32823,-0.00668],[109.32883,-0.00705],[109.32883,-0.00728],[109.32928,-0.00735],[109.32958,-0.00758],[109.33108,-0.00908],[109.33123,-0.00938],[109.33168,-0.00953],[109.33198,-0.00975],[109.33206,-0.01028],[109.33251,-0.01028],[109.33251,-0.01058],[109.33296,-0.01088],[109.33318,-0.01088],[109.33363,-0.01133],[109.33363,-0.01163],[109.33416,-0.01193],[109.33416,-0.01245],[109.33476,-0.01298],[109.33476,-0.01335],[109.33498,-0.01358],[109.33528,-0.01358],[109.33588,-0.01403],[109.33603,-0.01433],[109.33626,-0.01433],[109.33633,-0.01478],[109.33693,-0.01493],[109.33716,-0.01523],[109.33768,-0.01553],[109.33768,-0.01575],[109.33806,-0.01575],[109.33813,-0.01628],[109.33843,-0.01665],[109.33896,-0.01748],[109.33948,-0.01763],[109.33956,-0.01793],[109.33986,-0.01808],[109.34053,-0.01808],[109.34046,-0.01778],[109.33993,-0.01755],[109.33978,-0.01725],[109.33933,-0.01695],[109.33858,-0.01598],[109.33843,-0.01553],[109.33806,-0.01538],[109.33768,-0.01493],[109.33708,-0.0144],[109.33686,-0.0144],[109.33671,-0.0141],[109.33633,-0.01395],[109.33558,-0.0132],[109.33521,-0.01305],[109.33498,-0.01245],[109.33468,-0.0123],[109.33446,-0.012],[109.33446,-0.01155],[109.33416,-0.01125],[109.33386,-0.0108],[109.33363,-0.01073],[109.33303,-0.0102],[109.33273,-0.01013],[109.33221,-0.00945],[109.33146,-0.00885],[109.33146,-0.0087],[109.33086,-0.00803],[109.33018,-0.00743],[109.32973,-0.0072],[109.32966,-0.00705],[109.32913,-0.00675],[109.32868,-0.0063],[109.32793,-0.0057],[109.32763,-0.00533],[109.32733,-0.00518],[109.32718,-0.0048],[109.32658,-0.0045],[109.32621,-0.00405],[109.32576,-0.0039],[109.32553,-0.00345],[109.32516,-0.00315],[109.32478,-0.00315],[109.32426,-0.00263],[109.32388,-0.00255],[109.32343,-0.00218],[109.32313,-0.0018],[109.32253,-0.0018],[109.32223,-0.00158],[109.32186,-0.00113],[109.32148,-0.0003],[109.32111,-0.00038],[109.32051,-0.00038],[109.32028,-0.00023],[109.31976,-0.00015],[109.31946,0],[109.31856,0.0006],[109.31803,0.00053],[109.31766,0.00083],[109.31721,0.00098],[109.31706,0.00128],[109.31661,0.00143],[109.31623,0.00143],[109.31601,0.00158],[109.31526,0.00188],[109.31503,0.00188],[109.31443,0.00225],[109.31421,0.0021],[109.31383,0.0021],[109.31376,0.0024],[109.31308,0.00248],[109.31263,0.0024],[109.31233,0.00263],[109.31196,0.00263],[109.31143,0.00285],[109.31113,0.00323],[109.31068,0.00345],[109.31008,0.00345],[109.30963,0.00353],[109.30941,0.00398],[109.30911,0.0042],[109.30866,0.0042],[109.30858,0.00435],[109.30753,0.00428],[109.30716,0.00443],[109.30633,0.0045],[109.30611,0.00465],[109.30573,0.00465],[109.30521,0.00488],[109.30446,0.0048],[109.30431,0.00525],[109.30386,0.00503],[109.30303,0.00495],[109.30198,0.00495],[109.30108,0.00488],[109.30078,0.00518],[109.30018,0.00525],[109.29965,0.00555],[109.29928,0.006],[109.29883,0.00608],[109.29868,0.00623],[109.29823,0.00623],[109.298,0.00638],[109.29778,0.0069],[109.29688,0.00735],[109.29605,0.00788],[109.2953,0.00788],[109.29493,0.0081],[109.29418,0.00818],[109.2932,0.00818],[109.29275,0.0084],[109.29163,0.00825],[109.29058,0.00825],[109.29028,0.00833],[109.28724,0.0059],[109.28694,0.00278],[109.28693,0.0018],[109.28735,0.0018],[109.2875,0.00165],[109.28878,0.00165],[109.28908,0.00173],[109.28945,0.0015],[109.28968,0.0015],[109.29013,0.00128],[109.29035,0.00098],[109.29035,0.00045],[109.2905,0.00038],[109.29125,0.00038],[109.29155,0.00023],[109.29155,-8e-05],[109.29245,-0.00045],[109.29275,-0.00083],[109.2941,-0.00083],[109.2947,-0.0012],[109.29523,-0.00128],[109.29538,-0.00143],[109.29583,-0.00143],[109.29613,-0.00165],[109.2968,-0.00173],[109.29845,-0.00173],[109.29943,-0.0018],[109.30018,-0.00165],[109.30116,-0.00165],[109.30161,-0.0015],[109.30243,-0.00113],[109.30333,-0.00113],[109.30431,-0.00098],[109.30611,-0.00098],[109.30671,-0.0009],[109.30723,-0.00098],[109.30746,-0.00113],[109.30806,-0.0012],[109.30866,-0.00158],[109.30903,-0.0015],[109.30986,-0.0015],[109.31016,-0.00165],[109.31158,-0.0018],[109.31188,-0.00203],[109.31248,-0.00203],[109.31293,-0.00225],[109.31353,-0.0024],[109.31383,-0.0027],[109.31533,-0.00338],[109.31556,-0.00338],[109.31616,-0.00368],[109.31653,-0.00398],[109.31698,-0.00405],[109.31766,-0.00465],[109.31766,-0.00488],[109.31826,-0.00533],[109.31893,-0.00533],[109.31923,-0.0057],[109.31976,-0.006],[109.31998,-0.0063],[109.32043,-0.00653],[109.32118,-0.0072],[109.32186,-0.00788],[109.32223,-0.0081],[109.32238,-0.00848],[109.32291,-0.00833],[109.32313,-0.00855],[109.32313,-0.00908],[109.32336,-0.0093],[109.32366,-0.0093],[109.32388,-0.00968],[109.32448,-0.00998],[109.32501,-0.0099],[109.32546,-0.01013],[109.32546,-0.01043],[109.32591,-0.0105],[109.32613,-0.01073],[109.32673,-0.01103],[109.32741,-0.01178],[109.32763,-0.01178],[109.32816,-0.01208],[109.32831,-0.0123],[109.32883,-0.01268],[109.32883,-0.01298],[109.32861,-0.01328],[109.32891,-0.01343],[109.32921,-0.01388],[109.32966,-0.01425],[109.33003,-0.01425],[109.33041,-0.0141],[109.33078,-0.0144],[109.33078,-0.01455],[109.33116,-0.01485],[109.33198,-0.015],[109.33273,-0.0156],[109.33303,-0.01568],[109.33371,-0.0162],[109.33371,-0.01643],[109.33416,-0.01658],[109.33536,-0.0177],[109.33551,-0.01808],[109.33588,-0.0183],[109.33648,-0.01845],[109.33693,-0.01883],[109.33693,-0.01905],[109.33738,-0.0195],[109.33753,-0.0195],[109.33798,-0.01995],[109.33903,-0.02048],[109.33956,-0.02093],[109.33986,-0.0213],[109.34016,-0.02145],[109.34068,-0.02145],[109.34098,-0.0219],[109.34151,-0.0222],[109.34188,-0.02265],[109.34211,-0.02265],[109.34271,-0.02325],[109.34331,-0.0237],[109.34391,-0.02438],[109.34458,-0.02528],[109.34458,-0.02558],[109.34481,-0.02573],[109.34518,-0.02655],[109.34526,-0.02655],[109.34571,-0.02753],[109.34608,-0.02813],[109.34616,-0.02858],[109.34631,-0.02873],[109.34653,-0.0294],[109.34653,-0.03],[109.34683,-0.03038],[109.34728,-0.03128],[109.34728,-0.0315],[109.34818,-0.0333],[109.34856,-0.0336],[109.34871,-0.0342],[109.35014,-0.0369],[109.35096,-0.03765],[109.35141,-0.0387],[109.35179,-0.03908],[109.35179,-0.03923],[109.35231,-0.03983],[109.35246,-0.03983],[109.35299,-0.04035],[109.35329,-0.04088],[109.35381,-0.04125],[109.35389,-0.04155],[109.35441,-0.042],[109.35441,-0.04215],[109.35479,-0.0426],[109.35599,-0.0438],[109.35674,-0.0447],[109.35704,-0.04478],[109.35741,-0.04515],[109.35771,-0.0453],[109.35824,-0.0459],[109.35876,-0.04635],[109.35921,-0.04665],[109.35966,-0.0471],[109.35966,-0.04725],[109.36041,-0.04793],[109.36041,-0.04808],[109.36079,-0.04845],[109.36094,-0.04845],[109.36161,-0.04898],[109.36169,-0.04935],[109.36206,-0.04958],[109.36296,-0.05048],[109.36296,-0.05063],[109.36349,-0.05108],[109.36371,-0.05153],[109.36424,-0.05198],[109.36439,-0.05258],[109.36469,-0.05326],[109.36529,-0.05371],[109.36559,-0.05431],[109.36559,-0.05498],[109.36619,-0.05566],[109.36649,-0.05581],[109.36694,-0.05671],[109.36709,-0.05678],[109.36731,-0.05731],[109.36835,-0.05822],[109.36859,-0.05798]],[[109.29853,0.00458],[109.2986,0.0039],[109.29845,0.00375],[109.29808,0.00383],[109.29748,0.00383],[109.29665,0.00443],[109.2962,0.00525],[109.2971,0.00518],[109.29748,0.00533],[109.29763,0.00518],[109.29815,0.0051],[109.29853,0.00473],[109.29853,0.00458]]]},"properties":{"STREAM_ID":1}},{"type":"Feature","geometry":{"type":"Polygon","coordinates":[[[109.37676,-0.0201],[109.37704,-0.02019],[109.37699,-0.0197],[109.37741,-0.0187],[109.37699,-0.01898],[109.37691,-0.01965],[109.37676,-0.0201]]]},"properties":{"STREAM_ID":1}},{"type":"Feature","geometry":{"type":"Polygon","coordinates":[[[109.37054,-0.05948],[109.37084,-0.05963],[109.37114,-0.06023],[109.37136,-0.06053],[109.37166,-0.06053],[109.37196,-0.06098],[109.37219,-0.06098],[109.37226,-0.06136],[109.37249,-0.06143],[109.37249,-0.06226],[109.37264,-0.06248],[109.37306,-0.06263],[109.37331,-0.06226],[109.37286,-0.06188],[109.37279,-0.06151],[109.37294,-0.06136],[109.37249,-0.06053],[109.37196,-0.06023],[109.37136,-0.05963],[109.37114,-0.05918],[109.37054,-0.05918],[109.37054,-0.05948]]]},"properties":{"STREAM_ID":1}},{"type":"Feature","geometry":{"type":"Polygon","coordinates":[[[109.37054,-0.05948],[109.37084,-0.05963],[109.37114,-0.06023],[109.37136,-0.06053],[109.37166,-0.06053],[109.37196,-0.06098],[109.37219,-0.06098],[109.37226,-0.06136],[109.37249,-0.06143],[109.37249,-0.06226],[109.37264,-0.06248],[109.37306,-0.06263],[109.37331,-0.06226],[109.37286,-0.06188],[109.37279,-0.06151],[109.37294,-0.06136],[109.37249,-0.06053],[109.37196,-0.06023],[109.37136,-0.05963],[109.37114,-0.05918],[109.37054,-0.05918],[109.37054,-0.05948]]]},"properties":{"STREAM_ID":1}},{"type":"Feature","geometry":{"type":"Polygon","coordinates":[[[109.37796,-0.01743],[109.37813,-0.01657],[109.37878,-0.01613],[109.37882,-0.01594],[109.37837,-0.01553],[109.37826,-0.01575],[109.37871,-0.01605],[109.37826,-0.01635],[109.37796,-0.01673],[109.37796,-0.01743]]]},"properties":{"STREAM_ID":1}},{"type":"Feature","geometry":{"type":"Polygon","coordinates":[[[109.37676,-0.0201],[109.37704,-0.02019],[109.37699,-0.0197],[109.37741,-0.0187],[109.37699,-0.01898],[109.37691,-0.01965],[109.37676,-0.0201]]]},"properties":{"STREAM_ID":1}},{"type":"Feature","geometry":{"type":"Polygon","coordinates":[[[109.36859,-0.05798],[109.36836,-0.05723],[109.36799,-0.05708],[109.36799,-0.05686],[109.36769,-0.05678],[109.36769,-0.05656],[109.36724,-0.05603],[109.36716,-0.05573],[109.36686,-0.05543],[109.36626,-0.05498],[109.36619,-0.05438],[109.36589,-0.05348],[109.36536,-0.05303],[109.36506,-0.05288],[109.36499,-0.05228],[109.36469,-0.05168],[109.36409,-0.05108],[109.36349,-0.05026],[109.36319,-0.05018],[109.36319,-0.04995],[109.36274,-0.04965],[109.36274,-0.04943],[109.36229,-0.04928],[109.36199,-0.04853],[109.36094,-0.04785],[109.36094,-0.04763],[109.36064,-0.04755],[109.36056,-0.04725],[109.36004,-0.04688],[109.36004,-0.04665],[109.35974,-0.04658],[109.35959,-0.04628],[109.35876,-0.04553],[109.35839,-0.04538],[109.35839,-0.04515],[109.35786,-0.04485],[109.35734,-0.04433],[109.35704,-0.04425],[109.35704,-0.04403],[109.35479,-0.04178],[109.35434,-0.04118],[109.35434,-0.04095],[109.35359,-0.04035],[109.35359,-0.04013],[109.35329,-0.03998],[109.35329,-0.03975],[109.35284,-0.03953],[109.35216,-0.03885],[109.35179,-0.03825],[109.35179,-0.03795],[109.35156,-0.03788],[109.35149,-0.03743],[109.35126,-0.03713],[109.35096,-0.03698],[109.35066,-0.03653],[109.35044,-0.03645],[109.35036,-0.03593],[109.35014,-0.03578],[109.34983,-0.03518],[109.34953,-0.03473],[109.34938,-0.03413],[109.34908,-0.03383],[109.34908,-0.03338],[109.34856,-0.03263],[109.34833,-0.03255],[109.34818,-0.03195],[109.34773,-0.03143],[109.34766,-0.03083],[109.34736,-0.03053],[109.34736,-0.03023],[109.34683,-0.02963],[109.34683,-0.02873],[109.34653,-0.02828],[109.34638,-0.02745],[109.34593,-0.02715],[109.34593,-0.02693],[109.34563,-0.02655],[109.34556,-0.02603],[109.34533,-0.02588],[109.34518,-0.02535],[109.34496,-0.02528],[109.34496,-0.02498],[109.34473,-0.02483],[109.34466,-0.02445],[109.34443,-0.02438],[109.34428,-0.02393],[109.34376,-0.02363],[109.34368,-0.02333],[109.34308,-0.02288],[109.34278,-0.02243],[109.34226,-0.02205],[109.34203,-0.02205],[109.34188,-0.02175],[109.34136,-0.02145],[109.34128,-0.02108],[109.34053,-0.02108],[109.34038,-0.02078],[109.33993,-0.02063],[109.33978,-0.02033],[109.33956,-0.02033],[109.33933,-0.02003],[109.33836,-0.01958],[109.33806,-0.01913],[109.33768,-0.01905],[109.33723,-0.01868],[109.33723,-0.01845],[109.33678,-0.01808],[109.33678,-0.01793],[109.33603,-0.01785],[109.33573,-0.01733],[109.33543,-0.01718],[109.33528,-0.01673],[109.33498,-0.01665],[109.33453,-0.01613],[109.33423,-0.01613],[109.33416,-0.01583],[109.33356,-0.01538],[109.33333,-0.01538],[109.33326,-0.01508],[109.33258,-0.01463],[109.33198,-0.01448],[109.33153,-0.01448],[109.33138,-0.01403],[109.33086,-0.01365],[109.32973,-0.01365],[109.32966,-0.01343],[109.32928,-0.01313],[109.32928,-0.01223],[109.32868,-0.01178],[109.32838,-0.01178],[109.32793,-0.01133],[109.32748,-0.01118],[109.32718,-0.01073],[109.32636,-0.01028],[109.32628,-0.01005],[109.32598,-0.01005],[109.32598,-0.00975],[109.32553,-0.00953],[109.32546,-0.00938],[109.32433,-0.00938],[109.32418,-0.00893],[109.32366,-0.00893],[109.32358,-0.00825],[109.32328,-0.00795],[109.32268,-0.00795],[109.32268,-0.00773],[109.32223,-0.00743],[109.32178,-0.00698],[109.32126,-0.00668],[109.32126,-0.00645],[109.32058,-0.00608],[109.32028,-0.00563],[109.31976,-0.00555],[109.31976,-0.00533],[109.31946,-0.00518],[109.31938,-0.00495],[109.31878,-0.00495],[109.31833,-0.00473],[109.31803,-0.00443],[109.31803,-0.00413],[109.31743,-0.00383],[109.31698,-0.00368],[109.31683,-0.00345],[109.31653,-0.00345],[109.31616,-0.00323],[109.31488,-0.00263],[109.31413,-0.00233],[109.31398,-0.00203],[109.31316,-0.00188],[109.31308,-0.00165],[109.31226,-0.00165],[109.31203,-0.00143],[109.31136,-0.00128],[109.31053,-0.00128],[109.31016,-0.00105],[109.30888,-0.00105],[109.30866,-0.00083],[109.30783,-0.00075],[109.30753,-0.00053],[109.30678,-0.00045],[109.30588,-0.00053],[109.30408,-0.00053],[109.30408,-0.00068],[109.30318,-0.00075],[109.30176,-0.00075],[109.30153,-0.00098],[109.30086,-0.00128],[109.29973,-0.00128],[109.29973,-0.00135],[109.29725,-0.00135],[109.29643,-0.00128],[109.29643,-0.00113],[109.29545,-0.00098],[109.29545,-0.00083],[109.2947,-0.00075],[109.29448,-0.00045],[109.29343,-0.00045],[109.29305,-0.00038],[109.29298,-0.00015],[109.29253,0],[109.31863,0],[109.31863,-0.00023],[109.31893,-0.00038],[109.32006,-0.00075],[109.32118,-0.00075],[109.32133,-0.00098],[109.32133,-0.00135],[109.32186,-0.00173],[109.32193,-0.00203],[109.32223,-0.00218],[109.32276,-0.00218],[109.32306,-0.00233],[109.32343,-0.00293],[109.32396,-0.00308],[109.32403,-0.00338],[109.32448,-0.00353],[109.32486,-0.00353],[109.32486,-0.00375],[109.32523,-0.00383],[109.32523,-0.00428],[109.32583,-0.00443],[109.32613,-0.00473],[109.32613,-0.00495],[109.32658,-0.00503],[109.32696,-0.00525],[109.32703,-0.00578],[109.32763,-0.00615],[109.32793,-0.00623],[109.32823,-0.00668],[109.32883,-0.00705],[109.32883,-0.00728],[109.32928,-0.00735],[109.32958,-0.00758],[109.33108,-0.00908],[109.33123,-0.00938],[109.33168,-0.00953],[109.33198,-0.00975],[109.33206,-0.01028],[109.33251,-0.01028],[109.33251,-0.01058],[109.33296,-0.01088],[109.33318,-0.01088],[109.33363,-0.01133],[109.33363,-0.01163],[109.33416,-0.01193],[109.33416,-0.01245],[109.33476,-0.01298],[109.33476,-0.01335],[109.33498,-0.01358],[109.33528,-0.01358],[109.33588,-0.01403],[109.33603,-0.01433],[109.33626,-0.01433],[109.33633,-0.01478],[109.33693,-0.01493],[109.33716,-0.01523],[109.33768,-0.01553],[109.33768,-0.01575],[109.33806,-0.01575],[109.33813,-0.01628],[109.33843,-0.01665],[109.33896,-0.01748],[109.33948,-0.01763],[109.33956,-0.01793],[109.33986,-0.01808],[109.34053,-0.01808],[109.34046,-0.01778],[109.33993,-0.01755],[109.33978,-0.01725],[109.33933,-0.01695],[109.33858,-0.01598],[109.33843,-0.01553],[109.33806,-0.01538],[109.33768,-0.01493],[109.33708,-0.0144],[109.33686,-0.0144],[109.33671,-0.0141],[109.33633,-0.01395],[109.33558,-0.0132],[109.33521,-0.01305],[109.33498,-0.01245],[109.33468,-0.0123],[109.33446,-0.012],[109.33446,-0.01155],[109.33416,-0.01125],[109.33386,-0.0108],[109.33363,-0.01073],[109.33303,-0.0102],[109.33273,-0.01013],[109.33221,-0.00945],[109.33146,-0.00885],[109.33146,-0.0087],[109.33086,-0.00803],[109.33018,-0.00743],[109.32973,-0.0072],[109.32966,-0.00705],[109.32913,-0.00675],[109.32868,-0.0063],[109.32793,-0.0057],[109.32763,-0.00533],[109.32733,-0.00518],[109.32718,-0.0048],[109.32658,-0.0045],[109.32621,-0.00405],[109.32576,-0.0039],[109.32553,-0.00345],[109.32516,-0.00315],[109.32478,-0.00315],[109.32426,-0.00263],[109.32388,-0.00255],[109.32343,-0.00218],[109.32313,-0.0018],[109.32253,-0.0018],[109.32223,-0.00158],[109.32186,-0.00113],[109.32148,-0.0003],[109.32111,-0.00038],[109.32051,-0.00038],[109.32028,-0.00023],[109.31976,-0.00015],[109.31946,0],[109.31856,0.0006],[109.31803,0.00053],[109.31766,0.00083],[109.31721,0.00098],[109.31706,0.00128],[109.31661,0.00143],[109.31623,0.00143],[109.31601,0.00158],[109.31526,0.00188],[109.31503,0.00188],[109.31443,0.00225],[109.31421,0.0021],[109.31383,0.0021],[109.31376,0.0024],[109.31308,0.00248],[109.31263,0.0024],[109.31233,0.00263],[109.31196,0.00263],[109.31143,0.00285],[109.31113,0.00323],[109.31068,0.00345],[109.31008,0.00345],[109.30963,0.00353],[109.30941,0.00398],[109.30911,0.0042],[109.30866,0.0042],[109.30858,0.00435],[109.30753,0.00428],[109.30716,0.00443],[109.30633,0.0045],[109.30611,0.00465],[109.30573,0.00465],[109.30521,0.00488],[109.30446,0.0048],[109.30431,0.00525],[109.30386,0.00503],[109.30303,0.00495],[109.30198,0.00495],[109.30108,0.00488],[109.30078,0.00518],[109.30018,0.00525],[109.29965,0.00555],[109.29928,0.006],[109.29883,0.00608],[109.29868,0.00623],[109.29823,0.00623],[109.298,0.00638],[109.29778,0.0069],[109.29688,0.00735],[109.29605,0.00788],[109.2953,0.00788],[109.29493,0.0081],[109.29418,0.00818],[109.2932,0.00818],[109.29275,0.0084],[109.29163,0.00825],[109.29058,0.00825],[109.29028,0.00833],[109.28724,0.0059],[109.28694,0.00278],[109.28693,0.0018],[109.28735,0.0018],[109.2875,0.00165],[109.28878,0.00165],[109.28908,0.00173],[109.28945,0.0015],[109.28968,0.0015],[109.29013,0.00128],[109.29035,0.00098],[109.29035,0.00045],[109.2905,0.00038],[109.29125,0.00038],[109.29155,0.00023],[109.29155,-8e-05],[109.29245,-0.00045],[109.29275,-0.00083],[109.2941,-0.00083],[109.2947,-0.0012],[109.29523,-0.00128],[109.29538,-0.00143],[109.29583,-0.00143],[109.29613,-0.00165],[109.2968,-0.00173],[109.29845,-0.00173],[109.29943,-0.0018],[109.30018,-0.00165],[109.30116,-0.00165],[109.30161,-0.0015],[109.30243,-0.00113],[109.30333,-0.00113],[109.30431,-0.00098],[109.30611,-0.00098],[109.30671,-0.0009],[109.30723,-0.00098],[109.30746,-0.00113],[109.30806,-0.0012],[109.30866,-0.00158],[109.30903,-0.0015],[109.30986,-0.0015],[109.31016,-0.00165],[109.31158,-0.0018],[109.31188,-0.00203],[109.31248,-0.00203],[109.31293,-0.00225],[109.31353,-0.0024],[109.31383,-0.0027],[109.31533,-0.00338],[109.31556,-0.00338],[109.31616,-0.00368],[109.31653,-0.00398],[109.31698,-0.00405],[109.31766,-0.00465],[109.31766,-0.00488],[109.31826,-0.00533],[109.31893,-0.00533],[109.31923,-0.0057],[109.31976,-0.006],[109.31998,-0.0063],[109.32043,-0.00653],[109.32118,-0.0072],[109.32186,-0.00788],[109.32223,-0.0081],[109.32238,-0.00848],[109.32291,-0.00833],[109.32313,-0.00855],[109.32313,-0.00908],[109.32336,-0.0093],[109.32366,-0.0093],[109.32388,-0.00968],[109.32448,-0.00998],[109.32501,-0.0099],[109.32546,-0.01013],[109.32546,-0.01043],[109.32591,-0.0105],[109.32613,-0.01073],[109.32673,-0.01103],[109.32741,-0.01178],[109.32763,-0.01178],[109.32816,-0.01208],[109.32831,-0.0123],[109.32883,-0.01268],[109.32883,-0.01298],[109.32861,-0.01328],[109.32891,-0.01343],[109.32921,-0.01388],[109.32966,-0.01425],[109.33003,-0.01425],[109.33041,-0.0141],[109.33078,-0.0144],[109.33078,-0.01455],[109.33116,-0.01485],[109.33198,-0.015],[109.33273,-0.0156],[109.33303,-0.01568],[109.33371,-0.0162],[109.33371,-0.01643],[109.33416,-0.01658],[109.33536,-0.0177],[109.33551,-0.01808],[109.33588,-0.0183],[109.33648,-0.01845],[109.33693,-0.01883],[109.33693,-0.01905],[109.33738,-0.0195],[109.33753,-0.0195],[109.33798,-0.01995],[109.33903,-0.02048],[109.33956,-0.02093],[109.33986,-0.0213],[109.34016,-0.02145],[109.34068,-0.02145],[109.34098,-0.0219],[109.34151,-0.0222],[109.34188,-0.02265],[109.34211,-0.02265],[109.34271,-0.02325],[109.34331,-0.0237],[109.34391,-0.02438],[109.34458,-0.02528],[109.34458,-0.02558],[109.34481,-0.02573],[109.34518,-0.02655],[109.34526,-0.02655],[109.34571,-0.02753],[109.34608,-0.02813],[109.34616,-0.02858],[109.34631,-0.02873],[109.34653,-0.0294],[109.34653,-0.03],[109.34683,-0.03038],[109.34728,-0.03128],[109.34728,-0.0315],[109.34818,-0.0333],[109.34856,-0.0336],[109.34871,-0.0342],[109.35014,-0.0369],[109.35096,-0.03765],[109.35141,-0.0387],[109.35179,-0.03908],[109.35179,-0.03923],[109.35231,-0.03983],[109.35246,-0.03983],[109.35299,-0.04035],[109.35329,-0.04088],[109.35381,-0.04125],[109.35389,-0.04155],[109.35441,-0.042],[109.35441,-0.04215],[109.35479,-0.0426],[109.35599,-0.0438],[109.35674,-0.0447],[109.35704,-0.04478],[109.35741,-0.04515],[109.35771,-0.0453],[109.35824,-0.0459],[109.35876,-0.04635],[109.35921,-0.04665],[109.35966,-0.0471],[109.35966,-0.04725],[109.36041,-0.04793],[109.36041,-0.04808],[109.36079,-0.04845],[109.36094,-0.04845],[109.36161,-0.04898],[109.36169,-0.04935],[109.36206,-0.04958],[109.36296,-0.05048],[109.36296,-0.05063],[109.36349,-0.05108],[109.36371,-0.05153],[109.36424,-0.05198],[109.36439,-0.05258],[109.36469,-0.05326],[109.36529,-0.05371],[109.36559,-0.05431],[109.36559,-0.05498],[109.36619,-0.05566],[109.36649,-0.05581],[109.36694,-0.05671],[109.36709,-0.05678],[109.36731,-0.05731],[109.36835,-0.05822],[109.36859,-0.05798]],[[109.29853,0.00458],[109.2986,0.0039],[109.29845,0.00375],[109.29808,0.00383],[109.29748,0.00383],[109.29665,0.00443],[109.2962,0.00525],[109.2971,0.00518],[109.29748,0.00533],[109.29763,0.00518],[109.29815,0.0051],[109.29853,0.00473],[109.29853,0.00458]]]},"properties":{"STREAM_ID":1}},{"type":"Feature","geometry":{"type":"Polygon","coordinates":[[[109.37796,-0.01743],[109.37813,-0.01657],[109.37878,-0.01613],[109.37882,-0.01594],[109.37837,-0.01553],[109.37826,-0.01575],[109.37871,-0.01605],[109.37826,-0.01635],[109.37796,-0.01673],[109.37796,-0.01743]]]},"properties":{"STREAM_ID":1}},{"type":"Feature","geometry":{"type":"Polygon","coordinates":[[[109.37054,-0.05948],[109.37084,-0.05963],[109.37114,-0.06023],[109.37136,-0.06053],[109.37166,-0.06053],[109.37196,-0.06098],[109.37219,-0.06098],[109.37226,-0.06136],[109.37249,-0.06143],[109.37249,-0.06226],[109.37264,-0.06248],[109.37306,-0.06263],[109.37331,-0.06226],[109.37286,-0.06188],[109.37279,-0.06151],[109.37294,-0.06136],[109.37249,-0.06053],[109.37196,-0.06023],[109.37136,-0.05963],[109.37114,-0.05918],[109.37054,-0.05918],[109.37054,-0.05948]]]},"properties":{"STREAM_ID":1}},{"type":"Feature","geometry":{"type":"Polygon","coordinates":[[[109.36953,-0.05836],[109.36979,-0.05858],[109.37024,-0.05873],[109.37046,-0.05843],[109.36979,-0.05783],[109.36949,-0.05776],[109.36934,-0.05746],[109.36926,-0.05678],[109.36911,-0.05671],[109.36881,-0.05611],[109.36881,-0.05581],[109.36851,-0.05521],[109.36836,-0.05513],[109.36814,-0.05468],[109.36754,-0.05401],[109.36754,-0.05386],[109.36686,-0.05326],[109.36649,-0.05243],[109.36529,-0.05078],[109.36514,-0.05041],[109.36371,-0.04898],[109.36349,-0.04853],[109.36319,-0.04815],[109.36184,-0.0468],[109.36184,-0.04665],[109.36146,-0.04628],[109.36094,-0.0459],[109.36026,-0.04523],[109.35989,-0.04508],[109.35906,-0.04425],[109.35891,-0.04425],[109.35831,-0.04358],[109.35771,-0.04298],[109.35719,-0.04253],[109.35651,-0.04185],[109.35651,-0.0417],[109.35569,-0.04088],[109.35539,-0.04035],[109.35486,-0.0399],[109.35456,-0.03975],[109.35374,-0.0387],[109.35321,-0.03818],[109.35276,-0.03728],[109.35209,-0.03653],[109.35209,-0.03638],[109.35156,-0.03578],[109.35149,-0.03548],[109.35119,-0.03503],[109.35119,-0.0348],[109.35096,-0.0345],[109.35096,-0.03428],[109.35066,-0.03368],[109.35029,-0.03345],[109.34998,-0.033],[109.34961,-0.03218],[109.34916,-0.03158],[109.34878,-0.03075],[109.34878,-0.03053],[109.34848,-0.03008],[109.34826,-0.02948],[109.34758,-0.0282],[109.34751,-0.0273],[109.34713,-0.027],[109.34668,-0.02633],[109.34646,-0.02573],[109.34631,-0.02558],[109.34631,-0.02475],[109.34653,-0.02445],[109.34653,-0.02348],[109.34706,-0.02318],[109.34923,-0.02318],[109.34968,-0.02295],[109.35029,-0.02295],[109.35059,-0.0228],[109.35126,-0.02288],[109.35156,-0.02265],[109.35201,-0.0225],[109.35299,-0.0225],[109.35329,-0.02228],[109.35374,-0.02228],[109.35404,-0.02198],[109.35479,-0.02183],[109.35584,-0.02183],[109.35621,-0.02153],[109.35674,-0.02153],[109.35689,-0.02183],[109.35741,-0.0216],[109.35831,-0.0216],[109.35876,-0.02153],[109.35914,-0.0216],[109.35944,-0.02145],[109.36034,-0.02063],[109.36094,-0.02063],[109.36146,-0.02108],[109.36184,-0.02108],[109.36236,-0.02093],[109.36274,-0.02115],[109.36289,-0.02085],[109.36356,-0.02093],[109.36446,-0.02093],[109.36514,-0.02085],[109.36581,-0.02115],[109.36761,-0.02115],[109.36784,-0.02123],[109.36814,-0.021],[109.36859,-0.021],[109.36904,-0.02153],[109.36971,-0.02175],[109.37054,-0.02175],[109.37069,-0.0219],[109.37106,-0.0219],[109.37159,-0.02213],[109.37166,-0.02235],[109.37204,-0.02235],[109.37249,-0.0225],[109.37286,-0.0228],[109.37324,-0.0228],[109.37354,-0.02303],[109.37414,-0.02333],[109.37436,-0.02333],[109.37519,-0.02363],[109.37526,-0.02378],[109.37571,-0.02393],[109.37609,-0.02393],[109.37661,-0.02423],[109.37676,-0.02453],[109.37729,-0.0246],[109.37759,-0.02483],[109.37819,-0.02475],[109.37864,-0.02513],[109.37931,-0.0252],[109.38029,-0.0252],[109.38066,-0.02528],[109.38119,-0.0255],[109.38194,-0.02558],[109.38216,-0.02543],[109.38254,-0.02543],[109.38305,-0.02573],[109.38315,-0.0251],[109.37956,-0.0244],[109.37795,-0.02379],[109.37607,-0.0231],[109.37678,-0.02196],[109.37624,-0.02183],[109.37579,-0.0213],[109.37549,-0.02108],[109.37489,-0.021],[109.37451,-0.02085],[109.37436,-0.02063],[109.37339,-0.02063],[109.37294,-0.02025],[109.37286,-0.01995],[109.37129,-0.01943],[109.37061,-0.01898],[109.36889,-0.01898],[109.36859,-0.01883],[109.36806,-0.01883],[109.36769,-0.0186],[109.36716,-0.01875],[109.36664,-0.01875],[109.36619,-0.01853],[109.36574,-0.01845],[109.36514,-0.01845],[109.36476,-0.01875],[109.36431,-0.01868],[109.36371,-0.01868],[109.36334,-0.0186],[109.36311,-0.01875],[109.36124,-0.01875],[109.36124,-0.01883],[109.36019,-0.01883],[109.35981,-0.01913],[109.35921,-0.01913],[109.35861,-0.01905],[109.35839,-0.0192],[109.35779,-0.0192],[109.35734,-0.01928],[109.35711,-0.01943],[109.35651,-0.0195],[109.35524,-0.0195],[109.35441,-0.02025],[109.35396,-0.02048],[109.35314,-0.02048],[109.35276,-0.02063],[109.35201,-0.02063],[109.35186,-0.02093],[109.35074,-0.02108],[109.35051,-0.02123],[109.34923,-0.02123],[109.34908,-0.02138],[109.34871,-0.02138],[109.34833,-0.02153],[109.34571,-0.02153],[109.34496,-0.02138],[109.34421,-0.02108],[109.34361,-0.02063],[109.34301,-0.0204],[109.34293,-0.02025],[109.34203,-0.01973],[109.34181,-0.01928],[109.34128,-0.01913],[109.34098,-0.01875],[109.34061,-0.0189],[109.34061,-0.01913],[109.34106,-0.01958],[109.34166,-0.01973],[109.34166,-0.02018],[109.34188,-0.02018],[109.34218,-0.02048],[109.34256,-0.02055],[109.34316,-0.02108],[109.34338,-0.02108],[109.34353,-0.02138],[109.34428,-0.02153],[109.34458,-0.02175],[109.34518,-0.02175],[109.34548,-0.02198],[109.34638,-0.02198],[109.34646,-0.02213],[109.34646,-0.02295],[109.34616,-0.02295],[109.34616,-0.02423],[109.34593,-0.02445],[109.34593,-0.02573],[109.34623,-0.02648],[109.34646,-0.02685],[109.34668,-0.02693],[109.34683,-0.02745],[109.34728,-0.02775],[109.34728,-0.02858],[109.34743,-0.02918],[109.34773,-0.02955],[109.34773,-0.02985],[109.34796,-0.02993],[109.34818,-0.03023],[109.34833,-0.03098],[109.34856,-0.03113],[109.34856,-0.03143],[109.34878,-0.03188],[109.34908,-0.03218],[109.34923,-0.03285],[109.34946,-0.03293],[109.34953,-0.03338],[109.34976,-0.03368],[109.35036,-0.03405],[109.35044,-0.03465],[109.35089,-0.03518],[109.35089,-0.03555],[109.35104,-0.03593],[109.35134,-0.03623],[109.35134,-0.03645],[109.35179,-0.03675],[109.35179,-0.03698],[109.35224,-0.03758],[109.35269,-0.03795],[109.35276,-0.03848],[109.35306,-0.03863],[109.35329,-0.03893],[109.35344,-0.03938],[109.35404,-0.04005],[109.35434,-0.04028],[109.35479,-0.04043],[109.35516,-0.04088],[109.35524,-0.04118],[109.35576,-0.04178],[109.35599,-0.04185],[109.35629,-0.04238],[109.35659,-0.04253],[109.35674,-0.04298],[109.35704,-0.04313],[109.35899,-0.04508],[109.35929,-0.04523],[109.35936,-0.04545],[109.36004,-0.0456],[109.36019,-0.04598],[109.36056,-0.04613],[109.36079,-0.04658],[109.36116,-0.04673],[109.36124,-0.04695],[109.36169,-0.04695],[109.36161,-0.04733],[109.36214,-0.04793],[109.36259,-0.04815],[109.36274,-0.04853],[109.36319,-0.04883],[109.36334,-0.04935],[109.36409,-0.05018],[109.36469,-0.05063],[109.36514,-0.05146],[109.36536,-0.05153],[109.36566,-0.05213],[109.36589,-0.05221],[109.36589,-0.05258],[109.36619,-0.05288],[109.36634,-0.05348],[109.36664,-0.05363],[109.36716,-0.05416],[109.36724,-0.05468],[109.36739,-0.05468],[109.36784,-0.05513],[109.36829,-0.05573],[109.36859,-0.05663],[109.36889,-0.05716],[109.36902,-0.05765],[109.36949,-0.05828],[109.36949,-0.0583],[109.36953,-0.05836]]]},"properties":{"STREAM_ID":1}},{"type":"Feature","geometry":{"type":"Polygon","coordinates":[[[109.37796,-0.01743],[109.37813,-0.01657],[109.37878,-0.01613],[109.37882,-0.01594],[109.37837,-0.01553],[109.37826,-0.01575],[109.37871,-0.01605],[109.37826,-0.01635],[109.37796,-0.01673],[109.37796,-0.01743]]]},"properties":{"STREAM_ID":1}},{"type":"Feature","geometry":{"type":"Polygon","coordinates":[[[109.36859,-0.05798],[109.36836,-0.05723],[109.36799,-0.05708],[109.36799,-0.05686],[109.36769,-0.05678],[109.36769,-0.05656],[109.36724,-0.05603],[109.36716,-0.05573],[109.36686,-0.05543],[109.36626,-0.05498],[109.36619,-0.05438],[109.36589,-0.05348],[109.36536,-0.05303],[109.36506,-0.05288],[109.36499,-0.05228],[109.36469,-0.05168],[109.36409,-0.05108],[109.36349,-0.05026],[109.36319,-0.05018],[109.36319,-0.04995],[109.36274,-0.04965],[109.36274,-0.04943],[109.36229,-0.04928],[109.36199,-0.04853],[109.36094,-0.04785],[109.36094,-0.04763],[109.36064,-0.04755],[109.36056,-0.04725],[109.36004,-0.04688],[109.36004,-0.04665],[109.35974,-0.04658],[109.35959,-0.04628],[109.35876,-0.04553],[109.35839,-0.04538],[109.35839,-0.04515],[109.35786,-0.04485],[109.35734,-0.04433],[109.35704,-0.04425],[109.35704,-0.04403],[109.35479,-0.04178],[109.35434,-0.04118],[109.35434,-0.04095],[109.35359,-0.04035],[109.35359,-0.04013],[109.35329,-0.03998],[109.35329,-0.03975],[109.35284,-0.03953],[109.35216,-0.03885],[109.35179,-0.03825],[109.35179,-0.03795],[109.35156,-0.03788],[109.35149,-0.03743],[109.35126,-0.03713],[109.35096,-0.03698],[109.35066,-0.03653],[109.35044,-0.03645],[109.35036,-0.03593],[109.35014,-0.03578],[109.34983,-0.03518],[109.34953,-0.03473],[109.34938,-0.03413],[109.34908,-0.03383],[109.34908,-0.03338],[109.34856,-0.03263],[109.34833,-0.03255],[109.34818,-0.03195],[109.34773,-0.03143],[109.34766,-0.03083],[109.34736,-0.03053],[109.34736,-0.03023],[109.34683,-0.02963],[109.34683,-0.02873],[109.34653,-0.02828],[109.34638,-0.02745],[109.34593,-0.02715],[109.34593,-0.02693],[109.34563,-0.02655],[109.34556,-0.02603],[109.34533,-0.02588],[109.34518,-0.02535],[109.34496,-0.02528],[109.34496,-0.02498],[109.34473,-0.02483],[109.34466,-0.02445],[109.34443,-0.02438],[109.34428,-0.02393],[109.34376,-0.02363],[109.34368,-0.02333],[109.34308,-0.02288],[109.34278,-0.02243],[109.34226,-0.02205],[109.34203,-0.02205],[109.34188,-0.02175],[109.34136,-0.02145],[109.34128,-0.02108],[109.34053,-0.02108],[109.34038,-0.02078],[109.33993,-0.02063],[109.33978,-0.02033],[109.33956,-0.02033],[109.33933,-0.02003],[109.33836,-0.01958],[109.33806,-0.01913],[109.33768,-0.01905],[109.33723,-0.01868],[109.33723,-0.01845],[109.33678,-0.01808],[109.33678,-0.01793],[109.33603,-0.01785],[109.33573,-0.01733],[109.33543,-0.01718],[109.33528,-0.01673],[109.33498,-0.01665],[109.33453,-0.01613],[109.33423,-0.01613],[109.33416,-0.01583],[109.33356,-0.01538],[109.33333,-0.01538],[109.33326,-0.01508],[109.33258,-0.01463],[109.33198,-0.01448],[109.33153,-0.01448],[109.33138,-0.01403],[109.33086,-0.01365],[109.32973,-0.01365],[109.32966,-0.01343],[109.32928,-0.01313],[109.32928,-0.01223],[109.32868,-0.01178],[109.32838,-0.01178],[109.32793,-0.01133],[109.32748,-0.01118],[109.32718,-0.01073],[109.32636,-0.01028],[109.32628,-0.01005],[109.32598,-0.01005],[109.32598,-0.00975],[109.32553,-0.00953],[109.32546,-0.00938],[109.32433,-0.00938],[109.32418,-0.00893],[109.32366,-0.00893],[109.32358,-0.00825],[109.32328,-0.00795],[109.32268,-0.00795],[109.32268,-0.00773],[109.32223,-0.00743],[109.32178,-0.00698],[109.32126,-0.00668],[109.32126,-0.00645],[109.32058,-0.00608],[109.32028,-0.00563],[109.31976,-0.00555],[109.31976,-0.00533],[109.31946,-0.00518],[109.31938,-0.00495],[109.31878,-0.00495],[109.31833,-0.00473],[109.31803,-0.00443],[109.31803,-0.00413],[109.31743,-0.00383],[109.31698,-0.00368],[109.31683,-0.00345],[109.31653,-0.00345],[109.31616,-0.00323],[109.31488,-0.00263],[109.31413,-0.00233],[109.31398,-0.00203],[109.31316,-0.00188],[109.31308,-0.00165],[109.31226,-0.00165],[109.31203,-0.00143],[109.31136,-0.00128],[109.31053,-0.00128],[109.31016,-0.00105],[109.30888,-0.00105],[109.30866,-0.00083],[109.30783,-0.00075],[109.30753,-0.00053],[109.30678,-0.00045],[109.30588,-0.00053],[109.30408,-0.00053],[109.30408,-0.00068],[109.30318,-0.00075],[109.30176,-0.00075],[109.30153,-0.00098],[109.30086,-0.00128],[109.29973,-0.00128],[109.29973,-0.00135],[109.29725,-0.00135],[109.29643,-0.00128],[109.29643,-0.00113],[109.29545,-0.00098],[109.29545,-0.00083],[109.2947,-0.00075],[109.29448,-0.00045],[109.29343,-0.00045],[109.29305,-0.00038],[109.29298,-0.00015],[109.29253,0],[109.31863,0],[109.31863,-0.00023],[109.31893,-0.00038],[109.32006,-0.00075],[109.32118,-0.00075],[109.32133,-0.00098],[109.32133,-0.00135],[109.32186,-0.00173],[109.32193,-0.00203],[109.32223,-0.00218],[109.32276,-0.00218],[109.32306,-0.00233],[109.32343,-0.00293],[109.32396,-0.00308],[109.32403,-0.00338],[109.32448,-0.00353],[109.32486,-0.00353],[109.32486,-0.00375],[109.32523,-0.00383],[109.32523,-0.00428],[109.32583,-0.00443],[109.32613,-0.00473],[109.32613,-0.00495],[109.32658,-0.00503],[109.32696,-0.00525],[109.32703,-0.00578],[109.32763,-0.00615],[109.32793,-0.00623],[109.32823,-0.00668],[109.32883,-0.00705],[109.32883,-0.00728],[109.32928,-0.00735],[109.32958,-0.00758],[109.33108,-0.00908],[109.33123,-0.00938],[109.33168,-0.00953],[109.33198,-0.00975],[109.33206,-0.01028],[109.33251,-0.01028],[109.33251,-0.01058],[109.33296,-0.01088],[109.33318,-0.01088],[109.33363,-0.01133],[109.33363,-0.01163],[109.33416,-0.01193],[109.33416,-0.01245],[109.33476,-0.01298],[109.33476,-0.01335],[109.33498,-0.01358],[109.33528,-0.01358],[109.33588,-0.01403],[109.33603,-0.01433],[109.33626,-0.01433],[109.33633,-0.01478],[109.33693,-0.01493],[109.33716,-0.01523],[109.33768,-0.01553],[109.33768,-0.01575],[109.33806,-0.01575],[109.33813,-0.01628],[109.33843,-0.01665],[109.33896,-0.01748],[109.33948,-0.01763],[109.33956,-0.01793],[109.33986,-0.01808],[109.34053,-0.01808],[109.34046,-0.01778],[109.33993,-0.01755],[109.33978,-0.01725],[109.33933,-0.01695],[109.33858,-0.01598],[109.33843,-0.01553],[109.33806,-0.01538],[109.33768,-0.01493],[109.33708,-0.0144],[109.33686,-0.0144],[109.33671,-0.0141],[109.33633,-0.01395],[109.33558,-0.0132],[109.33521,-0.01305],[109.33498,-0.01245],[109.33468,-0.0123],[109.33446,-0.012],[109.33446,-0.01155],[109.33416,-0.01125],[109.33386,-0.0108],[109.33363,-0.01073],[109.33303,-0.0102],[109.33273,-0.01013],[109.33221,-0.00945],[109.33146,-0.00885],[109.33146,-0.0087],[109.33086,-0.00803],[109.33018,-0.00743],[109.32973,-0.0072],[109.32966,-0.00705],[109.32913,-0.00675],[109.32868,-0.0063],[109.32793,-0.0057],[109.32763,-0.00533],[109.32733,-0.00518],[109.32718,-0.0048],[109.32658,-0.0045],[109.32621,-0.00405],[109.32576,-0.0039],[109.32553,-0.00345],[109.32516,-0.00315],[109.32478,-0.00315],[109.32426,-0.00263],[109.32388,-0.00255],[109.32343,-0.00218],[109.32313,-0.0018],[109.32253,-0.0018],[109.32223,-0.00158],[109.32186,-0.00113],[109.32148,-0.0003],[109.32111,-0.00038],[109.32051,-0.00038],[109.32028,-0.00023],[109.31976,-0.00015],[109.31946,0],[109.31856,0.0006],[109.31803,0.00053],[109.31766,0.00083],[109.31721,0.00098],[109.31706,0.00128],[109.31661,0.00143],[109.31623,0.00143],[109.31601,0.00158],[109.31526,0.00188],[109.31503,0.00188],[109.31443,0.00225],[109.31421,0.0021],[109.31383,0.0021],[109.31376,0.0024],[109.31308,0.00248],[109.31263,0.0024],[109.31233,0.00263],[109.31196,0.00263],[109.31143,0.00285],[109.31113,0.00323],[109.31068,0.00345],[109.31008,0.00345],[109.30963,0.00353],[109.30941,0.00398],[109.30911,0.0042],[109.30866,0.0042],[109.30858,0.00435],[109.30753,0.00428],[109.30716,0.00443],[109.30633,0.0045],[109.30611,0.00465],[109.30573,0.00465],[109.30521,0.00488],[109.30446,0.0048],[109.30431,0.00525],[109.30386,0.00503],[109.30303,0.00495],[109.30198,0.00495],[109.30108,0.00488],[109.30078,0.00518],[109.30018,0.00525],[109.29965,0.00555],[109.29928,0.006],[109.29883,0.00608],[109.29868,0.00623],[109.29823,0.00623],[109.298,0.00638],[109.29778,0.0069],[109.29688,0.00735],[109.29605,0.00788],[109.2953,0.00788],[109.29493,0.0081],[109.29418,0.00818],[109.2932,0.00818],[109.29275,0.0084],[109.29163,0.00825],[109.29058,0.00825],[109.29028,0.00833],[109.28724,0.0059],[109.28694,0.00278],[109.28693,0.0018],[109.28735,0.0018],[109.2875,0.00165],[109.28878,0.00165],[109.28908,0.00173],[109.28945,0.0015],[109.28968,0.0015],[109.29013,0.00128],[109.29035,0.00098],[109.29035,0.00045],[109.2905,0.00038],[109.29125,0.00038],[109.29155,0.00023],[109.29155,-8e-05],[109.29245,-0.00045],[109.29275,-0.00083],[109.2941,-0.00083],[109.2947,-0.0012],[109.29523,-0.00128],[109.29538,-0.00143],[109.29583,-0.00143],[109.29613,-0.00165],[109.2968,-0.00173],[109.29845,-0.00173],[109.29943,-0.0018],[109.30018,-0.00165],[109.30116,-0.00165],[109.30161,-0.0015],[109.30243,-0.00113],[109.30333,-0.00113],[109.30431,-0.00098],[109.30611,-0.00098],[109.30671,-0.0009],[109.30723,-0.00098],[109.30746,-0.00113],[109.30806,-0.0012],[109.30866,-0.00158],[109.30903,-0.0015],[109.30986,-0.0015],[109.31016,-0.00165],[109.31158,-0.0018],[109.31188,-0.00203],[109.31248,-0.00203],[109.31293,-0.00225],[109.31353,-0.0024],[109.31383,-0.0027],[109.31533,-0.00338],[109.31556,-0.00338],[109.31616,-0.00368],[109.31653,-0.00398],[109.31698,-0.00405],[109.31766,-0.00465],[109.31766,-0.00488],[109.31826,-0.00533],[109.31893,-0.00533],[109.31923,-0.0057],[109.31976,-0.006],[109.31998,-0.0063],[109.32043,-0.00653],[109.32118,-0.0072],[109.32186,-0.00788],[109.32223,-0.0081],[109.32238,-0.00848],[109.32291,-0.00833],[109.32313,-0.00855],[109.32313,-0.00908],[109.32336,-0.0093],[109.32366,-0.0093],[109.32388,-0.00968],[109.32448,-0.00998],[109.32501,-0.0099],[109.32546,-0.01013],[109.32546,-0.01043],[109.32591,-0.0105],[109.32613,-0.01073],[109.32673,-0.01103],[109.32741,-0.01178],[109.32763,-0.01178],[109.32816,-0.01208],[109.32831,-0.0123],[109.32883,-0.01268],[109.32883,-0.01298],[109.32861,-0.01328],[109.32891,-0.01343],[109.32921,-0.01388],[109.32966,-0.01425],[109.33003,-0.01425],[109.33041,-0.0141],[109.33078,-0.0144],[109.33078,-0.01455],[109.33116,-0.01485],[109.33198,-0.015],[109.33273,-0.0156],[109.33303,-0.01568],[109.33371,-0.0162],[109.33371,-0.01643],[109.33416,-0.01658],[109.33536,-0.0177],[109.33551,-0.01808],[109.33588,-0.0183],[109.33648,-0.01845],[109.33693,-0.01883],[109.33693,-0.01905],[109.33738,-0.0195],[109.33753,-0.0195],[109.33798,-0.01995],[109.33903,-0.02048],[109.33956,-0.02093],[109.33986,-0.0213],[109.34016,-0.02145],[109.34068,-0.02145],[109.34098,-0.0219],[109.34151,-0.0222],[109.34188,-0.02265],[109.34211,-0.02265],[109.34271,-0.02325],[109.34331,-0.0237],[109.34391,-0.02438],[109.34458,-0.02528],[109.34458,-0.02558],[109.34481,-0.02573],[109.34518,-0.02655],[109.34526,-0.02655],[109.34571,-0.02753],[109.34608,-0.02813],[109.34616,-0.02858],[109.34631,-0.02873],[109.34653,-0.0294],[109.34653,-0.03],[109.34683,-0.03038],[109.34728,-0.03128],[109.34728,-0.0315],[109.34818,-0.0333],[109.34856,-0.0336],[109.34871,-0.0342],[109.35014,-0.0369],[109.35096,-0.03765],[109.35141,-0.0387],[109.35179,-0.03908],[109.35179,-0.03923],[109.35231,-0.03983],[109.35246,-0.03983],[109.35299,-0.04035],[109.35329,-0.04088],[109.35381,-0.04125],[109.35389,-0.04155],[109.35441,-0.042],[109.35441,-0.04215],[109.35479,-0.0426],[109.35599,-0.0438],[109.35674,-0.0447],[109.35704,-0.04478],[109.35741,-0.04515],[109.35771,-0.0453],[109.35824,-0.0459],[109.35876,-0.04635],[109.35921,-0.04665],[109.35966,-0.0471],[109.35966,-0.04725],[109.36041,-0.04793],[109.36041,-0.04808],[109.36079,-0.04845],[109.36094,-0.04845],[109.36161,-0.04898],[109.36169,-0.04935],[109.36206,-0.04958],[109.36296,-0.05048],[109.36296,-0.05063],[109.36349,-0.05108],[109.36371,-0.05153],[109.36424,-0.05198],[109.36439,-0.05258],[109.36469,-0.05326],[109.36529,-0.05371],[109.36559,-0.05431],[109.36559,-0.05498],[109.36619,-0.05566],[109.36649,-0.05581],[109.36694,-0.05671],[109.36709,-0.05678],[109.36731,-0.05731],[109.36835,-0.05822],[109.36859,-0.05798]],[[109.29853,0.00458],[109.2986,0.0039],[109.29845,0.00375],[109.29808,0.00383],[109.29748,0.00383],[109.29665,0.00443],[109.2962,0.00525],[109.2971,0.00518],[109.29748,0.00533],[109.29763,0.00518],[109.29815,0.0051],[109.29853,0.00473],[109.29853,0.00458]]]},"properties":{"STREAM_ID":1}},{"type":"Feature","geometry":{"type":"Polygon","coordinates":[[[109.37054,-0.05948],[109.37084,-0.05963],[109.37114,-0.06023],[109.37136,-0.06053],[109.37166,-0.06053],[109.37196,-0.06098],[109.37219,-0.06098],[109.37226,-0.06136],[109.37249,-0.06143],[109.37249,-0.06226],[109.37264,-0.06248],[109.37306,-0.06263],[109.37331,-0.06226],[109.37286,-0.06188],[109.37279,-0.06151],[109.37294,-0.06136],[109.37249,-0.06053],[109.37196,-0.06023],[109.37136,-0.05963],[109.37114,-0.05918],[109.37054,-0.05918],[109.37054,-0.05948]]]},"properties":{"STREAM_ID":1}},{"type":"Feature","geometry":{"type":"Polygon","coordinates":[[[109.36953,-0.05836],[109.36979,-0.05858],[109.37024,-0.05873],[109.37046,-0.05843],[109.36979,-0.05783],[109.36949,-0.05776],[109.36934,-0.05746],[109.36926,-0.05678],[109.36911,-0.05671],[109.36881,-0.05611],[109.36881,-0.05581],[109.36851,-0.05521],[109.36836,-0.05513],[109.36814,-0.05468],[109.36754,-0.05401],[109.36754,-0.05386],[109.36686,-0.05326],[109.36649,-0.05243],[109.36529,-0.05078],[109.36514,-0.05041],[109.36371,-0.04898],[109.36349,-0.04853],[109.36319,-0.04815],[109.36184,-0.0468],[109.36184,-0.04665],[109.36146,-0.04628],[109.36094,-0.0459],[109.36026,-0.04523],[109.35989,-0.04508],[109.35906,-0.04425],[109.35891,-0.04425],[109.35831,-0.04358],[109.35771,-0.04298],[109.35719,-0.04253],[109.35651,-0.04185],[109.35651,-0.0417],[109.35569,-0.04088],[109.35539,-0.04035],[109.35486,-0.0399],[109.35456,-0.03975],[109.35374,-0.0387],[109.35321,-0.03818],[109.35276,-0.03728],[109.35209,-0.03653],[109.35209,-0.03638],[109.35156,-0.03578],[109.35149,-0.03548],[109.35119,-0.03503],[109.35119,-0.0348],[109.35096,-0.0345],[109.35096,-0.03428],[109.35066,-0.03368],[109.35029,-0.03345],[109.34998,-0.033],[109.34961,-0.03218],[109.34916,-0.03158],[109.34878,-0.03075],[109.34878,-0.03053],[109.34848,-0.03008],[109.34826,-0.02948],[109.34758,-0.0282],[109.34751,-0.0273],[109.34713,-0.027],[109.34668,-0.02633],[109.34646,-0.02573],[109.34631,-0.02558],[109.34631,-0.02475],[109.34653,-0.02445],[109.34653,-0.02348],[109.34706,-0.02318],[109.34923,-0.02318],[109.34968,-0.02295],[109.35029,-0.02295],[109.35059,-0.0228],[109.35126,-0.02288],[109.35156,-0.02265],[109.35201,-0.0225],[109.35299,-0.0225],[109.35329,-0.02228],[109.35374,-0.02228],[109.35404,-0.02198],[109.35479,-0.02183],[109.35584,-0.02183],[109.35621,-0.02153],[109.35674,-0.02153],[109.35689,-0.02183],[109.35741,-0.0216],[109.35831,-0.0216],[109.35876,-0.02153],[109.35914,-0.0216],[109.35944,-0.02145],[109.36034,-0.02063],[109.36094,-0.02063],[109.36146,-0.02108],[109.36184,-0.02108],[109.36236,-0.02093],[109.36274,-0.02115],[109.36289,-0.02085],[109.36356,-0.02093],[109.36446,-0.02093],[109.36514,-0.02085],[109.36581,-0.02115],[109.36761,-0.02115],[109.36784,-0.02123],[109.36814,-0.021],[109.36859,-0.021],[109.36904,-0.02153],[109.36971,-0.02175],[109.37054,-0.02175],[109.37069,-0.0219],[109.37106,-0.0219],[109.37159,-0.02213],[109.37166,-0.02235],[109.37204,-0.02235],[109.37249,-0.0225],[109.37286,-0.0228],[109.37324,-0.0228],[109.37354,-0.02303],[109.37414,-0.02333],[109.37436,-0.02333],[109.37519,-0.02363],[109.37526,-0.02378],[109.37571,-0.02393],[109.37609,-0.02393],[109.37661,-0.02423],[109.37676,-0.02453],[109.37729,-0.0246],[109.37759,-0.02483],[109.37819,-0.02475],[109.37864,-0.02513],[109.37931,-0.0252],[109.38029,-0.0252],[109.38066,-0.02528],[109.38119,-0.0255],[109.38194,-0.02558],[109.38216,-0.02543],[109.38254,-0.02543],[109.38305,-0.02573],[109.38315,-0.0251],[109.37956,-0.0244],[109.37795,-0.02379],[109.37607,-0.0231],[109.37678,-0.02196],[109.37624,-0.02183],[109.37579,-0.0213],[109.37549,-0.02108],[109.37489,-0.021],[109.37451,-0.02085],[109.37436,-0.02063],[109.37339,-0.02063],[109.37294,-0.02025],[109.37286,-0.01995],[109.37129,-0.01943],[109.37061,-0.01898],[109.36889,-0.01898],[109.36859,-0.01883],[109.36806,-0.01883],[109.36769,-0.0186],[109.36716,-0.01875],[109.36664,-0.01875],[109.36619,-0.01853],[109.36574,-0.01845],[109.36514,-0.01845],[109.36476,-0.01875],[109.36431,-0.01868],[109.36371,-0.01868],[109.36334,-0.0186],[109.36311,-0.01875],[109.36124,-0.01875],[109.36124,-0.01883],[109.36019,-0.01883],[109.35981,-0.01913],[109.35921,-0.01913],[109.35861,-0.01905],[109.35839,-0.0192],[109.35779,-0.0192],[109.35734,-0.01928],[109.35711,-0.01943],[109.35651,-0.0195],[109.35524,-0.0195],[109.35441,-0.02025],[109.35396,-0.02048],[109.35314,-0.02048],[109.35276,-0.02063],[109.35201,-0.02063],[109.35186,-0.02093],[109.35074,-0.02108],[109.35051,-0.02123],[109.34923,-0.02123],[109.34908,-0.02138],[109.34871,-0.02138],[109.34833,-0.02153],[109.34571,-0.02153],[109.34496,-0.02138],[109.34421,-0.02108],[109.34361,-0.02063],[109.34301,-0.0204],[109.34293,-0.02025],[109.34203,-0.01973],[109.34181,-0.01928],[109.34128,-0.01913],[109.34098,-0.01875],[109.34061,-0.0189],[109.34061,-0.01913],[109.34106,-0.01958],[109.34166,-0.01973],[109.34166,-0.02018],[109.34188,-0.02018],[109.34218,-0.02048],[109.34256,-0.02055],[109.34316,-0.02108],[109.34338,-0.02108],[109.34353,-0.02138],[109.34428,-0.02153],[109.34458,-0.02175],[109.34518,-0.02175],[109.34548,-0.02198],[109.34638,-0.02198],[109.34646,-0.02213],[109.34646,-0.02295],[109.34616,-0.02295],[109.34616,-0.02423],[109.34593,-0.02445],[109.34593,-0.02573],[109.34623,-0.02648],[109.34646,-0.02685],[109.34668,-0.02693],[109.34683,-0.02745],[109.34728,-0.02775],[109.34728,-0.02858],[109.34743,-0.02918],[109.34773,-0.02955],[109.34773,-0.02985],[109.34796,-0.02993],[109.34818,-0.03023],[109.34833,-0.03098],[109.34856,-0.03113],[109.34856,-0.03143],[109.34878,-0.03188],[109.34908,-0.03218],[109.34923,-0.03285],[109.34946,-0.03293],[109.34953,-0.03338],[109.34976,-0.03368],[109.35036,-0.03405],[109.35044,-0.03465],[109.35089,-0.03518],[109.35089,-0.03555],[109.35104,-0.03593],[109.35134,-0.03623],[109.35134,-0.03645],[109.35179,-0.03675],[109.35179,-0.03698],[109.35224,-0.03758],[109.35269,-0.03795],[109.35276,-0.03848],[109.35306,-0.03863],[109.35329,-0.03893],[109.35344,-0.03938],[109.35404,-0.04005],[109.35434,-0.04028],[109.35479,-0.04043],[109.35516,-0.04088],[109.35524,-0.04118],[109.35576,-0.04178],[109.35599,-0.04185],[109.35629,-0.04238],[109.35659,-0.04253],[109.35674,-0.04298],[109.35704,-0.04313],[109.35899,-0.04508],[109.35929,-0.04523],[109.35936,-0.04545],[109.36004,-0.0456],[109.36019,-0.04598],[109.36056,-0.04613],[109.36079,-0.04658],[109.36116,-0.04673],[109.36124,-0.04695],[109.36169,-0.04695],[109.36161,-0.04733],[109.36214,-0.04793],[109.36259,-0.04815],[109.36274,-0.04853],[109.36319,-0.04883],[109.36334,-0.04935],[109.36409,-0.05018],[109.36469,-0.05063],[109.36514,-0.05146],[109.36536,-0.05153],[109.36566,-0.05213],[109.36589,-0.05221],[109.36589,-0.05258],[109.36619,-0.05288],[109.36634,-0.05348],[109.36664,-0.05363],[109.36716,-0.05416],[109.36724,-0.05468],[109.36739,-0.05468],[109.36784,-0.05513],[109.36829,-0.05573],[109.36859,-0.05663],[109.36889,-0.05716],[109.36902,-0.05765],[109.36949,-0.05828],[109.36949,-0.0583],[109.36953,-0.05836]]]},"properties":{"STREAM_ID":1}},{"type":"Feature","geometry":{"type":"Polygon","coordinates":[[[109.37676,-0.0201],[109.37704,-0.02019],[109.37699,-0.0197],[109.37741,-0.0187],[109.37699,-0.01898],[109.37691,-0.01965],[109.37676,-0.0201]]]},"properties":{"STREAM_ID":1}},{"type":"Feature","geometry":{"type":"Polygon","coordinates":[[[109.36953,-0.05836],[109.36979,-0.05858],[109.37024,-0.05873],[109.37046,-0.05843],[109.36979,-0.05783],[109.36949,-0.05776],[109.36934,-0.05746],[109.36926,-0.05678],[109.36911,-0.05671],[109.36881,-0.05611],[109.36881,-0.05581],[109.36851,-0.05521],[109.36836,-0.05513],[109.36814,-0.05468],[109.36754,-0.05401],[109.36754,-0.05386],[109.36686,-0.05326],[109.36649,-0.05243],[109.36529,-0.05078],[109.36514,-0.05041],[109.36371,-0.04898],[109.36349,-0.04853],[109.36319,-0.04815],[109.36184,-0.0468],[109.36184,-0.04665],[109.36146,-0.04628],[109.36094,-0.0459],[109.36026,-0.04523],[109.35989,-0.04508],[109.35906,-0.04425],[109.35891,-0.04425],[109.35831,-0.04358],[109.35771,-0.04298],[109.35719,-0.04253],[109.35651,-0.04185],[109.35651,-0.0417],[109.35569,-0.04088],[109.35539,-0.04035],[109.35486,-0.0399],[109.35456,-0.03975],[109.35374,-0.0387],[109.35321,-0.03818],[109.35276,-0.03728],[109.35209,-0.03653],[109.35209,-0.03638],[109.35156,-0.03578],[109.35149,-0.03548],[109.35119,-0.03503],[109.35119,-0.0348],[109.35096,-0.0345],[109.35096,-0.03428],[109.35066,-0.03368],[109.35029,-0.03345],[109.34998,-0.033],[109.34961,-0.03218],[109.34916,-0.03158],[109.34878,-0.03075],[109.34878,-0.03053],[109.34848,-0.03008],[109.34826,-0.02948],[109.34758,-0.0282],[109.34751,-0.0273],[109.34713,-0.027],[109.34668,-0.02633],[109.34646,-0.02573],[109.34631,-0.02558],[109.34631,-0.02475],[109.34653,-0.02445],[109.34653,-0.02348],[109.34706,-0.02318],[109.34923,-0.02318],[109.34968,-0.02295],[109.35029,-0.02295],[109.35059,-0.0228],[109.35126,-0.02288],[109.35156,-0.02265],[109.35201,-0.0225],[109.35299,-0.0225],[109.35329,-0.02228],[109.35374,-0.02228],[109.35404,-0.02198],[109.35479,-0.02183],[109.35584,-0.02183],[109.35621,-0.02153],[109.35674,-0.02153],[109.35689,-0.02183],[109.35741,-0.0216],[109.35831,-0.0216],[109.35876,-0.02153],[109.35914,-0.0216],[109.35944,-0.02145],[109.36034,-0.02063],[109.36094,-0.02063],[109.36146,-0.02108],[109.36184,-0.02108],[109.36236,-0.02093],[109.36274,-0.02115],[109.36289,-0.02085],[109.36356,-0.02093],[109.36446,-0.02093],[109.36514,-0.02085],[109.36581,-0.02115],[109.36761,-0.02115],[109.36784,-0.02123],[109.36814,-0.021],[109.36859,-0.021],[109.36904,-0.02153],[109.36971,-0.02175],[109.37054,-0.02175],[109.37069,-0.0219],[109.37106,-0.0219],[109.37159,-0.02213],[109.37166,-0.02235],[109.37204,-0.02235],[109.37249,-0.0225],[109.37286,-0.0228],[109.37324,-0.0228],[109.37354,-0.02303],[109.37414,-0.02333],[109.37436,-0.02333],[109.37519,-0.02363],[109.37526,-0.02378],[109.37571,-0.02393],[109.37609,-0.02393],[109.37661,-0.02423],[109.37676,-0.02453],[109.37729,-0.0246],[109.37759,-0.02483],[109.37819,-0.02475],[109.37864,-0.02513],[109.37931,-0.0252],[109.38029,-0.0252],[109.38066,-0.02528],[109.38119,-0.0255],[109.38194,-0.02558],[109.38216,-0.02543],[109.38254,-0.02543],[109.38305,-0.02573],[109.38315,-0.0251],[109.37956,-0.0244],[109.37795,-0.02379],[109.37607,-0.0231],[109.37678,-0.02196],[109.37624,-0.02183],[109.37579,-0.0213],[109.37549,-0.02108],[109.37489,-0.021],[109.37451,-0.02085],[109.37436,-0.02063],[109.37339,-0.02063],[109.37294,-0.02025],[109.37286,-0.01995],[109.37129,-0.01943],[109.37061,-0.01898],[109.36889,-0.01898],[109.36859,-0.01883],[109.36806,-0.01883],[109.36769,-0.0186],[109.36716,-0.01875],[109.36664,-0.01875],[109.36619,-0.01853],[109.36574,-0.01845],[109.36514,-0.01845],[109.36476,-0.01875],[109.36431,-0.01868],[109.36371,-0.01868],[109.36334,-0.0186],[109.36311,-0.01875],[109.36124,-0.01875],[109.36124,-0.01883],[109.36019,-0.01883],[109.35981,-0.01913],[109.35921,-0.01913],[109.35861,-0.01905],[109.35839,-0.0192],[109.35779,-0.0192],[109.35734,-0.01928],[109.35711,-0.01943],[109.35651,-0.0195],[109.35524,-0.0195],[109.35441,-0.02025],[109.35396,-0.02048],[109.35314,-0.02048],[109.35276,-0.02063],[109.35201,-0.02063],[109.35186,-0.02093],[109.35074,-0.02108],[109.35051,-0.02123],[109.34923,-0.02123],[109.34908,-0.02138],[109.34871,-0.02138],[109.34833,-0.02153],[109.34571,-0.02153],[109.34496,-0.02138],[109.34421,-0.02108],[109.34361,-0.02063],[109.34301,-0.0204],[109.34293,-0.02025],[109.34203,-0.01973],[109.34181,-0.01928],[109.34128,-0.01913],[109.34098,-0.01875],[109.34061,-0.0189],[109.34061,-0.01913],[109.34106,-0.01958],[109.34166,-0.01973],[109.34166,-0.02018],[109.34188,-0.02018],[109.34218,-0.02048],[109.34256,-0.02055],[109.34316,-0.02108],[109.34338,-0.02108],[109.34353,-0.02138],[109.34428,-0.02153],[109.34458,-0.02175],[109.34518,-0.02175],[109.34548,-0.02198],[109.34638,-0.02198],[109.34646,-0.02213],[109.34646,-0.02295],[109.34616,-0.02295],[109.34616,-0.02423],[109.34593,-0.02445],[109.34593,-0.02573],[109.34623,-0.02648],[109.34646,-0.02685],[109.34668,-0.02693],[109.34683,-0.02745],[109.34728,-0.02775],[109.34728,-0.02858],[109.34743,-0.02918],[109.34773,-0.02955],[109.34773,-0.02985],[109.34796,-0.02993],[109.34818,-0.03023],[109.34833,-0.03098],[109.34856,-0.03113],[109.34856,-0.03143],[109.34878,-0.03188],[109.34908,-0.03218],[109.34923,-0.03285],[109.34946,-0.03293],[109.34953,-0.03338],[109.34976,-0.03368],[109.35036,-0.03405],[109.35044,-0.03465],[109.35089,-0.03518],[109.35089,-0.03555],[109.35104,-0.03593],[109.35134,-0.03623],[109.35134,-0.03645],[109.35179,-0.03675],[109.35179,-0.03698],[109.35224,-0.03758],[109.35269,-0.03795],[109.35276,-0.03848],[109.35306,-0.03863],[109.35329,-0.03893],[109.35344,-0.03938],[109.35404,-0.04005],[109.35434,-0.04028],[109.35479,-0.04043],[109.35516,-0.04088],[109.35524,-0.04118],[109.35576,-0.04178],[109.35599,-0.04185],[109.35629,-0.04238],[109.35659,-0.04253],[109.35674,-0.04298],[109.35704,-0.04313],[109.35899,-0.04508],[109.35929,-0.04523],[109.35936,-0.04545],[109.36004,-0.0456],[109.36019,-0.04598],[109.36056,-0.04613],[109.36079,-0.04658],[109.36116,-0.04673],[109.36124,-0.04695],[109.36169,-0.04695],[109.36161,-0.04733],[109.36214,-0.04793],[109.36259,-0.04815],[109.36274,-0.04853],[109.36319,-0.04883],[109.36334,-0.04935],[109.36409,-0.05018],[109.36469,-0.05063],[109.36514,-0.05146],[109.36536,-0.05153],[109.36566,-0.05213],[109.36589,-0.05221],[109.36589,-0.05258],[109.36619,-0.05288],[109.36634,-0.05348],[109.36664,-0.05363],[109.36716,-0.05416],[109.36724,-0.05468],[109.36739,-0.05468],[109.36784,-0.05513],[109.36829,-0.05573],[109.36859,-0.05663],[109.36889,-0.05716],[109.36902,-0.05765],[109.36949,-0.05828],[109.36949,-0.0583],[109.36953,-0.05836]]]},"properties":{"STREAM_ID":1}},{"type":"Feature","geometry":{"type":"Polygon","coordinates":[[[109.37511,-0.0108],[109.37526,-0.01103],[109.37579,-0.0108],[109.37616,-0.0108],[109.37661,-0.01095],[109.37691,-0.01118],[109.37706,-0.01163],[109.37669,-0.01185],[109.37676,-0.01245],[109.37736,-0.0126],[109.37751,-0.01245],[109.37738,-0.01202],[109.37772,-0.01128],[109.37799,-0.01106],[109.37786,-0.01053],[109.37781,-0.00945],[109.37766,-0.00923],[109.37729,-0.00923],[109.37699,-0.0096],[109.37714,-0.00998],[109.37714,-0.01065],[109.37699,-0.01088],[109.37669,-0.01088],[109.37639,-0.01058],[109.37639,-0.01028],[109.37669,-0.00998],[109.37676,-0.00968],[109.37676,-0.00893],[109.37669,-0.00863],[109.37676,-0.00818],[109.37631,-0.00818],[109.37616,-0.00855],[109.37549,-0.00855],[109.37534,-0.0087],[109.37549,-0.009],[109.37594,-0.00908],[109.37586,-0.00975],[109.37609,-0.00998],[109.37616,-0.01035],[109.37571,-0.01058],[109.37511,-0.01058],[109.37511,-0.0108]]]},"properties":{"STREAM_ID":1}},{"type":"Feature","geometry":{"type":"Polygon","coordinates":[[[109.36859,-0.05798],[109.36836,-0.05723],[109.36799,-0.05708],[109.36799,-0.05686],[109.36769,-0.05678],[109.36769,-0.05656],[109.36724,-0.05603],[109.36716,-0.05573],[109.36686,-0.05543],[109.36626,-0.05498],[109.36619,-0.05438],[109.36589,-0.05348],[109.36536,-0.05303],[109.36506,-0.05288],[109.36499,-0.05228],[109.36469,-0.05168],[109.36409,-0.05108],[109.36349,-0.05026],[109.36319,-0.05018],[109.36319,-0.04995],[109.36274,-0.04965],[109.36274,-0.04943],[109.36229,-0.04928],[109.36199,-0.04853],[109.36094,-0.04785],[109.36094,-0.04763],[109.36064,-0.04755],[109.36056,-0.04725],[109.36004,-0.04688],[109.36004,-0.04665],[109.35974,-0.04658],[109.35959,-0.04628],[109.35876,-0.04553],[109.35839,-0.04538],[109.35839,-0.04515],[109.35786,-0.04485],[109.35734,-0.04433],[109.35704,-0.04425],[109.35704,-0.04403],[109.35479,-0.04178],[109.35434,-0.04118],[109.35434,-0.04095],[109.35359,-0.04035],[109.35359,-0.04013],[109.35329,-0.03998],[109.35329,-0.03975],[109.35284,-0.03953],[109.35216,-0.03885],[109.35179,-0.03825],[109.35179,-0.03795],[109.35156,-0.03788],[109.35149,-0.03743],[109.35126,-0.03713],[109.35096,-0.03698],[109.35066,-0.03653],[109.35044,-0.03645],[109.35036,-0.03593],[109.35014,-0.03578],[109.34983,-0.03518],[109.34953,-0.03473],[109.34938,-0.03413],[109.34908,-0.03383],[109.34908,-0.03338],[109.34856,-0.03263],[109.34833,-0.03255],[109.34818,-0.03195],[109.34773,-0.03143],[109.34766,-0.03083],[109.34736,-0.03053],[109.34736,-0.03023],[109.34683,-0.02963],[109.34683,-0.02873],[109.34653,-0.02828],[109.34638,-0.02745],[109.34593,-0.02715],[109.34593,-0.02693],[109.34563,-0.02655],[109.34556,-0.02603],[109.34533,-0.02588],[109.34518,-0.02535],[109.34496,-0.02528],[109.34496,-0.02498],[109.34473,-0.02483],[109.34466,-0.02445],[109.34443,-0.02438],[109.34428,-0.02393],[109.34376,-0.02363],[109.34368,-0.02333],[109.34308,-0.02288],[109.34278,-0.02243],[109.34226,-0.02205],[109.34203,-0.02205],[109.34188,-0.02175],[109.34136,-0.02145],[109.34128,-0.02108],[109.34053,-0.02108],[109.34038,-0.02078],[109.33993,-0.02063],[109.33978,-0.02033],[109.33956,-0.02033],[109.33933,-0.02003],[109.33836,-0.01958],[109.33806,-0.01913],[109.33768,-0.01905],[109.33723,-0.01868],[109.33723,-0.01845],[109.33678,-0.01808],[109.33678,-0.01793],[109.33603,-0.01785],[109.33573,-0.01733],[109.33543,-0.01718],[109.33528,-0.01673],[109.33498,-0.01665],[109.33453,-0.01613],[109.33423,-0.01613],[109.33416,-0.01583],[109.33356,-0.01538],[109.33333,-0.01538],[109.33326,-0.01508],[109.33258,-0.01463],[109.33198,-0.01448],[109.33153,-0.01448],[109.33138,-0.01403],[109.33086,-0.01365],[109.32973,-0.01365],[109.32966,-0.01343],[109.32928,-0.01313],[109.32928,-0.01223],[109.32868,-0.01178],[109.32838,-0.01178],[109.32793,-0.01133],[109.32748,-0.01118],[109.32718,-0.01073],[109.32636,-0.01028],[109.32628,-0.01005],[109.32598,-0.01005],[109.32598,-0.00975],[109.32553,-0.00953],[109.32546,-0.00938],[109.32433,-0.00938],[109.32418,-0.00893],[109.32366,-0.00893],[109.32358,-0.00825],[109.32328,-0.00795],[109.32268,-0.00795],[109.32268,-0.00773],[109.32223,-0.00743],[109.32178,-0.00698],[109.32126,-0.00668],[109.32126,-0.00645],[109.32058,-0.00608],[109.32028,-0.00563],[109.31976,-0.00555],[109.31976,-0.00533],[109.31946,-0.00518],[109.31938,-0.00495],[109.31878,-0.00495],[109.31833,-0.00473],[109.31803,-0.00443],[109.31803,-0.00413],[109.31743,-0.00383],[109.31698,-0.00368],[109.31683,-0.00345],[109.31653,-0.00345],[109.31616,-0.00323],[109.31488,-0.00263],[109.31413,-0.00233],[109.31398,-0.00203],[109.31316,-0.00188],[109.31308,-0.00165],[109.31226,-0.00165],[109.31203,-0.00143],[109.31136,-0.00128],[109.31053,-0.00128],[109.31016,-0.00105],[109.30888,-0.00105],[109.30866,-0.00083],[109.30783,-0.00075],[109.30753,-0.00053],[109.30678,-0.00045],[109.30588,-0.00053],[109.30408,-0.00053],[109.30408,-0.00068],[109.30318,-0.00075],[109.30176,-0.00075],[109.30153,-0.00098],[109.30086,-0.00128],[109.29973,-0.00128],[109.29973,-0.00135],[109.29725,-0.00135],[109.29643,-0.00128],[109.29643,-0.00113],[109.29545,-0.00098],[109.29545,-0.00083],[109.2947,-0.00075],[109.29448,-0.00045],[109.29343,-0.00045],[109.29305,-0.00038],[109.29298,-0.00015],[109.29253,0],[109.31863,0],[109.31863,-0.00023],[109.31893,-0.00038],[109.32006,-0.00075],[109.32118,-0.00075],[109.32133,-0.00098],[109.32133,-0.00135],[109.32186,-0.00173],[109.32193,-0.00203],[109.32223,-0.00218],[109.32276,-0.00218],[109.32306,-0.00233],[109.32343,-0.00293],[109.32396,-0.00308],[109.32403,-0.00338],[109.32448,-0.00353],[109.32486,-0.00353],[109.32486,-0.00375],[109.32523,-0.00383],[109.32523,-0.00428],[109.32583,-0.00443],[109.32613,-0.00473],[109.32613,-0.00495],[109.32658,-0.00503],[109.32696,-0.00525],[109.32703,-0.00578],[109.32763,-0.00615],[109.32793,-0.00623],[109.32823,-0.00668],[109.32883,-0.00705],[109.32883,-0.00728],[109.32928,-0.00735],[109.32958,-0.00758],[109.33108,-0.00908],[109.33123,-0.00938],[109.33168,-0.00953],[109.33198,-0.00975],[109.33206,-0.01028],[109.33251,-0.01028],[109.33251,-0.01058],[109.33296,-0.01088],[109.33318,-0.01088],[109.33363,-0.01133],[109.33363,-0.01163],[109.33416,-0.01193],[109.33416,-0.01245],[109.33476,-0.01298],[109.33476,-0.01335],[109.33498,-0.01358],[109.33528,-0.01358],[109.33588,-0.01403],[109.33603,-0.01433],[109.33626,-0.01433],[109.33633,-0.01478],[109.33693,-0.01493],[109.33716,-0.01523],[109.33768,-0.01553],[109.33768,-0.01575],[109.33806,-0.01575],[109.33813,-0.01628],[109.33843,-0.01665],[109.33896,-0.01748],[109.33948,-0.01763],[109.33956,-0.01793],[109.33986,-0.01808],[109.34053,-0.01808],[109.34046,-0.01778],[109.33993,-0.01755],[109.33978,-0.01725],[109.33933,-0.01695],[109.33858,-0.01598],[109.33843,-0.01553],[109.33806,-0.01538],[109.33768,-0.01493],[109.33708,-0.0144],[109.33686,-0.0144],[109.33671,-0.0141],[109.33633,-0.01395],[109.33558,-0.0132],[109.33521,-0.01305],[109.33498,-0.01245],[109.33468,-0.0123],[109.33446,-0.012],[109.33446,-0.01155],[109.33416,-0.01125],[109.33386,-0.0108],[109.33363,-0.01073],[109.33303,-0.0102],[109.33273,-0.01013],[109.33221,-0.00945],[109.33146,-0.00885],[109.33146,-0.0087],[109.33086,-0.00803],[109.33018,-0.00743],[109.32973,-0.0072],[109.32966,-0.00705],[109.32913,-0.00675],[109.32868,-0.0063],[109.32793,-0.0057],[109.32763,-0.00533],[109.32733,-0.00518],[109.32718,-0.0048],[109.32658,-0.0045],[109.32621,-0.00405],[109.32576,-0.0039],[109.32553,-0.00345],[109.32516,-0.00315],[109.32478,-0.00315],[109.32426,-0.00263],[109.32388,-0.00255],[109.32343,-0.00218],[109.32313,-0.0018],[109.32253,-0.0018],[109.32223,-0.00158],[109.32186,-0.00113],[109.32148,-0.0003],[109.32111,-0.00038],[109.32051,-0.00038],[109.32028,-0.00023],[109.31976,-0.00015],[109.31946,0],[109.31856,0.0006],[109.31803,0.00053],[109.31766,0.00083],[109.31721,0.00098],[109.31706,0.00128],[109.31661,0.00143],[109.31623,0.00143],[109.31601,0.00158],[109.31526,0.00188],[109.31503,0.00188],[109.31443,0.00225],[109.31421,0.0021],[109.31383,0.0021],[109.31376,0.0024],[109.31308,0.00248],[109.31263,0.0024],[109.31233,0.00263],[109.31196,0.00263],[109.31143,0.00285],[109.31113,0.00323],[109.31068,0.00345],[109.31008,0.00345],[109.30963,0.00353],[109.30941,0.00398],[109.30911,0.0042],[109.30866,0.0042],[109.30858,0.00435],[109.30753,0.00428],[109.30716,0.00443],[109.30633,0.0045],[109.30611,0.00465],[109.30573,0.00465],[109.30521,0.00488],[109.30446,0.0048],[109.30431,0.00525],[109.30386,0.00503],[109.30303,0.00495],[109.30198,0.00495],[109.30108,0.00488],[109.30078,0.00518],[109.30018,0.00525],[109.29965,0.00555],[109.29928,0.006],[109.29883,0.00608],[109.29868,0.00623],[109.29823,0.00623],[109.298,0.00638],[109.29778,0.0069],[109.29688,0.00735],[109.29605,0.00788],[109.2953,0.00788],[109.29493,0.0081],[109.29418,0.00818],[109.2932,0.00818],[109.29275,0.0084],[109.29163,0.00825],[109.29058,0.00825],[109.29028,0.00833],[109.28724,0.0059],[109.28694,0.00278],[109.28693,0.0018],[109.28735,0.0018],[109.2875,0.00165],[109.28878,0.00165],[109.28908,0.00173],[109.28945,0.0015],[109.28968,0.0015],[109.29013,0.00128],[109.29035,0.00098],[109.29035,0.00045],[109.2905,0.00038],[109.29125,0.00038],[109.29155,0.00023],[109.29155,-8e-05],[109.29245,-0.00045],[109.29275,-0.00083],[109.2941,-0.00083],[109.2947,-0.0012],[109.29523,-0.00128],[109.29538,-0.00143],[109.29583,-0.00143],[109.29613,-0.00165],[109.2968,-0.00173],[109.29845,-0.00173],[109.29943,-0.0018],[109.30018,-0.00165],[109.30116,-0.00165],[109.30161,-0.0015],[109.30243,-0.00113],[109.30333,-0.00113],[109.30431,-0.00098],[109.30611,-0.00098],[109.30671,-0.0009],[109.30723,-0.00098],[109.30746,-0.00113],[109.30806,-0.0012],[109.30866,-0.00158],[109.30903,-0.0015],[109.30986,-0.0015],[109.31016,-0.00165],[109.31158,-0.0018],[109.31188,-0.00203],[109.31248,-0.00203],[109.31293,-0.00225],[109.31353,-0.0024],[109.31383,-0.0027],[109.31533,-0.00338],[109.31556,-0.00338],[109.31616,-0.00368],[109.31653,-0.00398],[109.31698,-0.00405],[109.31766,-0.00465],[109.31766,-0.00488],[109.31826,-0.00533],[109.31893,-0.00533],[109.31923,-0.0057],[109.31976,-0.006],[109.31998,-0.0063],[109.32043,-0.00653],[109.32118,-0.0072],[109.32186,-0.00788],[109.32223,-0.0081],[109.32238,-0.00848],[109.32291,-0.00833],[109.32313,-0.00855],[109.32313,-0.00908],[109.32336,-0.0093],[109.32366,-0.0093],[109.32388,-0.00968],[109.32448,-0.00998],[109.32501,-0.0099],[109.32546,-0.01013],[109.32546,-0.01043],[109.32591,-0.0105],[109.32613,-0.01073],[109.32673,-0.01103],[109.32741,-0.01178],[109.32763,-0.01178],[109.32816,-0.01208],[109.32831,-0.0123],[109.32883,-0.01268],[109.32883,-0.01298],[109.32861,-0.01328],[109.32891,-0.01343],[109.32921,-0.01388],[109.32966,-0.01425],[109.33003,-0.01425],[109.33041,-0.0141],[109.33078,-0.0144],[109.33078,-0.01455],[109.33116,-0.01485],[109.33198,-0.015],[109.33273,-0.0156],[109.33303,-0.01568],[109.33371,-0.0162],[109.33371,-0.01643],[109.33416,-0.01658],[109.33536,-0.0177],[109.33551,-0.01808],[109.33588,-0.0183],[109.33648,-0.01845],[109.33693,-0.01883],[109.33693,-0.01905],[109.33738,-0.0195],[109.33753,-0.0195],[109.33798,-0.01995],[109.33903,-0.02048],[109.33956,-0.02093],[109.33986,-0.0213],[109.34016,-0.02145],[109.34068,-0.02145],[109.34098,-0.0219],[109.34151,-0.0222],[109.34188,-0.02265],[109.34211,-0.02265],[109.34271,-0.02325],[109.34331,-0.0237],[109.34391,-0.02438],[109.34458,-0.02528],[109.34458,-0.02558],[109.34481,-0.02573],[109.34518,-0.02655],[109.34526,-0.02655],[109.34571,-0.02753],[109.34608,-0.02813],[109.34616,-0.02858],[109.34631,-0.02873],[109.34653,-0.0294],[109.34653,-0.03],[109.34683,-0.03038],[109.34728,-0.03128],[109.34728,-0.0315],[109.34818,-0.0333],[109.34856,-0.0336],[109.34871,-0.0342],[109.35014,-0.0369],[109.35096,-0.03765],[109.35141,-0.0387],[109.35179,-0.03908],[109.35179,-0.03923],[109.35231,-0.03983],[109.35246,-0.03983],[109.35299,-0.04035],[109.35329,-0.04088],[109.35381,-0.04125],[109.35389,-0.04155],[109.35441,-0.042],[109.35441,-0.04215],[109.35479,-0.0426],[109.35599,-0.0438],[109.35674,-0.0447],[109.35704,-0.04478],[109.35741,-0.04515],[109.35771,-0.0453],[109.35824,-0.0459],[109.35876,-0.04635],[109.35921,-0.04665],[109.35966,-0.0471],[109.35966,-0.04725],[109.36041,-0.04793],[109.36041,-0.04808],[109.36079,-0.04845],[109.36094,-0.04845],[109.36161,-0.04898],[109.36169,-0.04935],[109.36206,-0.04958],[109.36296,-0.05048],[109.36296,-0.05063],[109.36349,-0.05108],[109.36371,-0.05153],[109.36424,-0.05198],[109.36439,-0.05258],[109.36469,-0.05326],[109.36529,-0.05371],[109.36559,-0.05431],[109.36559,-0.05498],[109.36619,-0.05566],[109.36649,-0.05581],[109.36694,-0.05671],[109.36709,-0.05678],[109.36731,-0.05731],[109.36835,-0.05822],[109.36859,-0.05798]],[[109.29853,0.00458],[109.2986,0.0039],[109.29845,0.00375],[109.29808,0.00383],[109.29748,0.00383],[109.29665,0.00443],[109.2962,0.00525],[109.2971,0.00518],[109.29748,0.00533],[109.29763,0.00518],[109.29815,0.0051],[109.29853,0.00473],[109.29853,0.00458]]]},"properties":{"STREAM_ID":1}},{"type":"Feature","geometry":{"type":"Polygon","coordinates":[[[109.37676,-0.0201],[109.37704,-0.02019],[109.37699,-0.0197],[109.37741,-0.0187],[109.37699,-0.01898],[109.37691,-0.01965],[109.37676,-0.0201]]]},"properties":{"STREAM_ID":1}},{"type":"Feature","geometry":{"type":"Polygon","coordinates":[[[109.37511,-0.0108],[109.37526,-0.01103],[109.37579,-0.0108],[109.37616,-0.0108],[109.37661,-0.01095],[109.37691,-0.01118],[109.37706,-0.01163],[109.37669,-0.01185],[109.37676,-0.01245],[109.37736,-0.0126],[109.37751,-0.01245],[109.37738,-0.01202],[109.37772,-0.01128],[109.37799,-0.01106],[109.37786,-0.01053],[109.37781,-0.00945],[109.37766,-0.00923],[109.37729,-0.00923],[109.37699,-0.0096],[109.37714,-0.00998],[109.37714,-0.01065],[109.37699,-0.01088],[109.37669,-0.01088],[109.37639,-0.01058],[109.37639,-0.01028],[109.37669,-0.00998],[109.37676,-0.00968],[109.37676,-0.00893],[109.37669,-0.00863],[109.37676,-0.00818],[109.37631,-0.00818],[109.37616,-0.00855],[109.37549,-0.00855],[109.37534,-0.0087],[109.37549,-0.009],[109.37594,-0.00908],[109.37586,-0.00975],[109.37609,-0.00998],[109.37616,-0.01035],[109.37571,-0.01058],[109.37511,-0.01058],[109.37511,-0.0108]]]},"properties":{"STREAM_ID":1}},{"type":"Feature","geometry":{"type":"Polygon","coordinates":[[[109.37054,-0.05948],[109.37084,-0.05963],[109.37114,-0.06023],[109.37136,-0.06053],[109.37166,-0.06053],[109.37196,-0.06098],[109.37219,-0.06098],[109.37226,-0.06136],[109.37249,-0.06143],[109.37249,-0.06226],[109.37264,-0.06248],[109.37306,-0.06263],[109.37331,-0.06226],[109.37286,-0.06188],[109.37279,-0.06151],[109.37294,-0.06136],[109.37249,-0.06053],[109.37196,-0.06023],[109.37136,-0.05963],[109.37114,-0.05918],[109.37054,-0.05918],[109.37054,-0.05948]]]},"properties":{"STREAM_ID":1}},{"type":"Feature","geometry":{"type":"Polygon","coordinates":[[[109.37796,-0.01743],[109.37813,-0.01657],[109.37878,-0.01613],[109.37882,-0.01594],[109.37837,-0.01553],[109.37826,-0.01575],[109.37871,-0.01605],[109.37826,-0.01635],[109.37796,-0.01673],[109.37796,-0.01743]]]},"properties":{"STREAM_ID":1}},{"type":"Feature","geometry":{"type":"Polygon","coordinates":[[[109.36859,-0.05798],[109.36836,-0.05723],[109.36799,-0.05708],[109.36799,-0.05686],[109.36769,-0.05678],[109.36769,-0.05656],[109.36724,-0.05603],[109.36716,-0.05573],[109.36686,-0.05543],[109.36626,-0.05498],[109.36619,-0.05438],[109.36589,-0.05348],[109.36536,-0.05303],[109.36506,-0.05288],[109.36499,-0.05228],[109.36469,-0.05168],[109.36409,-0.05108],[109.36349,-0.05026],[109.36319,-0.05018],[109.36319,-0.04995],[109.36274,-0.04965],[109.36274,-0.04943],[109.36229,-0.04928],[109.36199,-0.04853],[109.36094,-0.04785],[109.36094,-0.04763],[109.36064,-0.04755],[109.36056,-0.04725],[109.36004,-0.04688],[109.36004,-0.04665],[109.35974,-0.04658],[109.35959,-0.04628],[109.35876,-0.04553],[109.35839,-0.04538],[109.35839,-0.04515],[109.35786,-0.04485],[109.35734,-0.04433],[109.35704,-0.04425],[109.35704,-0.04403],[109.35479,-0.04178],[109.35434,-0.04118],[109.35434,-0.04095],[109.35359,-0.04035],[109.35359,-0.04013],[109.35329,-0.03998],[109.35329,-0.03975],[109.35284,-0.03953],[109.35216,-0.03885],[109.35179,-0.03825],[109.35179,-0.03795],[109.35156,-0.03788],[109.35149,-0.03743],[109.35126,-0.03713],[109.35096,-0.03698],[109.35066,-0.03653],[109.35044,-0.03645],[109.35036,-0.03593],[109.35014,-0.03578],[109.34983,-0.03518],[109.34953,-0.03473],[109.34938,-0.03413],[109.34908,-0.03383],[109.34908,-0.03338],[109.34856,-0.03263],[109.34833,-0.03255],[109.34818,-0.03195],[109.34773,-0.03143],[109.34766,-0.03083],[109.34736,-0.03053],[109.34736,-0.03023],[109.34683,-0.02963],[109.34683,-0.02873],[109.34653,-0.02828],[109.34638,-0.02745],[109.34593,-0.02715],[109.34593,-0.02693],[109.34563,-0.02655],[109.34556,-0.02603],[109.34533,-0.02588],[109.34518,-0.02535],[109.34496,-0.02528],[109.34496,-0.02498],[109.34473,-0.02483],[109.34466,-0.02445],[109.34443,-0.02438],[109.34428,-0.02393],[109.34376,-0.02363],[109.34368,-0.02333],[109.34308,-0.02288],[109.34278,-0.02243],[109.34226,-0.02205],[109.34203,-0.02205],[109.34188,-0.02175],[109.34136,-0.02145],[109.34128,-0.02108],[109.34053,-0.02108],[109.34038,-0.02078],[109.33993,-0.02063],[109.33978,-0.02033],[109.33956,-0.02033],[109.33933,-0.02003],[109.33836,-0.01958],[109.33806,-0.01913],[109.33768,-0.01905],[109.33723,-0.01868],[109.33723,-0.01845],[109.33678,-0.01808],[109.33678,-0.01793],[109.33603,-0.01785],[109.33573,-0.01733],[109.33543,-0.01718],[109.33528,-0.01673],[109.33498,-0.01665],[109.33453,-0.01613],[109.33423,-0.01613],[109.33416,-0.01583],[109.33356,-0.01538],[109.33333,-0.01538],[109.33326,-0.01508],[109.33258,-0.01463],[109.33198,-0.01448],[109.33153,-0.01448],[109.33138,-0.01403],[109.33086,-0.01365],[109.32973,-0.01365],[109.32966,-0.01343],[109.32928,-0.01313],[109.32928,-0.01223],[109.32868,-0.01178],[109.32838,-0.01178],[109.32793,-0.01133],[109.32748,-0.01118],[109.32718,-0.01073],[109.32636,-0.01028],[109.32628,-0.01005],[109.32598,-0.01005],[109.32598,-0.00975],[109.32553,-0.00953],[109.32546,-0.00938],[109.32433,-0.00938],[109.32418,-0.00893],[109.32366,-0.00893],[109.32358,-0.00825],[109.32328,-0.00795],[109.32268,-0.00795],[109.32268,-0.00773],[109.32223,-0.00743],[109.32178,-0.00698],[109.32126,-0.00668],[109.32126,-0.00645],[109.32058,-0.00608],[109.32028,-0.00563],[109.31976,-0.00555],[109.31976,-0.00533],[109.31946,-0.00518],[109.31938,-0.00495],[109.31878,-0.00495],[109.31833,-0.00473],[109.31803,-0.00443],[109.31803,-0.00413],[109.31743,-0.00383],[109.31698,-0.00368],[109.31683,-0.00345],[109.31653,-0.00345],[109.31616,-0.00323],[109.31488,-0.00263],[109.31413,-0.00233],[109.31398,-0.00203],[109.31316,-0.00188],[109.31308,-0.00165],[109.31226,-0.00165],[109.31203,-0.00143],[109.31136,-0.00128],[109.31053,-0.00128],[109.31016,-0.00105],[109.30888,-0.00105],[109.30866,-0.00083],[109.30783,-0.00075],[109.30753,-0.00053],[109.30678,-0.00045],[109.30588,-0.00053],[109.30408,-0.00053],[109.30408,-0.00068],[109.30318,-0.00075],[109.30176,-0.00075],[109.30153,-0.00098],[109.30086,-0.00128],[109.29973,-0.00128],[109.29973,-0.00135],[109.29725,-0.00135],[109.29643,-0.00128],[109.29643,-0.00113],[109.29545,-0.00098],[109.29545,-0.00083],[109.2947,-0.00075],[109.29448,-0.00045],[109.29343,-0.00045],[109.29305,-0.00038],[109.29298,-0.00015],[109.29253,0],[109.31863,0],[109.31863,-0.00023],[109.31893,-0.00038],[109.32006,-0.00075],[109.32118,-0.00075],[109.32133,-0.00098],[109.32133,-0.00135],[109.32186,-0.00173],[109.32193,-0.00203],[109.32223,-0.00218],[109.32276,-0.00218],[109.32306,-0.00233],[109.32343,-0.00293],[109.32396,-0.00308],[109.32403,-0.00338],[109.32448,-0.00353],[109.32486,-0.00353],[109.32486,-0.00375],[109.32523,-0.00383],[109.32523,-0.00428],[109.32583,-0.00443],[109.32613,-0.00473],[109.32613,-0.00495],[109.32658,-0.00503],[109.32696,-0.00525],[109.32703,-0.00578],[109.32763,-0.00615],[109.32793,-0.00623],[109.32823,-0.00668],[109.32883,-0.00705],[109.32883,-0.00728],[109.32928,-0.00735],[109.32958,-0.00758],[109.33108,-0.00908],[109.33123,-0.00938],[109.33168,-0.00953],[109.33198,-0.00975],[109.33206,-0.01028],[109.33251,-0.01028],[109.33251,-0.01058],[109.33296,-0.01088],[109.33318,-0.01088],[109.33363,-0.01133],[109.33363,-0.01163],[109.33416,-0.01193],[109.33416,-0.01245],[109.33476,-0.01298],[109.33476,-0.01335],[109.33498,-0.01358],[109.33528,-0.01358],[109.33588,-0.01403],[109.33603,-0.01433],[109.33626,-0.01433],[109.33633,-0.01478],[109.33693,-0.01493],[109.33716,-0.01523],[109.33768,-0.01553],[109.33768,-0.01575],[109.33806,-0.01575],[109.33813,-0.01628],[109.33843,-0.01665],[109.33896,-0.01748],[109.33948,-0.01763],[109.33956,-0.01793],[109.33986,-0.01808],[109.34053,-0.01808],[109.34046,-0.01778],[109.33993,-0.01755],[109.33978,-0.01725],[109.33933,-0.01695],[109.33858,-0.01598],[109.33843,-0.01553],[109.33806,-0.01538],[109.33768,-0.01493],[109.33708,-0.0144],[109.33686,-0.0144],[109.33671,-0.0141],[109.33633,-0.01395],[109.33558,-0.0132],[109.33521,-0.01305],[109.33498,-0.01245],[109.33468,-0.0123],[109.33446,-0.012],[109.33446,-0.01155],[109.33416,-0.01125],[109.33386,-0.0108],[109.33363,-0.01073],[109.33303,-0.0102],[109.33273,-0.01013],[109.33221,-0.00945],[109.33146,-0.00885],[109.33146,-0.0087],[109.33086,-0.00803],[109.33018,-0.00743],[109.32973,-0.0072],[109.32966,-0.00705],[109.32913,-0.00675],[109.32868,-0.0063],[109.32793,-0.0057],[109.32763,-0.00533],[109.32733,-0.00518],[109.32718,-0.0048],[109.32658,-0.0045],[109.32621,-0.00405],[109.32576,-0.0039],[109.32553,-0.00345],[109.32516,-0.00315],[109.32478,-0.00315],[109.32426,-0.00263],[109.32388,-0.00255],[109.32343,-0.00218],[109.32313,-0.0018],[109.32253,-0.0018],[109.32223,-0.00158],[109.32186,-0.00113],[109.32148,-0.0003],[109.32111,-0.00038],[109.32051,-0.00038],[109.32028,-0.00023],[109.31976,-0.00015],[109.31946,0],[109.31856,0.0006],[109.31803,0.00053],[109.31766,0.00083],[109.31721,0.00098],[109.31706,0.00128],[109.31661,0.00143],[109.31623,0.00143],[109.31601,0.00158],[109.31526,0.00188],[109.31503,0.00188],[109.31443,0.00225],[109.31421,0.0021],[109.31383,0.0021],[109.31376,0.0024],[109.31308,0.00248],[109.31263,0.0024],[109.31233,0.00263],[109.31196,0.00263],[109.31143,0.00285],[109.31113,0.00323],[109.31068,0.00345],[109.31008,0.00345],[109.30963,0.00353],[109.30941,0.00398],[109.30911,0.0042],[109.30866,0.0042],[109.30858,0.00435],[109.30753,0.00428],[109.30716,0.00443],[109.30633,0.0045],[109.30611,0.00465],[109.30573,0.00465],[109.30521,0.00488],[109.30446,0.0048],[109.30431,0.00525],[109.30386,0.00503],[109.30303,0.00495],[109.30198,0.00495],[109.30108,0.00488],[109.30078,0.00518],[109.30018,0.00525],[109.29965,0.00555],[109.29928,0.006],[109.29883,0.00608],[109.29868,0.00623],[109.29823,0.00623],[109.298,0.00638],[109.29778,0.0069],[109.29688,0.00735],[109.29605,0.00788],[109.2953,0.00788],[109.29493,0.0081],[109.29418,0.00818],[109.2932,0.00818],[109.29275,0.0084],[109.29163,0.00825],[109.29058,0.00825],[109.29028,0.00833],[109.28724,0.0059],[109.28694,0.00278],[109.28693,0.0018],[109.28735,0.0018],[109.2875,0.00165],[109.28878,0.00165],[109.28908,0.00173],[109.28945,0.0015],[109.28968,0.0015],[109.29013,0.00128],[109.29035,0.00098],[109.29035,0.00045],[109.2905,0.00038],[109.29125,0.00038],[109.29155,0.00023],[109.29155,-8e-05],[109.29245,-0.00045],[109.29275,-0.00083],[109.2941,-0.00083],[109.2947,-0.0012],[109.29523,-0.00128],[109.29538,-0.00143],[109.29583,-0.00143],[109.29613,-0.00165],[109.2968,-0.00173],[109.29845,-0.00173],[109.29943,-0.0018],[109.30018,-0.00165],[109.30116,-0.00165],[109.30161,-0.0015],[109.30243,-0.00113],[109.30333,-0.00113],[109.30431,-0.00098],[109.30611,-0.00098],[109.30671,-0.0009],[109.30723,-0.00098],[109.30746,-0.00113],[109.30806,-0.0012],[109.30866,-0.00158],[109.30903,-0.0015],[109.30986,-0.0015],[109.31016,-0.00165],[109.31158,-0.0018],[109.31188,-0.00203],[109.31248,-0.00203],[109.31293,-0.00225],[109.31353,-0.0024],[109.31383,-0.0027],[109.31533,-0.00338],[109.31556,-0.00338],[109.31616,-0.00368],[109.31653,-0.00398],[109.31698,-0.00405],[109.31766,-0.00465],[109.31766,-0.00488],[109.31826,-0.00533],[109.31893,-0.00533],[109.31923,-0.0057],[109.31976,-0.006],[109.31998,-0.0063],[109.32043,-0.00653],[109.32118,-0.0072],[109.32186,-0.00788],[109.32223,-0.0081],[109.32238,-0.00848],[109.32291,-0.00833],[109.32313,-0.00855],[109.32313,-0.00908],[109.32336,-0.0093],[109.32366,-0.0093],[109.32388,-0.00968],[109.32448,-0.00998],[109.32501,-0.0099],[109.32546,-0.01013],[109.32546,-0.01043],[109.32591,-0.0105],[109.32613,-0.01073],[109.32673,-0.01103],[109.32741,-0.01178],[109.32763,-0.01178],[109.32816,-0.01208],[109.32831,-0.0123],[109.32883,-0.01268],[109.32883,-0.01298],[109.32861,-0.01328],[109.32891,-0.01343],[109.32921,-0.01388],[109.32966,-0.01425],[109.33003,-0.01425],[109.33041,-0.0141],[109.33078,-0.0144],[109.33078,-0.01455],[109.33116,-0.01485],[109.33198,-0.015],[109.33273,-0.0156],[109.33303,-0.01568],[109.33371,-0.0162],[109.33371,-0.01643],[109.33416,-0.01658],[109.33536,-0.0177],[109.33551,-0.01808],[109.33588,-0.0183],[109.33648,-0.01845],[109.33693,-0.01883],[109.33693,-0.01905],[109.33738,-0.0195],[109.33753,-0.0195],[109.33798,-0.01995],[109.33903,-0.02048],[109.33956,-0.02093],[109.33986,-0.0213],[109.34016,-0.02145],[109.34068,-0.02145],[109.34098,-0.0219],[109.34151,-0.0222],[109.34188,-0.02265],[109.34211,-0.02265],[109.34271,-0.02325],[109.34331,-0.0237],[109.34391,-0.02438],[109.34458,-0.02528],[109.34458,-0.02558],[109.34481,-0.02573],[109.34518,-0.02655],[109.34526,-0.02655],[109.34571,-0.02753],[109.34608,-0.02813],[109.34616,-0.02858],[109.34631,-0.02873],[109.34653,-0.0294],[109.34653,-0.03],[109.34683,-0.03038],[109.34728,-0.03128],[109.34728,-0.0315],[109.34818,-0.0333],[109.34856,-0.0336],[109.34871,-0.0342],[109.35014,-0.0369],[109.35096,-0.03765],[109.35141,-0.0387],[109.35179,-0.03908],[109.35179,-0.03923],[109.35231,-0.03983],[109.35246,-0.03983],[109.35299,-0.04035],[109.35329,-0.04088],[109.35381,-0.04125],[109.35389,-0.04155],[109.35441,-0.042],[109.35441,-0.04215],[109.35479,-0.0426],[109.35599,-0.0438],[109.35674,-0.0447],[109.35704,-0.04478],[109.35741,-0.04515],[109.35771,-0.0453],[109.35824,-0.0459],[109.35876,-0.04635],[109.35921,-0.04665],[109.35966,-0.0471],[109.35966,-0.04725],[109.36041,-0.04793],[109.36041,-0.04808],[109.36079,-0.04845],[109.36094,-0.04845],[109.36161,-0.04898],[109.36169,-0.04935],[109.36206,-0.04958],[109.36296,-0.05048],[109.36296,-0.05063],[109.36349,-0.05108],[109.36371,-0.05153],[109.36424,-0.05198],[109.36439,-0.05258],[109.36469,-0.05326],[109.36529,-0.05371],[109.36559,-0.05431],[109.36559,-0.05498],[109.36619,-0.05566],[109.36649,-0.05581],[109.36694,-0.05671],[109.36709,-0.05678],[109.36731,-0.05731],[109.36835,-0.05822],[109.36859,-0.05798]],[[109.29853,0.00458],[109.2986,0.0039],[109.29845,0.00375],[109.29808,0.00383],[109.29748,0.00383],[109.29665,0.00443],[109.2962,0.00525],[109.2971,0.00518],[109.29748,0.00533],[109.29763,0.00518],[109.29815,0.0051],[109.29853,0.00473],[109.29853,0.00458]]]},"properties":{"STREAM_ID":1}},{"type":"Feature","geometry":{"type":"Polygon","coordinates":[[[109.37511,-0.0108],[109.37526,-0.01103],[109.37579,-0.0108],[109.37616,-0.0108],[109.37661,-0.01095],[109.37691,-0.01118],[109.37706,-0.01163],[109.37669,-0.01185],[109.37676,-0.01245],[109.37736,-0.0126],[109.37751,-0.01245],[109.37738,-0.01202],[109.37772,-0.01128],[109.37799,-0.01106],[109.37786,-0.01053],[109.37781,-0.00945],[109.37766,-0.00923],[109.37729,-0.00923],[109.37699,-0.0096],[109.37714,-0.00998],[109.37714,-0.01065],[109.37699,-0.01088],[109.37669,-0.01088],[109.37639,-0.01058],[109.37639,-0.01028],[109.37669,-0.00998],[109.37676,-0.00968],[109.37676,-0.00893],[109.37669,-0.00863],[109.37676,-0.00818],[109.37631,-0.00818],[109.37616,-0.00855],[109.37549,-0.00855],[109.37534,-0.0087],[109.37549,-0.009],[109.37594,-0.00908],[109.37586,-0.00975],[109.37609,-0.00998],[109.37616,-0.01035],[109.37571,-0.01058],[109.37511,-0.01058],[109.37511,-0.0108]]]},"properties":{"STREAM_ID":1}},{"type":"Feature","geometry":{"type":"Polygon","coordinates":[[[109.37796,-0.01743],[109.37813,-0.01657],[109.37878,-0.01613],[109.37882,-0.01594],[109.37837,-0.01553],[109.37826,-0.01575],[109.37871,-0.01605],[109.37826,-0.01635],[109.37796,-0.01673],[109.37796,-0.01743]]]},"properties":{"STREAM_ID":1}},{"type":"Feature","geometry":{"type":"Polygon","coordinates":[[[109.36859,-0.05798],[109.36836,-0.05723],[109.36799,-0.05708],[109.36799,-0.05686],[109.36769,-0.05678],[109.36769,-0.05656],[109.36724,-0.05603],[109.36716,-0.05573],[109.36686,-0.05543],[109.36626,-0.05498],[109.36619,-0.05438],[109.36589,-0.05348],[109.36536,-0.05303],[109.36506,-0.05288],[109.36499,-0.05228],[109.36469,-0.05168],[109.36409,-0.05108],[109.36349,-0.05026],[109.36319,-0.05018],[109.36319,-0.04995],[109.36274,-0.04965],[109.36274,-0.04943],[109.36229,-0.04928],[109.36199,-0.04853],[109.36094,-0.04785],[109.36094,-0.04763],[109.36064,-0.04755],[109.36056,-0.04725],[109.36004,-0.04688],[109.36004,-0.04665],[109.35974,-0.04658],[109.35959,-0.04628],[109.35876,-0.04553],[109.35839,-0.04538],[109.35839,-0.04515],[109.35786,-0.04485],[109.35734,-0.04433],[109.35704,-0.04425],[109.35704,-0.04403],[109.35479,-0.04178],[109.35434,-0.04118],[109.35434,-0.04095],[109.35359,-0.04035],[109.35359,-0.04013],[109.35329,-0.03998],[109.35329,-0.03975],[109.35284,-0.03953],[109.35216,-0.03885],[109.35179,-0.03825],[109.35179,-0.03795],[109.35156,-0.03788],[109.35149,-0.03743],[109.35126,-0.03713],[109.35096,-0.03698],[109.35066,-0.03653],[109.35044,-0.03645],[109.35036,-0.03593],[109.35014,-0.03578],[109.34983,-0.03518],[109.34953,-0.03473],[109.34938,-0.03413],[109.34908,-0.03383],[109.34908,-0.03338],[109.34856,-0.03263],[109.34833,-0.03255],[109.34818,-0.03195],[109.34773,-0.03143],[109.34766,-0.03083],[109.34736,-0.03053],[109.34736,-0.03023],[109.34683,-0.02963],[109.34683,-0.02873],[109.34653,-0.02828],[109.34638,-0.02745],[109.34593,-0.02715],[109.34593,-0.02693],[109.34563,-0.02655],[109.34556,-0.02603],[109.34533,-0.02588],[109.34518,-0.02535],[109.34496,-0.02528],[109.34496,-0.02498],[109.34473,-0.02483],[109.34466,-0.02445],[109.34443,-0.02438],[109.34428,-0.02393],[109.34376,-0.02363],[109.34368,-0.02333],[109.34308,-0.02288],[109.34278,-0.02243],[109.34226,-0.02205],[109.34203,-0.02205],[109.34188,-0.02175],[109.34136,-0.02145],[109.34128,-0.02108],[109.34053,-0.02108],[109.34038,-0.02078],[109.33993,-0.02063],[109.33978,-0.02033],[109.33956,-0.02033],[109.33933,-0.02003],[109.33836,-0.01958],[109.33806,-0.01913],[109.33768,-0.01905],[109.33723,-0.01868],[109.33723,-0.01845],[109.33678,-0.01808],[109.33678,-0.01793],[109.33603,-0.01785],[109.33573,-0.01733],[109.33543,-0.01718],[109.33528,-0.01673],[109.33498,-0.01665],[109.33453,-0.01613],[109.33423,-0.01613],[109.33416,-0.01583],[109.33356,-0.01538],[109.33333,-0.01538],[109.33326,-0.01508],[109.33258,-0.01463],[109.33198,-0.01448],[109.33153,-0.01448],[109.33138,-0.01403],[109.33086,-0.01365],[109.32973,-0.01365],[109.32966,-0.01343],[109.32928,-0.01313],[109.32928,-0.01223],[109.32868,-0.01178],[109.32838,-0.01178],[109.32793,-0.01133],[109.32748,-0.01118],[109.32718,-0.01073],[109.32636,-0.01028],[109.32628,-0.01005],[109.32598,-0.01005],[109.32598,-0.00975],[109.32553,-0.00953],[109.32546,-0.00938],[109.32433,-0.00938],[109.32418,-0.00893],[109.32366,-0.00893],[109.32358,-0.00825],[109.32328,-0.00795],[109.32268,-0.00795],[109.32268,-0.00773],[109.32223,-0.00743],[109.32178,-0.00698],[109.32126,-0.00668],[109.32126,-0.00645],[109.32058,-0.00608],[109.32028,-0.00563],[109.31976,-0.00555],[109.31976,-0.00533],[109.31946,-0.00518],[109.31938,-0.00495],[109.31878,-0.00495],[109.31833,-0.00473],[109.31803,-0.00443],[109.31803,-0.00413],[109.31743,-0.00383],[109.31698,-0.00368],[109.31683,-0.00345],[109.31653,-0.00345],[109.31616,-0.00323],[109.31488,-0.00263],[109.31413,-0.00233],[109.31398,-0.00203],[109.31316,-0.00188],[109.31308,-0.00165],[109.31226,-0.00165],[109.31203,-0.00143],[109.31136,-0.00128],[109.31053,-0.00128],[109.31016,-0.00105],[109.30888,-0.00105],[109.30866,-0.00083],[109.30783,-0.00075],[109.30753,-0.00053],[109.30678,-0.00045],[109.30588,-0.00053],[109.30408,-0.00053],[109.30408,-0.00068],[109.30318,-0.00075],[109.30176,-0.00075],[109.30153,-0.00098],[109.30086,-0.00128],[109.29973,-0.00128],[109.29973,-0.00135],[109.29725,-0.00135],[109.29643,-0.00128],[109.29643,-0.00113],[109.29545,-0.00098],[109.29545,-0.00083],[109.2947,-0.00075],[109.29448,-0.00045],[109.29343,-0.00045],[109.29305,-0.00038],[109.29298,-0.00015],[109.29253,0],[109.31863,0],[109.31863,-0.00023],[109.31893,-0.00038],[109.32006,-0.00075],[109.32118,-0.00075],[109.32133,-0.00098],[109.32133,-0.00135],[109.32186,-0.00173],[109.32193,-0.00203],[109.32223,-0.00218],[109.32276,-0.00218],[109.32306,-0.00233],[109.32343,-0.00293],[109.32396,-0.00308],[109.32403,-0.00338],[109.32448,-0.00353],[109.32486,-0.00353],[109.32486,-0.00375],[109.32523,-0.00383],[109.32523,-0.00428],[109.32583,-0.00443],[109.32613,-0.00473],[109.32613,-0.00495],[109.32658,-0.00503],[109.32696,-0.00525],[109.32703,-0.00578],[109.32763,-0.00615],[109.32793,-0.00623],[109.32823,-0.00668],[109.32883,-0.00705],[109.32883,-0.00728],[109.32928,-0.00735],[109.32958,-0.00758],[109.33108,-0.00908],[109.33123,-0.00938],[109.33168,-0.00953],[109.33198,-0.00975],[109.33206,-0.01028],[109.33251,-0.01028],[109.33251,-0.01058],[109.33296,-0.01088],[109.33318,-0.01088],[109.33363,-0.01133],[109.33363,-0.01163],[109.33416,-0.01193],[109.33416,-0.01245],[109.33476,-0.01298],[109.33476,-0.01335],[109.33498,-0.01358],[109.33528,-0.01358],[109.33588,-0.01403],[109.33603,-0.01433],[109.33626,-0.01433],[109.33633,-0.01478],[109.33693,-0.01493],[109.33716,-0.01523],[109.33768,-0.01553],[109.33768,-0.01575],[109.33806,-0.01575],[109.33813,-0.01628],[109.33843,-0.01665],[109.33896,-0.01748],[109.33948,-0.01763],[109.33956,-0.01793],[109.33986,-0.01808],[109.34053,-0.01808],[109.34046,-0.01778],[109.33993,-0.01755],[109.33978,-0.01725],[109.33933,-0.01695],[109.33858,-0.01598],[109.33843,-0.01553],[109.33806,-0.01538],[109.33768,-0.01493],[109.33708,-0.0144],[109.33686,-0.0144],[109.33671,-0.0141],[109.33633,-0.01395],[109.33558,-0.0132],[109.33521,-0.01305],[109.33498,-0.01245],[109.33468,-0.0123],[109.33446,-0.012],[109.33446,-0.01155],[109.33416,-0.01125],[109.33386,-0.0108],[109.33363,-0.01073],[109.33303,-0.0102],[109.33273,-0.01013],[109.33221,-0.00945],[109.33146,-0.00885],[109.33146,-0.0087],[109.33086,-0.00803],[109.33018,-0.00743],[109.32973,-0.0072],[109.32966,-0.00705],[109.32913,-0.00675],[109.32868,-0.0063],[109.32793,-0.0057],[109.32763,-0.00533],[109.32733,-0.00518],[109.32718,-0.0048],[109.32658,-0.0045],[109.32621,-0.00405],[109.32576,-0.0039],[109.32553,-0.00345],[109.32516,-0.00315],[109.32478,-0.00315],[109.32426,-0.00263],[109.32388,-0.00255],[109.32343,-0.00218],[109.32313,-0.0018],[109.32253,-0.0018],[109.32223,-0.00158],[109.32186,-0.00113],[109.32148,-0.0003],[109.32111,-0.00038],[109.32051,-0.00038],[109.32028,-0.00023],[109.31976,-0.00015],[109.31946,0],[109.31856,0.0006],[109.31803,0.00053],[109.31766,0.00083],[109.31721,0.00098],[109.31706,0.00128],[109.31661,0.00143],[109.31623,0.00143],[109.31601,0.00158],[109.31526,0.00188],[109.31503,0.00188],[109.31443,0.00225],[109.31421,0.0021],[109.31383,0.0021],[109.31376,0.0024],[109.31308,0.00248],[109.31263,0.0024],[109.31233,0.00263],[109.31196,0.00263],[109.31143,0.00285],[109.31113,0.00323],[109.31068,0.00345],[109.31008,0.00345],[109.30963,0.00353],[109.30941,0.00398],[109.30911,0.0042],[109.30866,0.0042],[109.30858,0.00435],[109.30753,0.00428],[109.30716,0.00443],[109.30633,0.0045],[109.30611,0.00465],[109.30573,0.00465],[109.30521,0.00488],[109.30446,0.0048],[109.30431,0.00525],[109.30386,0.00503],[109.30303,0.00495],[109.30198,0.00495],[109.30108,0.00488],[109.30078,0.00518],[109.30018,0.00525],[109.29965,0.00555],[109.29928,0.006],[109.29883,0.00608],[109.29868,0.00623],[109.29823,0.00623],[109.298,0.00638],[109.29778,0.0069],[109.29688,0.00735],[109.29605,0.00788],[109.2953,0.00788],[109.29493,0.0081],[109.29418,0.00818],[109.2932,0.00818],[109.29275,0.0084],[109.29163,0.00825],[109.29058,0.00825],[109.29028,0.00833],[109.28724,0.0059],[109.28694,0.00278],[109.28693,0.0018],[109.28735,0.0018],[109.2875,0.00165],[109.28878,0.00165],[109.28908,0.00173],[109.28945,0.0015],[109.28968,0.0015],[109.29013,0.00128],[109.29035,0.00098],[109.29035,0.00045],[109.2905,0.00038],[109.29125,0.00038],[109.29155,0.00023],[109.29155,-8e-05],[109.29245,-0.00045],[109.29275,-0.00083],[109.2941,-0.00083],[109.2947,-0.0012],[109.29523,-0.00128],[109.29538,-0.00143],[109.29583,-0.00143],[109.29613,-0.00165],[109.2968,-0.00173],[109.29845,-0.00173],[109.29943,-0.0018],[109.30018,-0.00165],[109.30116,-0.00165],[109.30161,-0.0015],[109.30243,-0.00113],[109.30333,-0.00113],[109.30431,-0.00098],[109.30611,-0.00098],[109.30671,-0.0009],[109.30723,-0.00098],[109.30746,-0.00113],[109.30806,-0.0012],[109.30866,-0.00158],[109.30903,-0.0015],[109.30986,-0.0015],[109.31016,-0.00165],[109.31158,-0.0018],[109.31188,-0.00203],[109.31248,-0.00203],[109.31293,-0.00225],[109.31353,-0.0024],[109.31383,-0.0027],[109.31533,-0.00338],[109.31556,-0.00338],[109.31616,-0.00368],[109.31653,-0.00398],[109.31698,-0.00405],[109.31766,-0.00465],[109.31766,-0.00488],[109.31826,-0.00533],[109.31893,-0.00533],[109.31923,-0.0057],[109.31976,-0.006],[109.31998,-0.0063],[109.32043,-0.00653],[109.32118,-0.0072],[109.32186,-0.00788],[109.32223,-0.0081],[109.32238,-0.00848],[109.32291,-0.00833],[109.32313,-0.00855],[109.32313,-0.00908],[109.32336,-0.0093],[109.32366,-0.0093],[109.32388,-0.00968],[109.32448,-0.00998],[109.32501,-0.0099],[109.32546,-0.01013],[109.32546,-0.01043],[109.32591,-0.0105],[109.32613,-0.01073],[109.32673,-0.01103],[109.32741,-0.01178],[109.32763,-0.01178],[109.32816,-0.01208],[109.32831,-0.0123],[109.32883,-0.01268],[109.32883,-0.01298],[109.32861,-0.01328],[109.32891,-0.01343],[109.32921,-0.01388],[109.32966,-0.01425],[109.33003,-0.01425],[109.33041,-0.0141],[109.33078,-0.0144],[109.33078,-0.01455],[109.33116,-0.01485],[109.33198,-0.015],[109.33273,-0.0156],[109.33303,-0.01568],[109.33371,-0.0162],[109.33371,-0.01643],[109.33416,-0.01658],[109.33536,-0.0177],[109.33551,-0.01808],[109.33588,-0.0183],[109.33648,-0.01845],[109.33693,-0.01883],[109.33693,-0.01905],[109.33738,-0.0195],[109.33753,-0.0195],[109.33798,-0.01995],[109.33903,-0.02048],[109.33956,-0.02093],[109.33986,-0.0213],[109.34016,-0.02145],[109.34068,-0.02145],[109.34098,-0.0219],[109.34151,-0.0222],[109.34188,-0.02265],[109.34211,-0.02265],[109.34271,-0.02325],[109.34331,-0.0237],[109.34391,-0.02438],[109.34458,-0.02528],[109.34458,-0.02558],[109.34481,-0.02573],[109.34518,-0.02655],[109.34526,-0.02655],[109.34571,-0.02753],[109.34608,-0.02813],[109.34616,-0.02858],[109.34631,-0.02873],[109.34653,-0.0294],[109.34653,-0.03],[109.34683,-0.03038],[109.34728,-0.03128],[109.34728,-0.0315],[109.34818,-0.0333],[109.34856,-0.0336],[109.34871,-0.0342],[109.35014,-0.0369],[109.35096,-0.03765],[109.35141,-0.0387],[109.35179,-0.03908],[109.35179,-0.03923],[109.35231,-0.03983],[109.35246,-0.03983],[109.35299,-0.04035],[109.35329,-0.04088],[109.35381,-0.04125],[109.35389,-0.04155],[109.35441,-0.042],[109.35441,-0.04215],[109.35479,-0.0426],[109.35599,-0.0438],[109.35674,-0.0447],[109.35704,-0.04478],[109.35741,-0.04515],[109.35771,-0.0453],[109.35824,-0.0459],[109.35876,-0.04635],[109.35921,-0.04665],[109.35966,-0.0471],[109.35966,-0.04725],[109.36041,-0.04793],[109.36041,-0.04808],[109.36079,-0.04845],[109.36094,-0.04845],[109.36161,-0.04898],[109.36169,-0.04935],[109.36206,-0.04958],[109.36296,-0.05048],[109.36296,-0.05063],[109.36349,-0.05108],[109.36371,-0.05153],[109.36424,-0.05198],[109.36439,-0.05258],[109.36469,-0.05326],[109.36529,-0.05371],[109.36559,-0.05431],[109.36559,-0.05498],[109.36619,-0.05566],[109.36649,-0.05581],[109.36694,-0.05671],[109.36709,-0.05678],[109.36731,-0.05731],[109.36835,-0.05822],[109.36859,-0.05798]],[[109.29853,0.00458],[109.2986,0.0039],[109.29845,0.00375],[109.29808,0.00383],[109.29748,0.00383],[109.29665,0.00443],[109.2962,0.00525],[109.2971,0.00518],[109.29748,0.00533],[109.29763,0.00518],[109.29815,0.0051],[109.29853,0.00473],[109.29853,0.00458]]]},"properties":{"STREAM_ID":1}},{"type":"Feature","geometry":{"type":"Polygon","coordinates":[[[109.37511,-0.0108],[109.37526,-0.01103],[109.37579,-0.0108],[109.37616,-0.0108],[109.37661,-0.01095],[109.37691,-0.01118],[109.37706,-0.01163],[109.37669,-0.01185],[109.37676,-0.01245],[109.37736,-0.0126],[109.37751,-0.01245],[109.37738,-0.01202],[109.37772,-0.01128],[109.37799,-0.01106],[109.37786,-0.01053],[109.37781,-0.00945],[109.37766,-0.00923],[109.37729,-0.00923],[109.37699,-0.0096],[109.37714,-0.00998],[109.37714,-0.01065],[109.37699,-0.01088],[109.37669,-0.01088],[109.37639,-0.01058],[109.37639,-0.01028],[109.37669,-0.00998],[109.37676,-0.00968],[109.37676,-0.00893],[109.37669,-0.00863],[109.37676,-0.00818],[109.37631,-0.00818],[109.37616,-0.00855],[109.37549,-0.00855],[109.37534,-0.0087],[109.37549,-0.009],[109.37594,-0.00908],[109.37586,-0.00975],[109.37609,-0.00998],[109.37616,-0.01035],[109.37571,-0.01058],[109.37511,-0.01058],[109.37511,-0.0108]]]},"properties":{"STREAM_ID":1}},{"type":"Feature","geometry":{"type":"Polygon","coordinates":[[[109.37796,-0.01743],[109.37813,-0.01657],[109.37878,-0.01613],[109.37882,-0.01594],[109.37837,-0.01553],[109.37826,-0.01575],[109.37871,-0.01605],[109.37826,-0.01635],[109.37796,-0.01673],[109.37796,-0.01743]]]},"properties":{"STREAM_ID":1}},{"type":"Feature","geometry":{"type":"Polygon","coordinates":[[[109.37796,-0.01743],[109.37813,-0.01657],[109.37878,-0.01613],[109.37882,-0.01594],[109.37837,-0.01553],[109.37826,-0.01575],[109.37871,-0.01605],[109.37826,-0.01635],[109.37796,-0.01673],[109.37796,-0.01743]]]},"properties":{"STREAM_ID":1}},{"type":"Feature","geometry":{"type":"Polygon","coordinates":[[[109.36859,-0.05798],[109.36836,-0.05723],[109.36799,-0.05708],[109.36799,-0.05686],[109.36769,-0.05678],[109.36769,-0.05656],[109.36724,-0.05603],[109.36716,-0.05573],[109.36686,-0.05543],[109.36626,-0.05498],[109.36619,-0.05438],[109.36589,-0.05348],[109.36536,-0.05303],[109.36506,-0.05288],[109.36499,-0.05228],[109.36469,-0.05168],[109.36409,-0.05108],[109.36349,-0.05026],[109.36319,-0.05018],[109.36319,-0.04995],[109.36274,-0.04965],[109.36274,-0.04943],[109.36229,-0.04928],[109.36199,-0.04853],[109.36094,-0.04785],[109.36094,-0.04763],[109.36064,-0.04755],[109.36056,-0.04725],[109.36004,-0.04688],[109.36004,-0.04665],[109.35974,-0.04658],[109.35959,-0.04628],[109.35876,-0.04553],[109.35839,-0.04538],[109.35839,-0.04515],[109.35786,-0.04485],[109.35734,-0.04433],[109.35704,-0.04425],[109.35704,-0.04403],[109.35479,-0.04178],[109.35434,-0.04118],[109.35434,-0.04095],[109.35359,-0.04035],[109.35359,-0.04013],[109.35329,-0.03998],[109.35329,-0.03975],[109.35284,-0.03953],[109.35216,-0.03885],[109.35179,-0.03825],[109.35179,-0.03795],[109.35156,-0.03788],[109.35149,-0.03743],[109.35126,-0.03713],[109.35096,-0.03698],[109.35066,-0.03653],[109.35044,-0.03645],[109.35036,-0.03593],[109.35014,-0.03578],[109.34983,-0.03518],[109.34953,-0.03473],[109.34938,-0.03413],[109.34908,-0.03383],[109.34908,-0.03338],[109.34856,-0.03263],[109.34833,-0.03255],[109.34818,-0.03195],[109.34773,-0.03143],[109.34766,-0.03083],[109.34736,-0.03053],[109.34736,-0.03023],[109.34683,-0.02963],[109.34683,-0.02873],[109.34653,-0.02828],[109.34638,-0.02745],[109.34593,-0.02715],[109.34593,-0.02693],[109.34563,-0.02655],[109.34556,-0.02603],[109.34533,-0.02588],[109.34518,-0.02535],[109.34496,-0.02528],[109.34496,-0.02498],[109.34473,-0.02483],[109.34466,-0.02445],[109.34443,-0.02438],[109.34428,-0.02393],[109.34376,-0.02363],[109.34368,-0.02333],[109.34308,-0.02288],[109.34278,-0.02243],[109.34226,-0.02205],[109.34203,-0.02205],[109.34188,-0.02175],[109.34136,-0.02145],[109.34128,-0.02108],[109.34053,-0.02108],[109.34038,-0.02078],[109.33993,-0.02063],[109.33978,-0.02033],[109.33956,-0.02033],[109.33933,-0.02003],[109.33836,-0.01958],[109.33806,-0.01913],[109.33768,-0.01905],[109.33723,-0.01868],[109.33723,-0.01845],[109.33678,-0.01808],[109.33678,-0.01793],[109.33603,-0.01785],[109.33573,-0.01733],[109.33543,-0.01718],[109.33528,-0.01673],[109.33498,-0.01665],[109.33453,-0.01613],[109.33423,-0.01613],[109.33416,-0.01583],[109.33356,-0.01538],[109.33333,-0.01538],[109.33326,-0.01508],[109.33258,-0.01463],[109.33198,-0.01448],[109.33153,-0.01448],[109.33138,-0.01403],[109.33086,-0.01365],[109.32973,-0.01365],[109.32966,-0.01343],[109.32928,-0.01313],[109.32928,-0.01223],[109.32868,-0.01178],[109.32838,-0.01178],[109.32793,-0.01133],[109.32748,-0.01118],[109.32718,-0.01073],[109.32636,-0.01028],[109.32628,-0.01005],[109.32598,-0.01005],[109.32598,-0.00975],[109.32553,-0.00953],[109.32546,-0.00938],[109.32433,-0.00938],[109.32418,-0.00893],[109.32366,-0.00893],[109.32358,-0.00825],[109.32328,-0.00795],[109.32268,-0.00795],[109.32268,-0.00773],[109.32223,-0.00743],[109.32178,-0.00698],[109.32126,-0.00668],[109.32126,-0.00645],[109.32058,-0.00608],[109.32028,-0.00563],[109.31976,-0.00555],[109.31976,-0.00533],[109.31946,-0.00518],[109.31938,-0.00495],[109.31878,-0.00495],[109.31833,-0.00473],[109.31803,-0.00443],[109.31803,-0.00413],[109.31743,-0.00383],[109.31698,-0.00368],[109.31683,-0.00345],[109.31653,-0.00345],[109.31616,-0.00323],[109.31488,-0.00263],[109.31413,-0.00233],[109.31398,-0.00203],[109.31316,-0.00188],[109.31308,-0.00165],[109.31226,-0.00165],[109.31203,-0.00143],[109.31136,-0.00128],[109.31053,-0.00128],[109.31016,-0.00105],[109.30888,-0.00105],[109.30866,-0.00083],[109.30783,-0.00075],[109.30753,-0.00053],[109.30678,-0.00045],[109.30588,-0.00053],[109.30408,-0.00053],[109.30408,-0.00068],[109.30318,-0.00075],[109.30176,-0.00075],[109.30153,-0.00098],[109.30086,-0.00128],[109.29973,-0.00128],[109.29973,-0.00135],[109.29725,-0.00135],[109.29643,-0.00128],[109.29643,-0.00113],[109.29545,-0.00098],[109.29545,-0.00083],[109.2947,-0.00075],[109.29448,-0.00045],[109.29343,-0.00045],[109.29305,-0.00038],[109.29298,-0.00015],[109.29253,0],[109.31863,0],[109.31863,-0.00023],[109.31893,-0.00038],[109.32006,-0.00075],[109.32118,-0.00075],[109.32133,-0.00098],[109.32133,-0.00135],[109.32186,-0.00173],[109.32193,-0.00203],[109.32223,-0.00218],[109.32276,-0.00218],[109.32306,-0.00233],[109.32343,-0.00293],[109.32396,-0.00308],[109.32403,-0.00338],[109.32448,-0.00353],[109.32486,-0.00353],[109.32486,-0.00375],[109.32523,-0.00383],[109.32523,-0.00428],[109.32583,-0.00443],[109.32613,-0.00473],[109.32613,-0.00495],[109.32658,-0.00503],[109.32696,-0.00525],[109.32703,-0.00578],[109.32763,-0.00615],[109.32793,-0.00623],[109.32823,-0.00668],[109.32883,-0.00705],[109.32883,-0.00728],[109.32928,-0.00735],[109.32958,-0.00758],[109.33108,-0.00908],[109.33123,-0.00938],[109.33168,-0.00953],[109.33198,-0.00975],[109.33206,-0.01028],[109.33251,-0.01028],[109.33251,-0.01058],[109.33296,-0.01088],[109.33318,-0.01088],[109.33363,-0.01133],[109.33363,-0.01163],[109.33416,-0.01193],[109.33416,-0.01245],[109.33476,-0.01298],[109.33476,-0.01335],[109.33498,-0.01358],[109.33528,-0.01358],[109.33588,-0.01403],[109.33603,-0.01433],[109.33626,-0.01433],[109.33633,-0.01478],[109.33693,-0.01493],[109.33716,-0.01523],[109.33768,-0.01553],[109.33768,-0.01575],[109.33806,-0.01575],[109.33813,-0.01628],[109.33843,-0.01665],[109.33896,-0.01748],[109.33948,-0.01763],[109.33956,-0.01793],[109.33986,-0.01808],[109.34053,-0.01808],[109.34046,-0.01778],[109.33993,-0.01755],[109.33978,-0.01725],[109.33933,-0.01695],[109.33858,-0.01598],[109.33843,-0.01553],[109.33806,-0.01538],[109.33768,-0.01493],[109.33708,-0.0144],[109.33686,-0.0144],[109.33671,-0.0141],[109.33633,-0.01395],[109.33558,-0.0132],[109.33521,-0.01305],[109.33498,-0.01245],[109.33468,-0.0123],[109.33446,-0.012],[109.33446,-0.01155],[109.33416,-0.01125],[109.33386,-0.0108],[109.33363,-0.01073],[109.33303,-0.0102],[109.33273,-0.01013],[109.33221,-0.00945],[109.33146,-0.00885],[109.33146,-0.0087],[109.33086,-0.00803],[109.33018,-0.00743],[109.32973,-0.0072],[109.32966,-0.00705],[109.32913,-0.00675],[109.32868,-0.0063],[109.32793,-0.0057],[109.32763,-0.00533],[109.32733,-0.00518],[109.32718,-0.0048],[109.32658,-0.0045],[109.32621,-0.00405],[109.32576,-0.0039],[109.32553,-0.00345],[109.32516,-0.00315],[109.32478,-0.00315],[109.32426,-0.00263],[109.32388,-0.00255],[109.32343,-0.00218],[109.32313,-0.0018],[109.32253,-0.0018],[109.32223,-0.00158],[109.32186,-0.00113],[109.32148,-0.0003],[109.32111,-0.00038],[109.32051,-0.00038],[109.32028,-0.00023],[109.31976,-0.00015],[109.31946,0],[109.31856,0.0006],[109.31803,0.00053],[109.31766,0.00083],[109.31721,0.00098],[109.31706,0.00128],[109.31661,0.00143],[109.31623,0.00143],[109.31601,0.00158],[109.31526,0.00188],[109.31503,0.00188],[109.31443,0.00225],[109.31421,0.0021],[109.31383,0.0021],[109.31376,0.0024],[109.31308,0.00248],[109.31263,0.0024],[109.31233,0.00263],[109.31196,0.00263],[109.31143,0.00285],[109.31113,0.00323],[109.31068,0.00345],[109.31008,0.00345],[109.30963,0.00353],[109.30941,0.00398],[109.30911,0.0042],[109.30866,0.0042],[109.30858,0.00435],[109.30753,0.00428],[109.30716,0.00443],[109.30633,0.0045],[109.30611,0.00465],[109.30573,0.00465],[109.30521,0.00488],[109.30446,0.0048],[109.30431,0.00525],[109.30386,0.00503],[109.30303,0.00495],[109.30198,0.00495],[109.30108,0.00488],[109.30078,0.00518],[109.30018,0.00525],[109.29965,0.00555],[109.29928,0.006],[109.29883,0.00608],[109.29868,0.00623],[109.29823,0.00623],[109.298,0.00638],[109.29778,0.0069],[109.29688,0.00735],[109.29605,0.00788],[109.2953,0.00788],[109.29493,0.0081],[109.29418,0.00818],[109.2932,0.00818],[109.29275,0.0084],[109.29163,0.00825],[109.29058,0.00825],[109.29028,0.00833],[109.28724,0.0059],[109.28694,0.00278],[109.28693,0.0018],[109.28735,0.0018],[109.2875,0.00165],[109.28878,0.00165],[109.28908,0.00173],[109.28945,0.0015],[109.28968,0.0015],[109.29013,0.00128],[109.29035,0.00098],[109.29035,0.00045],[109.2905,0.00038],[109.29125,0.00038],[109.29155,0.00023],[109.29155,-8e-05],[109.29245,-0.00045],[109.29275,-0.00083],[109.2941,-0.00083],[109.2947,-0.0012],[109.29523,-0.00128],[109.29538,-0.00143],[109.29583,-0.00143],[109.29613,-0.00165],[109.2968,-0.00173],[109.29845,-0.00173],[109.29943,-0.0018],[109.30018,-0.00165],[109.30116,-0.00165],[109.30161,-0.0015],[109.30243,-0.00113],[109.30333,-0.00113],[109.30431,-0.00098],[109.30611,-0.00098],[109.30671,-0.0009],[109.30723,-0.00098],[109.30746,-0.00113],[109.30806,-0.0012],[109.30866,-0.00158],[109.30903,-0.0015],[109.30986,-0.0015],[109.31016,-0.00165],[109.31158,-0.0018],[109.31188,-0.00203],[109.31248,-0.00203],[109.31293,-0.00225],[109.31353,-0.0024],[109.31383,-0.0027],[109.31533,-0.00338],[109.31556,-0.00338],[109.31616,-0.00368],[109.31653,-0.00398],[109.31698,-0.00405],[109.31766,-0.00465],[109.31766,-0.00488],[109.31826,-0.00533],[109.31893,-0.00533],[109.31923,-0.0057],[109.31976,-0.006],[109.31998,-0.0063],[109.32043,-0.00653],[109.32118,-0.0072],[109.32186,-0.00788],[109.32223,-0.0081],[109.32238,-0.00848],[109.32291,-0.00833],[109.32313,-0.00855],[109.32313,-0.00908],[109.32336,-0.0093],[109.32366,-0.0093],[109.32388,-0.00968],[109.32448,-0.00998],[109.32501,-0.0099],[109.32546,-0.01013],[109.32546,-0.01043],[109.32591,-0.0105],[109.32613,-0.01073],[109.32673,-0.01103],[109.32741,-0.01178],[109.32763,-0.01178],[109.32816,-0.01208],[109.32831,-0.0123],[109.32883,-0.01268],[109.32883,-0.01298],[109.32861,-0.01328],[109.32891,-0.01343],[109.32921,-0.01388],[109.32966,-0.01425],[109.33003,-0.01425],[109.33041,-0.0141],[109.33078,-0.0144],[109.33078,-0.01455],[109.33116,-0.01485],[109.33198,-0.015],[109.33273,-0.0156],[109.33303,-0.01568],[109.33371,-0.0162],[109.33371,-0.01643],[109.33416,-0.01658],[109.33536,-0.0177],[109.33551,-0.01808],[109.33588,-0.0183],[109.33648,-0.01845],[109.33693,-0.01883],[109.33693,-0.01905],[109.33738,-0.0195],[109.33753,-0.0195],[109.33798,-0.01995],[109.33903,-0.02048],[109.33956,-0.02093],[109.33986,-0.0213],[109.34016,-0.02145],[109.34068,-0.02145],[109.34098,-0.0219],[109.34151,-0.0222],[109.34188,-0.02265],[109.34211,-0.02265],[109.34271,-0.02325],[109.34331,-0.0237],[109.34391,-0.02438],[109.34458,-0.02528],[109.34458,-0.02558],[109.34481,-0.02573],[109.34518,-0.02655],[109.34526,-0.02655],[109.34571,-0.02753],[109.34608,-0.02813],[109.34616,-0.02858],[109.34631,-0.02873],[109.34653,-0.0294],[109.34653,-0.03],[109.34683,-0.03038],[109.34728,-0.03128],[109.34728,-0.0315],[109.34818,-0.0333],[109.34856,-0.0336],[109.34871,-0.0342],[109.35014,-0.0369],[109.35096,-0.03765],[109.35141,-0.0387],[109.35179,-0.03908],[109.35179,-0.03923],[109.35231,-0.03983],[109.35246,-0.03983],[109.35299,-0.04035],[109.35329,-0.04088],[109.35381,-0.04125],[109.35389,-0.04155],[109.35441,-0.042],[109.35441,-0.04215],[109.35479,-0.0426],[109.35599,-0.0438],[109.35674,-0.0447],[109.35704,-0.04478],[109.35741,-0.04515],[109.35771,-0.0453],[109.35824,-0.0459],[109.35876,-0.04635],[109.35921,-0.04665],[109.35966,-0.0471],[109.35966,-0.04725],[109.36041,-0.04793],[109.36041,-0.04808],[109.36079,-0.04845],[109.36094,-0.04845],[109.36161,-0.04898],[109.36169,-0.04935],[109.36206,-0.04958],[109.36296,-0.05048],[109.36296,-0.05063],[109.36349,-0.05108],[109.36371,-0.05153],[109.36424,-0.05198],[109.36439,-0.05258],[109.36469,-0.05326],[109.36529,-0.05371],[109.36559,-0.05431],[109.36559,-0.05498],[109.36619,-0.05566],[109.36649,-0.05581],[109.36694,-0.05671],[109.36709,-0.05678],[109.36731,-0.05731],[109.36835,-0.05822],[109.36859,-0.05798]],[[109.29853,0.00458],[109.2986,0.0039],[109.29845,0.00375],[109.29808,0.00383],[109.29748,0.00383],[109.29665,0.00443],[109.2962,0.00525],[109.2971,0.00518],[109.29748,0.00533],[109.29763,0.00518],[109.29815,0.0051],[109.29853,0.00473],[109.29853,0.00458]]]},"properties":{"STREAM_ID":1}},{"type":"Feature","geometry":{"type":"Polygon","coordinates":[[[109.37054,-0.05948],[109.37084,-0.05963],[109.37114,-0.06023],[109.37136,-0.06053],[109.37166,-0.06053],[109.37196,-0.06098],[109.37219,-0.06098],[109.37226,-0.06136],[109.37249,-0.06143],[109.37249,-0.06226],[109.37264,-0.06248],[109.37306,-0.06263],[109.37331,-0.06226],[109.37286,-0.06188],[109.37279,-0.06151],[109.37294,-0.06136],[109.37249,-0.06053],[109.37196,-0.06023],[109.37136,-0.05963],[109.37114,-0.05918],[109.37054,-0.05918],[109.37054,-0.05948]]]},"properties":{"STREAM_ID":1}},{"type":"Feature","geometry":{"type":"Polygon","coordinates":[[[109.37054,-0.05948],[109.37084,-0.05963],[109.37114,-0.06023],[109.37136,-0.06053],[109.37166,-0.06053],[109.37196,-0.06098],[109.37219,-0.06098],[109.37226,-0.06136],[109.37249,-0.06143],[109.37249,-0.06226],[109.37264,-0.06248],[109.37306,-0.06263],[109.37331,-0.06226],[109.37286,-0.06188],[109.37279,-0.06151],[109.37294,-0.06136],[109.37249,-0.06053],[109.37196,-0.06023],[109.37136,-0.05963],[109.37114,-0.05918],[109.37054,-0.05918],[109.37054,-0.05948]]]},"properties":{"STREAM_ID":1}},{"type":"Feature","geometry":{"type":"Polygon","coordinates":[[[109.36953,-0.05836],[109.36979,-0.05858],[109.37024,-0.05873],[109.37046,-0.05843],[109.36979,-0.05783],[109.36949,-0.05776],[109.36934,-0.05746],[109.36926,-0.05678],[109.36911,-0.05671],[109.36881,-0.05611],[109.36881,-0.05581],[109.36851,-0.05521],[109.36836,-0.05513],[109.36814,-0.05468],[109.36754,-0.05401],[109.36754,-0.05386],[109.36686,-0.05326],[109.36649,-0.05243],[109.36529,-0.05078],[109.36514,-0.05041],[109.36371,-0.04898],[109.36349,-0.04853],[109.36319,-0.04815],[109.36184,-0.0468],[109.36184,-0.04665],[109.36146,-0.04628],[109.36094,-0.0459],[109.36026,-0.04523],[109.35989,-0.04508],[109.35906,-0.04425],[109.35891,-0.04425],[109.35831,-0.04358],[109.35771,-0.04298],[109.35719,-0.04253],[109.35651,-0.04185],[109.35651,-0.0417],[109.35569,-0.04088],[109.35539,-0.04035],[109.35486,-0.0399],[109.35456,-0.03975],[109.35374,-0.0387],[109.35321,-0.03818],[109.35276,-0.03728],[109.35209,-0.03653],[109.35209,-0.03638],[109.35156,-0.03578],[109.35149,-0.03548],[109.35119,-0.03503],[109.35119,-0.0348],[109.35096,-0.0345],[109.35096,-0.03428],[109.35066,-0.03368],[109.35029,-0.03345],[109.34998,-0.033],[109.34961,-0.03218],[109.34916,-0.03158],[109.34878,-0.03075],[109.34878,-0.03053],[109.34848,-0.03008],[109.34826,-0.02948],[109.34758,-0.0282],[109.34751,-0.0273],[109.34713,-0.027],[109.34668,-0.02633],[109.34646,-0.02573],[109.34631,-0.02558],[109.34631,-0.02475],[109.34653,-0.02445],[109.34653,-0.02348],[109.34706,-0.02318],[109.34923,-0.02318],[109.34968,-0.02295],[109.35029,-0.02295],[109.35059,-0.0228],[109.35126,-0.02288],[109.35156,-0.02265],[109.35201,-0.0225],[109.35299,-0.0225],[109.35329,-0.02228],[109.35374,-0.02228],[109.35404,-0.02198],[109.35479,-0.02183],[109.35584,-0.02183],[109.35621,-0.02153],[109.35674,-0.02153],[109.35689,-0.02183],[109.35741,-0.0216],[109.35831,-0.0216],[109.35876,-0.02153],[109.35914,-0.0216],[109.35944,-0.02145],[109.36034,-0.02063],[109.36094,-0.02063],[109.36146,-0.02108],[109.36184,-0.02108],[109.36236,-0.02093],[109.36274,-0.02115],[109.36289,-0.02085],[109.36356,-0.02093],[109.36446,-0.02093],[109.36514,-0.02085],[109.36581,-0.02115],[109.36761,-0.02115],[109.36784,-0.02123],[109.36814,-0.021],[109.36859,-0.021],[109.36904,-0.02153],[109.36971,-0.02175],[109.37054,-0.02175],[109.37069,-0.0219],[109.37106,-0.0219],[109.37159,-0.02213],[109.37166,-0.02235],[109.37204,-0.02235],[109.37249,-0.0225],[109.37286,-0.0228],[109.37324,-0.0228],[109.37354,-0.02303],[109.37414,-0.02333],[109.37436,-0.02333],[109.37519,-0.02363],[109.37526,-0.02378],[109.37571,-0.02393],[109.37609,-0.02393],[109.37661,-0.02423],[109.37676,-0.02453],[109.37729,-0.0246],[109.37759,-0.02483],[109.37819,-0.02475],[109.37864,-0.02513],[109.37931,-0.0252],[109.38029,-0.0252],[109.38066,-0.02528],[109.38119,-0.0255],[109.38194,-0.02558],[109.38216,-0.02543],[109.38254,-0.02543],[109.38305,-0.02573],[109.38315,-0.0251],[109.37956,-0.0244],[109.37795,-0.02379],[109.37607,-0.0231],[109.37678,-0.02196],[109.37624,-0.02183],[109.37579,-0.0213],[109.37549,-0.02108],[109.37489,-0.021],[109.37451,-0.02085],[109.37436,-0.02063],[109.37339,-0.02063],[109.37294,-0.02025],[109.37286,-0.01995],[109.37129,-0.01943],[109.37061,-0.01898],[109.36889,-0.01898],[109.36859,-0.01883],[109.36806,-0.01883],[109.36769,-0.0186],[109.36716,-0.01875],[109.36664,-0.01875],[109.36619,-0.01853],[109.36574,-0.01845],[109.36514,-0.01845],[109.36476,-0.01875],[109.36431,-0.01868],[109.36371,-0.01868],[109.36334,-0.0186],[109.36311,-0.01875],[109.36124,-0.01875],[109.36124,-0.01883],[109.36019,-0.01883],[109.35981,-0.01913],[109.35921,-0.01913],[109.35861,-0.01905],[109.35839,-0.0192],[109.35779,-0.0192],[109.35734,-0.01928],[109.35711,-0.01943],[109.35651,-0.0195],[109.35524,-0.0195],[109.35441,-0.02025],[109.35396,-0.02048],[109.35314,-0.02048],[109.35276,-0.02063],[109.35201,-0.02063],[109.35186,-0.02093],[109.35074,-0.02108],[109.35051,-0.02123],[109.34923,-0.02123],[109.34908,-0.02138],[109.34871,-0.02138],[109.34833,-0.02153],[109.34571,-0.02153],[109.34496,-0.02138],[109.34421,-0.02108],[109.34361,-0.02063],[109.34301,-0.0204],[109.34293,-0.02025],[109.34203,-0.01973],[109.34181,-0.01928],[109.34128,-0.01913],[109.34098,-0.01875],[109.34061,-0.0189],[109.34061,-0.01913],[109.34106,-0.01958],[109.34166,-0.01973],[109.34166,-0.02018],[109.34188,-0.02018],[109.34218,-0.02048],[109.34256,-0.02055],[109.34316,-0.02108],[109.34338,-0.02108],[109.34353,-0.02138],[109.34428,-0.02153],[109.34458,-0.02175],[109.34518,-0.02175],[109.34548,-0.02198],[109.34638,-0.02198],[109.34646,-0.02213],[109.34646,-0.02295],[109.34616,-0.02295],[109.34616,-0.02423],[109.34593,-0.02445],[109.34593,-0.02573],[109.34623,-0.02648],[109.34646,-0.02685],[109.34668,-0.02693],[109.34683,-0.02745],[109.34728,-0.02775],[109.34728,-0.02858],[109.34743,-0.02918],[109.34773,-0.02955],[109.34773,-0.02985],[109.34796,-0.02993],[109.34818,-0.03023],[109.34833,-0.03098],[109.34856,-0.03113],[109.34856,-0.03143],[109.34878,-0.03188],[109.34908,-0.03218],[109.34923,-0.03285],[109.34946,-0.03293],[109.34953,-0.03338],[109.34976,-0.03368],[109.35036,-0.03405],[109.35044,-0.03465],[109.35089,-0.03518],[109.35089,-0.03555],[109.35104,-0.03593],[109.35134,-0.03623],[109.35134,-0.03645],[109.35179,-0.03675],[109.35179,-0.03698],[109.35224,-0.03758],[109.35269,-0.03795],[109.35276,-0.03848],[109.35306,-0.03863],[109.35329,-0.03893],[109.35344,-0.03938],[109.35404,-0.04005],[109.35434,-0.04028],[109.35479,-0.04043],[109.35516,-0.04088],[109.35524,-0.04118],[109.35576,-0.04178],[109.35599,-0.04185],[109.35629,-0.04238],[109.35659,-0.04253],[109.35674,-0.04298],[109.35704,-0.04313],[109.35899,-0.04508],[109.35929,-0.04523],[109.35936,-0.04545],[109.36004,-0.0456],[109.36019,-0.04598],[109.36056,-0.04613],[109.36079,-0.04658],[109.36116,-0.04673],[109.36124,-0.04695],[109.36169,-0.04695],[109.36161,-0.04733],[109.36214,-0.04793],[109.36259,-0.04815],[109.36274,-0.04853],[109.36319,-0.04883],[109.36334,-0.04935],[109.36409,-0.05018],[109.36469,-0.05063],[109.36514,-0.05146],[109.36536,-0.05153],[109.36566,-0.05213],[109.36589,-0.05221],[109.36589,-0.05258],[109.36619,-0.05288],[109.36634,-0.05348],[109.36664,-0.05363],[109.36716,-0.05416],[109.36724,-0.05468],[109.36739,-0.05468],[109.36784,-0.05513],[109.36829,-0.05573],[109.36859,-0.05663],[109.36889,-0.05716],[109.36902,-0.05765],[109.36949,-0.05828],[109.36949,-0.0583],[109.36953,-0.05836]]]},"properties":{"STREAM_ID":1}},{"type":"Feature","geometry":{"type":"Polygon","coordinates":[[[109.36859,-0.05798],[109.36836,-0.05723],[109.36799,-0.05708],[109.36799,-0.05686],[109.36769,-0.05678],[109.36769,-0.05656],[109.36724,-0.05603],[109.36716,-0.05573],[109.36686,-0.05543],[109.36626,-0.05498],[109.36619,-0.05438],[109.36589,-0.05348],[109.36536,-0.05303],[109.36506,-0.05288],[109.36499,-0.05228],[109.36469,-0.05168],[109.36409,-0.05108],[109.36349,-0.05026],[109.36319,-0.05018],[109.36319,-0.04995],[109.36274,-0.04965],[109.36274,-0.04943],[109.36229,-0.04928],[109.36199,-0.04853],[109.36094,-0.04785],[109.36094,-0.04763],[109.36064,-0.04755],[109.36056,-0.04725],[109.36004,-0.04688],[109.36004,-0.04665],[109.35974,-0.04658],[109.35959,-0.04628],[109.35876,-0.04553],[109.35839,-0.04538],[109.35839,-0.04515],[109.35786,-0.04485],[109.35734,-0.04433],[109.35704,-0.04425],[109.35704,-0.04403],[109.35479,-0.04178],[109.35434,-0.04118],[109.35434,-0.04095],[109.35359,-0.04035],[109.35359,-0.04013],[109.35329,-0.03998],[109.35329,-0.03975],[109.35284,-0.03953],[109.35216,-0.03885],[109.35179,-0.03825],[109.35179,-0.03795],[109.35156,-0.03788],[109.35149,-0.03743],[109.35126,-0.03713],[109.35096,-0.03698],[109.35066,-0.03653],[109.35044,-0.03645],[109.35036,-0.03593],[109.35014,-0.03578],[109.34983,-0.03518],[109.34953,-0.03473],[109.34938,-0.03413],[109.34908,-0.03383],[109.34908,-0.03338],[109.34856,-0.03263],[109.34833,-0.03255],[109.34818,-0.03195],[109.34773,-0.03143],[109.34766,-0.03083],[109.34736,-0.03053],[109.34736,-0.03023],[109.34683,-0.02963],[109.34683,-0.02873],[109.34653,-0.02828],[109.34638,-0.02745],[109.34593,-0.02715],[109.34593,-0.02693],[109.34563,-0.02655],[109.34556,-0.02603],[109.34533,-0.02588],[109.34518,-0.02535],[109.34496,-0.02528],[109.34496,-0.02498],[109.34473,-0.02483],[109.34466,-0.02445],[109.34443,-0.02438],[109.34428,-0.02393],[109.34376,-0.02363],[109.34368,-0.02333],[109.34308,-0.02288],[109.34278,-0.02243],[109.34226,-0.02205],[109.34203,-0.02205],[109.34188,-0.02175],[109.34136,-0.02145],[109.34128,-0.02108],[109.34053,-0.02108],[109.34038,-0.02078],[109.33993,-0.02063],[109.33978,-0.02033],[109.33956,-0.02033],[109.33933,-0.02003],[109.33836,-0.01958],[109.33806,-0.01913],[109.33768,-0.01905],[109.33723,-0.01868],[109.33723,-0.01845],[109.33678,-0.01808],[109.33678,-0.01793],[109.33603,-0.01785],[109.33573,-0.01733],[109.33543,-0.01718],[109.33528,-0.01673],[109.33498,-0.01665],[109.33453,-0.01613],[109.33423,-0.01613],[109.33416,-0.01583],[109.33356,-0.01538],[109.33333,-0.01538],[109.33326,-0.01508],[109.33258,-0.01463],[109.33198,-0.01448],[109.33153,-0.01448],[109.33138,-0.01403],[109.33086,-0.01365],[109.32973,-0.01365],[109.32966,-0.01343],[109.32928,-0.01313],[109.32928,-0.01223],[109.32868,-0.01178],[109.32838,-0.01178],[109.32793,-0.01133],[109.32748,-0.01118],[109.32718,-0.01073],[109.32636,-0.01028],[109.32628,-0.01005],[109.32598,-0.01005],[109.32598,-0.00975],[109.32553,-0.00953],[109.32546,-0.00938],[109.32433,-0.00938],[109.32418,-0.00893],[109.32366,-0.00893],[109.32358,-0.00825],[109.32328,-0.00795],[109.32268,-0.00795],[109.32268,-0.00773],[109.32223,-0.00743],[109.32178,-0.00698],[109.32126,-0.00668],[109.32126,-0.00645],[109.32058,-0.00608],[109.32028,-0.00563],[109.31976,-0.00555],[109.31976,-0.00533],[109.31946,-0.00518],[109.31938,-0.00495],[109.31878,-0.00495],[109.31833,-0.00473],[109.31803,-0.00443],[109.31803,-0.00413],[109.31743,-0.00383],[109.31698,-0.00368],[109.31683,-0.00345],[109.31653,-0.00345],[109.31616,-0.00323],[109.31488,-0.00263],[109.31413,-0.00233],[109.31398,-0.00203],[109.31316,-0.00188],[109.31308,-0.00165],[109.31226,-0.00165],[109.31203,-0.00143],[109.31136,-0.00128],[109.31053,-0.00128],[109.31016,-0.00105],[109.30888,-0.00105],[109.30866,-0.00083],[109.30783,-0.00075],[109.30753,-0.00053],[109.30678,-0.00045],[109.30588,-0.00053],[109.30408,-0.00053],[109.30408,-0.00068],[109.30318,-0.00075],[109.30176,-0.00075],[109.30153,-0.00098],[109.30086,-0.00128],[109.29973,-0.00128],[109.29973,-0.00135],[109.29725,-0.00135],[109.29643,-0.00128],[109.29643,-0.00113],[109.29545,-0.00098],[109.29545,-0.00083],[109.2947,-0.00075],[109.29448,-0.00045],[109.29343,-0.00045],[109.29305,-0.00038],[109.29298,-0.00015],[109.29253,0],[109.31863,0],[109.31863,-0.00023],[109.31893,-0.00038],[109.32006,-0.00075],[109.32118,-0.00075],[109.32133,-0.00098],[109.32133,-0.00135],[109.32186,-0.00173],[109.32193,-0.00203],[109.32223,-0.00218],[109.32276,-0.00218],[109.32306,-0.00233],[109.32343,-0.00293],[109.32396,-0.00308],[109.32403,-0.00338],[109.32448,-0.00353],[109.32486,-0.00353],[109.32486,-0.00375],[109.32523,-0.00383],[109.32523,-0.00428],[109.32583,-0.00443],[109.32613,-0.00473],[109.32613,-0.00495],[109.32658,-0.00503],[109.32696,-0.00525],[109.32703,-0.00578],[109.32763,-0.00615],[109.32793,-0.00623],[109.32823,-0.00668],[109.32883,-0.00705],[109.32883,-0.00728],[109.32928,-0.00735],[109.32958,-0.00758],[109.33108,-0.00908],[109.33123,-0.00938],[109.33168,-0.00953],[109.33198,-0.00975],[109.33206,-0.01028],[109.33251,-0.01028],[109.33251,-0.01058],[109.33296,-0.01088],[109.33318,-0.01088],[109.33363,-0.01133],[109.33363,-0.01163],[109.33416,-0.01193],[109.33416,-0.01245],[109.33476,-0.01298],[109.33476,-0.01335],[109.33498,-0.01358],[109.33528,-0.01358],[109.33588,-0.01403],[109.33603,-0.01433],[109.33626,-0.01433],[109.33633,-0.01478],[109.33693,-0.01493],[109.33716,-0.01523],[109.33768,-0.01553],[109.33768,-0.01575],[109.33806,-0.01575],[109.33813,-0.01628],[109.33843,-0.01665],[109.33896,-0.01748],[109.33948,-0.01763],[109.33956,-0.01793],[109.33986,-0.01808],[109.34053,-0.01808],[109.34046,-0.01778],[109.33993,-0.01755],[109.33978,-0.01725],[109.33933,-0.01695],[109.33858,-0.01598],[109.33843,-0.01553],[109.33806,-0.01538],[109.33768,-0.01493],[109.33708,-0.0144],[109.33686,-0.0144],[109.33671,-0.0141],[109.33633,-0.01395],[109.33558,-0.0132],[109.33521,-0.01305],[109.33498,-0.01245],[109.33468,-0.0123],[109.33446,-0.012],[109.33446,-0.01155],[109.33416,-0.01125],[109.33386,-0.0108],[109.33363,-0.01073],[109.33303,-0.0102],[109.33273,-0.01013],[109.33221,-0.00945],[109.33146,-0.00885],[109.33146,-0.0087],[109.33086,-0.00803],[109.33018,-0.00743],[109.32973,-0.0072],[109.32966,-0.00705],[109.32913,-0.00675],[109.32868,-0.0063],[109.32793,-0.0057],[109.32763,-0.00533],[109.32733,-0.00518],[109.32718,-0.0048],[109.32658,-0.0045],[109.32621,-0.00405],[109.32576,-0.0039],[109.32553,-0.00345],[109.32516,-0.00315],[109.32478,-0.00315],[109.32426,-0.00263],[109.32388,-0.00255],[109.32343,-0.00218],[109.32313,-0.0018],[109.32253,-0.0018],[109.32223,-0.00158],[109.32186,-0.00113],[109.32148,-0.0003],[109.32111,-0.00038],[109.32051,-0.00038],[109.32028,-0.00023],[109.31976,-0.00015],[109.31946,0],[109.31856,0.0006],[109.31803,0.00053],[109.31766,0.00083],[109.31721,0.00098],[109.31706,0.00128],[109.31661,0.00143],[109.31623,0.00143],[109.31601,0.00158],[109.31526,0.00188],[109.31503,0.00188],[109.31443,0.00225],[109.31421,0.0021],[109.31383,0.0021],[109.31376,0.0024],[109.31308,0.00248],[109.31263,0.0024],[109.31233,0.00263],[109.31196,0.00263],[109.31143,0.00285],[109.31113,0.00323],[109.31068,0.00345],[109.31008,0.00345],[109.30963,0.00353],[109.30941,0.00398],[109.30911,0.0042],[109.30866,0.0042],[109.30858,0.00435],[109.30753,0.00428],[109.30716,0.00443],[109.30633,0.0045],[109.30611,0.00465],[109.30573,0.00465],[109.30521,0.00488],[109.30446,0.0048],[109.30431,0.00525],[109.30386,0.00503],[109.30303,0.00495],[109.30198,0.00495],[109.30108,0.00488],[109.30078,0.00518],[109.30018,0.00525],[109.29965,0.00555],[109.29928,0.006],[109.29883,0.00608],[109.29868,0.00623],[109.29823,0.00623],[109.298,0.00638],[109.29778,0.0069],[109.29688,0.00735],[109.29605,0.00788],[109.2953,0.00788],[109.29493,0.0081],[109.29418,0.00818],[109.2932,0.00818],[109.29275,0.0084],[109.29163,0.00825],[109.29058,0.00825],[109.29028,0.00833],[109.28724,0.0059],[109.28694,0.00278],[109.28693,0.0018],[109.28735,0.0018],[109.2875,0.00165],[109.28878,0.00165],[109.28908,0.00173],[109.28945,0.0015],[109.28968,0.0015],[109.29013,0.00128],[109.29035,0.00098],[109.29035,0.00045],[109.2905,0.00038],[109.29125,0.00038],[109.29155,0.00023],[109.29155,-8e-05],[109.29245,-0.00045],[109.29275,-0.00083],[109.2941,-0.00083],[109.2947,-0.0012],[109.29523,-0.00128],[109.29538,-0.00143],[109.29583,-0.00143],[109.29613,-0.00165],[109.2968,-0.00173],[109.29845,-0.00173],[109.29943,-0.0018],[109.30018,-0.00165],[109.30116,-0.00165],[109.30161,-0.0015],[109.30243,-0.00113],[109.30333,-0.00113],[109.30431,-0.00098],[109.30611,-0.00098],[109.30671,-0.0009],[109.30723,-0.00098],[109.30746,-0.00113],[109.30806,-0.0012],[109.30866,-0.00158],[109.30903,-0.0015],[109.30986,-0.0015],[109.31016,-0.00165],[109.31158,-0.0018],[109.31188,-0.00203],[109.31248,-0.00203],[109.31293,-0.00225],[109.31353,-0.0024],[109.31383,-0.0027],[109.31533,-0.00338],[109.31556,-0.00338],[109.31616,-0.00368],[109.31653,-0.00398],[109.31698,-0.00405],[109.31766,-0.00465],[109.31766,-0.00488],[109.31826,-0.00533],[109.31893,-0.00533],[109.31923,-0.0057],[109.31976,-0.006],[109.31998,-0.0063],[109.32043,-0.00653],[109.32118,-0.0072],[109.32186,-0.00788],[109.32223,-0.0081],[109.32238,-0.00848],[109.32291,-0.00833],[109.32313,-0.00855],[109.32313,-0.00908],[109.32336,-0.0093],[109.32366,-0.0093],[109.32388,-0.00968],[109.32448,-0.00998],[109.32501,-0.0099],[109.32546,-0.01013],[109.32546,-0.01043],[109.32591,-0.0105],[109.32613,-0.01073],[109.32673,-0.01103],[109.32741,-0.01178],[109.32763,-0.01178],[109.32816,-0.01208],[109.32831,-0.0123],[109.32883,-0.01268],[109.32883,-0.01298],[109.32861,-0.01328],[109.32891,-0.01343],[109.32921,-0.01388],[109.32966,-0.01425],[109.33003,-0.01425],[109.33041,-0.0141],[109.33078,-0.0144],[109.33078,-0.01455],[109.33116,-0.01485],[109.33198,-0.015],[109.33273,-0.0156],[109.33303,-0.01568],[109.33371,-0.0162],[109.33371,-0.01643],[109.33416,-0.01658],[109.33536,-0.0177],[109.33551,-0.01808],[109.33588,-0.0183],[109.33648,-0.01845],[109.33693,-0.01883],[109.33693,-0.01905],[109.33738,-0.0195],[109.33753,-0.0195],[109.33798,-0.01995],[109.33903,-0.02048],[109.33956,-0.02093],[109.33986,-0.0213],[109.34016,-0.02145],[109.34068,-0.02145],[109.34098,-0.0219],[109.34151,-0.0222],[109.34188,-0.02265],[109.34211,-0.02265],[109.34271,-0.02325],[109.34331,-0.0237],[109.34391,-0.02438],[109.34458,-0.02528],[109.34458,-0.02558],[109.34481,-0.02573],[109.34518,-0.02655],[109.34526,-0.02655],[109.34571,-0.02753],[109.34608,-0.02813],[109.34616,-0.02858],[109.34631,-0.02873],[109.34653,-0.0294],[109.34653,-0.03],[109.34683,-0.03038],[109.34728,-0.03128],[109.34728,-0.0315],[109.34818,-0.0333],[109.34856,-0.0336],[109.34871,-0.0342],[109.35014,-0.0369],[109.35096,-0.03765],[109.35141,-0.0387],[109.35179,-0.03908],[109.35179,-0.03923],[109.35231,-0.03983],[109.35246,-0.03983],[109.35299,-0.04035],[109.35329,-0.04088],[109.35381,-0.04125],[109.35389,-0.04155],[109.35441,-0.042],[109.35441,-0.04215],[109.35479,-0.0426],[109.35599,-0.0438],[109.35674,-0.0447],[109.35704,-0.04478],[109.35741,-0.04515],[109.35771,-0.0453],[109.35824,-0.0459],[109.35876,-0.04635],[109.35921,-0.04665],[109.35966,-0.0471],[109.35966,-0.04725],[109.36041,-0.04793],[109.36041,-0.04808],[109.36079,-0.04845],[109.36094,-0.04845],[109.36161,-0.04898],[109.36169,-0.04935],[109.36206,-0.04958],[109.36296,-0.05048],[109.36296,-0.05063],[109.36349,-0.05108],[109.36371,-0.05153],[109.36424,-0.05198],[109.36439,-0.05258],[109.36469,-0.05326],[109.36529,-0.05371],[109.36559,-0.05431],[109.36559,-0.05498],[109.36619,-0.05566],[109.36649,-0.05581],[109.36694,-0.05671],[109.36709,-0.05678],[109.36731,-0.05731],[109.36835,-0.05822],[109.36859,-0.05798]],[[109.29853,0.00458],[109.2986,0.0039],[109.29845,0.00375],[109.29808,0.00383],[109.29748,0.00383],[109.29665,0.00443],[109.2962,0.00525],[109.2971,0.00518],[109.29748,0.00533],[109.29763,0.00518],[109.29815,0.0051],[109.29853,0.00473],[109.29853,0.00458]]]},"properties":{"STREAM_ID":1}},{"type":"Feature","geometry":{"type":"Polygon","coordinates":[[[109.36953,-0.05836],[109.36979,-0.05858],[109.37024,-0.05873],[109.37046,-0.05843],[109.36979,-0.05783],[109.36949,-0.05776],[109.36934,-0.05746],[109.36926,-0.05678],[109.36911,-0.05671],[109.36881,-0.05611],[109.36881,-0.05581],[109.36851,-0.05521],[109.36836,-0.05513],[109.36814,-0.05468],[109.36754,-0.05401],[109.36754,-0.05386],[109.36686,-0.05326],[109.36649,-0.05243],[109.36529,-0.05078],[109.36514,-0.05041],[109.36371,-0.04898],[109.36349,-0.04853],[109.36319,-0.04815],[109.36184,-0.0468],[109.36184,-0.04665],[109.36146,-0.04628],[109.36094,-0.0459],[109.36026,-0.04523],[109.35989,-0.04508],[109.35906,-0.04425],[109.35891,-0.04425],[109.35831,-0.04358],[109.35771,-0.04298],[109.35719,-0.04253],[109.35651,-0.04185],[109.35651,-0.0417],[109.35569,-0.04088],[109.35539,-0.04035],[109.35486,-0.0399],[109.35456,-0.03975],[109.35374,-0.0387],[109.35321,-0.03818],[109.35276,-0.03728],[109.35209,-0.03653],[109.35209,-0.03638],[109.35156,-0.03578],[109.35149,-0.03548],[109.35119,-0.03503],[109.35119,-0.0348],[109.35096,-0.0345],[109.35096,-0.03428],[109.35066,-0.03368],[109.35029,-0.03345],[109.34998,-0.033],[109.34961,-0.03218],[109.34916,-0.03158],[109.34878,-0.03075],[109.34878,-0.03053],[109.34848,-0.03008],[109.34826,-0.02948],[109.34758,-0.0282],[109.34751,-0.0273],[109.34713,-0.027],[109.34668,-0.02633],[109.34646,-0.02573],[109.34631,-0.02558],[109.34631,-0.02475],[109.34653,-0.02445],[109.34653,-0.02348],[109.34706,-0.02318],[109.34923,-0.02318],[109.34968,-0.02295],[109.35029,-0.02295],[109.35059,-0.0228],[109.35126,-0.02288],[109.35156,-0.02265],[109.35201,-0.0225],[109.35299,-0.0225],[109.35329,-0.02228],[109.35374,-0.02228],[109.35404,-0.02198],[109.35479,-0.02183],[109.35584,-0.02183],[109.35621,-0.02153],[109.35674,-0.02153],[109.35689,-0.02183],[109.35741,-0.0216],[109.35831,-0.0216],[109.35876,-0.02153],[109.35914,-0.0216],[109.35944,-0.02145],[109.36034,-0.02063],[109.36094,-0.02063],[109.36146,-0.02108],[109.36184,-0.02108],[109.36236,-0.02093],[109.36274,-0.02115],[109.36289,-0.02085],[109.36356,-0.02093],[109.36446,-0.02093],[109.36514,-0.02085],[109.36581,-0.02115],[109.36761,-0.02115],[109.36784,-0.02123],[109.36814,-0.021],[109.36859,-0.021],[109.36904,-0.02153],[109.36971,-0.02175],[109.37054,-0.02175],[109.37069,-0.0219],[109.37106,-0.0219],[109.37159,-0.02213],[109.37166,-0.02235],[109.37204,-0.02235],[109.37249,-0.0225],[109.37286,-0.0228],[109.37324,-0.0228],[109.37354,-0.02303],[109.37414,-0.02333],[109.37436,-0.02333],[109.37519,-0.02363],[109.37526,-0.02378],[109.37571,-0.02393],[109.37609,-0.02393],[109.37661,-0.02423],[109.37676,-0.02453],[109.37729,-0.0246],[109.37759,-0.02483],[109.37819,-0.02475],[109.37864,-0.02513],[109.37931,-0.0252],[109.38029,-0.0252],[109.38066,-0.02528],[109.38119,-0.0255],[109.38194,-0.02558],[109.38216,-0.02543],[109.38254,-0.02543],[109.38305,-0.02573],[109.38315,-0.0251],[109.37956,-0.0244],[109.37795,-0.02379],[109.37607,-0.0231],[109.37678,-0.02196],[109.37624,-0.02183],[109.37579,-0.0213],[109.37549,-0.02108],[109.37489,-0.021],[109.37451,-0.02085],[109.37436,-0.02063],[109.37339,-0.02063],[109.37294,-0.02025],[109.37286,-0.01995],[109.37129,-0.01943],[109.37061,-0.01898],[109.36889,-0.01898],[109.36859,-0.01883],[109.36806,-0.01883],[109.36769,-0.0186],[109.36716,-0.01875],[109.36664,-0.01875],[109.36619,-0.01853],[109.36574,-0.01845],[109.36514,-0.01845],[109.36476,-0.01875],[109.36431,-0.01868],[109.36371,-0.01868],[109.36334,-0.0186],[109.36311,-0.01875],[109.36124,-0.01875],[109.36124,-0.01883],[109.36019,-0.01883],[109.35981,-0.01913],[109.35921,-0.01913],[109.35861,-0.01905],[109.35839,-0.0192],[109.35779,-0.0192],[109.35734,-0.01928],[109.35711,-0.01943],[109.35651,-0.0195],[109.35524,-0.0195],[109.35441,-0.02025],[109.35396,-0.02048],[109.35314,-0.02048],[109.35276,-0.02063],[109.35201,-0.02063],[109.35186,-0.02093],[109.35074,-0.02108],[109.35051,-0.02123],[109.34923,-0.02123],[109.34908,-0.02138],[109.34871,-0.02138],[109.34833,-0.02153],[109.34571,-0.02153],[109.34496,-0.02138],[109.34421,-0.02108],[109.34361,-0.02063],[109.34301,-0.0204],[109.34293,-0.02025],[109.34203,-0.01973],[109.34181,-0.01928],[109.34128,-0.01913],[109.34098,-0.01875],[109.34061,-0.0189],[109.34061,-0.01913],[109.34106,-0.01958],[109.34166,-0.01973],[109.34166,-0.02018],[109.34188,-0.02018],[109.34218,-0.02048],[109.34256,-0.02055],[109.34316,-0.02108],[109.34338,-0.02108],[109.34353,-0.02138],[109.34428,-0.02153],[109.34458,-0.02175],[109.34518,-0.02175],[109.34548,-0.02198],[109.34638,-0.02198],[109.34646,-0.02213],[109.34646,-0.02295],[109.34616,-0.02295],[109.34616,-0.02423],[109.34593,-0.02445],[109.34593,-0.02573],[109.34623,-0.02648],[109.34646,-0.02685],[109.34668,-0.02693],[109.34683,-0.02745],[109.34728,-0.02775],[109.34728,-0.02858],[109.34743,-0.02918],[109.34773,-0.02955],[109.34773,-0.02985],[109.34796,-0.02993],[109.34818,-0.03023],[109.34833,-0.03098],[109.34856,-0.03113],[109.34856,-0.03143],[109.34878,-0.03188],[109.34908,-0.03218],[109.34923,-0.03285],[109.34946,-0.03293],[109.34953,-0.03338],[109.34976,-0.03368],[109.35036,-0.03405],[109.35044,-0.03465],[109.35089,-0.03518],[109.35089,-0.03555],[109.35104,-0.03593],[109.35134,-0.03623],[109.35134,-0.03645],[109.35179,-0.03675],[109.35179,-0.03698],[109.35224,-0.03758],[109.35269,-0.03795],[109.35276,-0.03848],[109.35306,-0.03863],[109.35329,-0.03893],[109.35344,-0.03938],[109.35404,-0.04005],[109.35434,-0.04028],[109.35479,-0.04043],[109.35516,-0.04088],[109.35524,-0.04118],[109.35576,-0.04178],[109.35599,-0.04185],[109.35629,-0.04238],[109.35659,-0.04253],[109.35674,-0.04298],[109.35704,-0.04313],[109.35899,-0.04508],[109.35929,-0.04523],[109.35936,-0.04545],[109.36004,-0.0456],[109.36019,-0.04598],[109.36056,-0.04613],[109.36079,-0.04658],[109.36116,-0.04673],[109.36124,-0.04695],[109.36169,-0.04695],[109.36161,-0.04733],[109.36214,-0.04793],[109.36259,-0.04815],[109.36274,-0.04853],[109.36319,-0.04883],[109.36334,-0.04935],[109.36409,-0.05018],[109.36469,-0.05063],[109.36514,-0.05146],[109.36536,-0.05153],[109.36566,-0.05213],[109.36589,-0.05221],[109.36589,-0.05258],[109.36619,-0.05288],[109.36634,-0.05348],[109.36664,-0.05363],[109.36716,-0.05416],[109.36724,-0.05468],[109.36739,-0.05468],[109.36784,-0.05513],[109.36829,-0.05573],[109.36859,-0.05663],[109.36889,-0.05716],[109.36902,-0.05765],[109.36949,-0.05828],[109.36949,-0.0583],[109.36953,-0.05836]]]},"properties":{"STREAM_ID":1}},{"type":"Feature","geometry":{"type":"Polygon","coordinates":[[[109.36953,-0.05836],[109.36979,-0.05858],[109.37024,-0.05873],[109.37046,-0.05843],[109.36979,-0.05783],[109.36949,-0.05776],[109.36934,-0.05746],[109.36926,-0.05678],[109.36911,-0.05671],[109.36881,-0.05611],[109.36881,-0.05581],[109.36851,-0.05521],[109.36836,-0.05513],[109.36814,-0.05468],[109.36754,-0.05401],[109.36754,-0.05386],[109.36686,-0.05326],[109.36649,-0.05243],[109.36529,-0.05078],[109.36514,-0.05041],[109.36371,-0.04898],[109.36349,-0.04853],[109.36319,-0.04815],[109.36184,-0.0468],[109.36184,-0.04665],[109.36146,-0.04628],[109.36094,-0.0459],[109.36026,-0.04523],[109.35989,-0.04508],[109.35906,-0.04425],[109.35891,-0.04425],[109.35831,-0.04358],[109.35771,-0.04298],[109.35719,-0.04253],[109.35651,-0.04185],[109.35651,-0.0417],[109.35569,-0.04088],[109.35539,-0.04035],[109.35486,-0.0399],[109.35456,-0.03975],[109.35374,-0.0387],[109.35321,-0.03818],[109.35276,-0.03728],[109.35209,-0.03653],[109.35209,-0.03638],[109.35156,-0.03578],[109.35149,-0.03548],[109.35119,-0.03503],[109.35119,-0.0348],[109.35096,-0.0345],[109.35096,-0.03428],[109.35066,-0.03368],[109.35029,-0.03345],[109.34998,-0.033],[109.34961,-0.03218],[109.34916,-0.03158],[109.34878,-0.03075],[109.34878,-0.03053],[109.34848,-0.03008],[109.34826,-0.02948],[109.34758,-0.0282],[109.34751,-0.0273],[109.34713,-0.027],[109.34668,-0.02633],[109.34646,-0.02573],[109.34631,-0.02558],[109.34631,-0.02475],[109.34653,-0.02445],[109.34653,-0.02348],[109.34706,-0.02318],[109.34923,-0.02318],[109.34968,-0.02295],[109.35029,-0.02295],[109.35059,-0.0228],[109.35126,-0.02288],[109.35156,-0.02265],[109.35201,-0.0225],[109.35299,-0.0225],[109.35329,-0.02228],[109.35374,-0.02228],[109.35404,-0.02198],[109.35479,-0.02183],[109.35584,-0.02183],[109.35621,-0.02153],[109.35674,-0.02153],[109.35689,-0.02183],[109.35741,-0.0216],[109.35831,-0.0216],[109.35876,-0.02153],[109.35914,-0.0216],[109.35944,-0.02145],[109.36034,-0.02063],[109.36094,-0.02063],[109.36146,-0.02108],[109.36184,-0.02108],[109.36236,-0.02093],[109.36274,-0.02115],[109.36289,-0.02085],[109.36356,-0.02093],[109.36446,-0.02093],[109.36514,-0.02085],[109.36581,-0.02115],[109.36761,-0.02115],[109.36784,-0.02123],[109.36814,-0.021],[109.36859,-0.021],[109.36904,-0.02153],[109.36971,-0.02175],[109.37054,-0.02175],[109.37069,-0.0219],[109.37106,-0.0219],[109.37159,-0.02213],[109.37166,-0.02235],[109.37204,-0.02235],[109.37249,-0.0225],[109.37286,-0.0228],[109.37324,-0.0228],[109.37354,-0.02303],[109.37414,-0.02333],[109.37436,-0.02333],[109.37519,-0.02363],[109.37526,-0.02378],[109.37571,-0.02393],[109.37609,-0.02393],[109.37661,-0.02423],[109.37676,-0.02453],[109.37729,-0.0246],[109.37759,-0.02483],[109.37819,-0.02475],[109.37864,-0.02513],[109.37931,-0.0252],[109.38029,-0.0252],[109.38066,-0.02528],[109.38119,-0.0255],[109.38194,-0.02558],[109.38216,-0.02543],[109.38254,-0.02543],[109.38305,-0.02573],[109.38315,-0.0251],[109.37956,-0.0244],[109.37795,-0.02379],[109.37607,-0.0231],[109.37678,-0.02196],[109.37624,-0.02183],[109.37579,-0.0213],[109.37549,-0.02108],[109.37489,-0.021],[109.37451,-0.02085],[109.37436,-0.02063],[109.37339,-0.02063],[109.37294,-0.02025],[109.37286,-0.01995],[109.37129,-0.01943],[109.37061,-0.01898],[109.36889,-0.01898],[109.36859,-0.01883],[109.36806,-0.01883],[109.36769,-0.0186],[109.36716,-0.01875],[109.36664,-0.01875],[109.36619,-0.01853],[109.36574,-0.01845],[109.36514,-0.01845],[109.36476,-0.01875],[109.36431,-0.01868],[109.36371,-0.01868],[109.36334,-0.0186],[109.36311,-0.01875],[109.36124,-0.01875],[109.36124,-0.01883],[109.36019,-0.01883],[109.35981,-0.01913],[109.35921,-0.01913],[109.35861,-0.01905],[109.35839,-0.0192],[109.35779,-0.0192],[109.35734,-0.01928],[109.35711,-0.01943],[109.35651,-0.0195],[109.35524,-0.0195],[109.35441,-0.02025],[109.35396,-0.02048],[109.35314,-0.02048],[109.35276,-0.02063],[109.35201,-0.02063],[109.35186,-0.02093],[109.35074,-0.02108],[109.35051,-0.02123],[109.34923,-0.02123],[109.34908,-0.02138],[109.34871,-0.02138],[109.34833,-0.02153],[109.34571,-0.02153],[109.34496,-0.02138],[109.34421,-0.02108],[109.34361,-0.02063],[109.34301,-0.0204],[109.34293,-0.02025],[109.34203,-0.01973],[109.34181,-0.01928],[109.34128,-0.01913],[109.34098,-0.01875],[109.34061,-0.0189],[109.34061,-0.01913],[109.34106,-0.01958],[109.34166,-0.01973],[109.34166,-0.02018],[109.34188,-0.02018],[109.34218,-0.02048],[109.34256,-0.02055],[109.34316,-0.02108],[109.34338,-0.02108],[109.34353,-0.02138],[109.34428,-0.02153],[109.34458,-0.02175],[109.34518,-0.02175],[109.34548,-0.02198],[109.34638,-0.02198],[109.34646,-0.02213],[109.34646,-0.02295],[109.34616,-0.02295],[109.34616,-0.02423],[109.34593,-0.02445],[109.34593,-0.02573],[109.34623,-0.02648],[109.34646,-0.02685],[109.34668,-0.02693],[109.34683,-0.02745],[109.34728,-0.02775],[109.34728,-0.02858],[109.34743,-0.02918],[109.34773,-0.02955],[109.34773,-0.02985],[109.34796,-0.02993],[109.34818,-0.03023],[109.34833,-0.03098],[109.34856,-0.03113],[109.34856,-0.03143],[109.34878,-0.03188],[109.34908,-0.03218],[109.34923,-0.03285],[109.34946,-0.03293],[109.34953,-0.03338],[109.34976,-0.03368],[109.35036,-0.03405],[109.35044,-0.03465],[109.35089,-0.03518],[109.35089,-0.03555],[109.35104,-0.03593],[109.35134,-0.03623],[109.35134,-0.03645],[109.35179,-0.03675],[109.35179,-0.03698],[109.35224,-0.03758],[109.35269,-0.03795],[109.35276,-0.03848],[109.35306,-0.03863],[109.35329,-0.03893],[109.35344,-0.03938],[109.35404,-0.04005],[109.35434,-0.04028],[109.35479,-0.04043],[109.35516,-0.04088],[109.35524,-0.04118],[109.35576,-0.04178],[109.35599,-0.04185],[109.35629,-0.04238],[109.35659,-0.04253],[109.35674,-0.04298],[109.35704,-0.04313],[109.35899,-0.04508],[109.35929,-0.04523],[109.35936,-0.04545],[109.36004,-0.0456],[109.36019,-0.04598],[109.36056,-0.04613],[109.36079,-0.04658],[109.36116,-0.04673],[109.36124,-0.04695],[109.36169,-0.04695],[109.36161,-0.04733],[109.36214,-0.04793],[109.36259,-0.04815],[109.36274,-0.04853],[109.36319,-0.04883],[109.36334,-0.04935],[109.36409,-0.05018],[109.36469,-0.05063],[109.36514,-0.05146],[109.36536,-0.05153],[109.36566,-0.05213],[109.36589,-0.05221],[109.36589,-0.05258],[109.36619,-0.05288],[109.36634,-0.05348],[109.36664,-0.05363],[109.36716,-0.05416],[109.36724,-0.05468],[109.36739,-0.05468],[109.36784,-0.05513],[109.36829,-0.05573],[109.36859,-0.05663],[109.36889,-0.05716],[109.36902,-0.05765],[109.36949,-0.05828],[109.36949,-0.0583],[109.36953,-0.05836]]]},"properties":{"STREAM_ID":1}},{"type":"Feature","geometry":{"type":"Polygon","coordinates":[[[109.37511,-0.0108],[109.37526,-0.01103],[109.37579,-0.0108],[109.37616,-0.0108],[109.37661,-0.01095],[109.37691,-0.01118],[109.37706,-0.01163],[109.37669,-0.01185],[109.37676,-0.01245],[109.37736,-0.0126],[109.37751,-0.01245],[109.37738,-0.01202],[109.37772,-0.01128],[109.37799,-0.01106],[109.37786,-0.01053],[109.37781,-0.00945],[109.37766,-0.00923],[109.37729,-0.00923],[109.37699,-0.0096],[109.37714,-0.00998],[109.37714,-0.01065],[109.37699,-0.01088],[109.37669,-0.01088],[109.37639,-0.01058],[109.37639,-0.01028],[109.37669,-0.00998],[109.37676,-0.00968],[109.37676,-0.00893],[109.37669,-0.00863],[109.37676,-0.00818],[109.37631,-0.00818],[109.37616,-0.00855],[109.37549,-0.00855],[109.37534,-0.0087],[109.37549,-0.009],[109.37594,-0.00908],[109.37586,-0.00975],[109.37609,-0.00998],[109.37616,-0.01035],[109.37571,-0.01058],[109.37511,-0.01058],[109.37511,-0.0108]]]},"properties":{"STREAM_ID":1}},{"type":"Feature","geometry":{"type":"Polygon","coordinates":[[[109.36953,-0.05836],[109.36979,-0.05858],[109.37024,-0.05873],[109.37046,-0.05843],[109.36979,-0.05783],[109.36949,-0.05776],[109.36934,-0.05746],[109.36926,-0.05678],[109.36911,-0.05671],[109.36881,-0.05611],[109.36881,-0.05581],[109.36851,-0.05521],[109.36836,-0.05513],[109.36814,-0.05468],[109.36754,-0.05401],[109.36754,-0.05386],[109.36686,-0.05326],[109.36649,-0.05243],[109.36529,-0.05078],[109.36514,-0.05041],[109.36371,-0.04898],[109.36349,-0.04853],[109.36319,-0.04815],[109.36184,-0.0468],[109.36184,-0.04665],[109.36146,-0.04628],[109.36094,-0.0459],[109.36026,-0.04523],[109.35989,-0.04508],[109.35906,-0.04425],[109.35891,-0.04425],[109.35831,-0.04358],[109.35771,-0.04298],[109.35719,-0.04253],[109.35651,-0.04185],[109.35651,-0.0417],[109.35569,-0.04088],[109.35539,-0.04035],[109.35486,-0.0399],[109.35456,-0.03975],[109.35374,-0.0387],[109.35321,-0.03818],[109.35276,-0.03728],[109.35209,-0.03653],[109.35209,-0.03638],[109.35156,-0.03578],[109.35149,-0.03548],[109.35119,-0.03503],[109.35119,-0.0348],[109.35096,-0.0345],[109.35096,-0.03428],[109.35066,-0.03368],[109.35029,-0.03345],[109.34998,-0.033],[109.34961,-0.03218],[109.34916,-0.03158],[109.34878,-0.03075],[109.34878,-0.03053],[109.34848,-0.03008],[109.34826,-0.02948],[109.34758,-0.0282],[109.34751,-0.0273],[109.34713,-0.027],[109.34668,-0.02633],[109.34646,-0.02573],[109.34631,-0.02558],[109.34631,-0.02475],[109.34653,-0.02445],[109.34653,-0.02348],[109.34706,-0.02318],[109.34923,-0.02318],[109.34968,-0.02295],[109.35029,-0.02295],[109.35059,-0.0228],[109.35126,-0.02288],[109.35156,-0.02265],[109.35201,-0.0225],[109.35299,-0.0225],[109.35329,-0.02228],[109.35374,-0.02228],[109.35404,-0.02198],[109.35479,-0.02183],[109.35584,-0.02183],[109.35621,-0.02153],[109.35674,-0.02153],[109.35689,-0.02183],[109.35741,-0.0216],[109.35831,-0.0216],[109.35876,-0.02153],[109.35914,-0.0216],[109.35944,-0.02145],[109.36034,-0.02063],[109.36094,-0.02063],[109.36146,-0.02108],[109.36184,-0.02108],[109.36236,-0.02093],[109.36274,-0.02115],[109.36289,-0.02085],[109.36356,-0.02093],[109.36446,-0.02093],[109.36514,-0.02085],[109.36581,-0.02115],[109.36761,-0.02115],[109.36784,-0.02123],[109.36814,-0.021],[109.36859,-0.021],[109.36904,-0.02153],[109.36971,-0.02175],[109.37054,-0.02175],[109.37069,-0.0219],[109.37106,-0.0219],[109.37159,-0.02213],[109.37166,-0.02235],[109.37204,-0.02235],[109.37249,-0.0225],[109.37286,-0.0228],[109.37324,-0.0228],[109.37354,-0.02303],[109.37414,-0.02333],[109.37436,-0.02333],[109.37519,-0.02363],[109.37526,-0.02378],[109.37571,-0.02393],[109.37609,-0.02393],[109.37661,-0.02423],[109.37676,-0.02453],[109.37729,-0.0246],[109.37759,-0.02483],[109.37819,-0.02475],[109.37864,-0.02513],[109.37931,-0.0252],[109.38029,-0.0252],[109.38066,-0.02528],[109.38119,-0.0255],[109.38194,-0.02558],[109.38216,-0.02543],[109.38254,-0.02543],[109.38305,-0.02573],[109.38315,-0.0251],[109.37956,-0.0244],[109.37795,-0.02379],[109.37607,-0.0231],[109.37678,-0.02196],[109.37624,-0.02183],[109.37579,-0.0213],[109.37549,-0.02108],[109.37489,-0.021],[109.37451,-0.02085],[109.37436,-0.02063],[109.37339,-0.02063],[109.37294,-0.02025],[109.37286,-0.01995],[109.37129,-0.01943],[109.37061,-0.01898],[109.36889,-0.01898],[109.36859,-0.01883],[109.36806,-0.01883],[109.36769,-0.0186],[109.36716,-0.01875],[109.36664,-0.01875],[109.36619,-0.01853],[109.36574,-0.01845],[109.36514,-0.01845],[109.36476,-0.01875],[109.36431,-0.01868],[109.36371,-0.01868],[109.36334,-0.0186],[109.36311,-0.01875],[109.36124,-0.01875],[109.36124,-0.01883],[109.36019,-0.01883],[109.35981,-0.01913],[109.35921,-0.01913],[109.35861,-0.01905],[109.35839,-0.0192],[109.35779,-0.0192],[109.35734,-0.01928],[109.35711,-0.01943],[109.35651,-0.0195],[109.35524,-0.0195],[109.35441,-0.02025],[109.35396,-0.02048],[109.35314,-0.02048],[109.35276,-0.02063],[109.35201,-0.02063],[109.35186,-0.02093],[109.35074,-0.02108],[109.35051,-0.02123],[109.34923,-0.02123],[109.34908,-0.02138],[109.34871,-0.02138],[109.34833,-0.02153],[109.34571,-0.02153],[109.34496,-0.02138],[109.34421,-0.02108],[109.34361,-0.02063],[109.34301,-0.0204],[109.34293,-0.02025],[109.34203,-0.01973],[109.34181,-0.01928],[109.34128,-0.01913],[109.34098,-0.01875],[109.34061,-0.0189],[109.34061,-0.01913],[109.34106,-0.01958],[109.34166,-0.01973],[109.34166,-0.02018],[109.34188,-0.02018],[109.34218,-0.02048],[109.34256,-0.02055],[109.34316,-0.02108],[109.34338,-0.02108],[109.34353,-0.02138],[109.34428,-0.02153],[109.34458,-0.02175],[109.34518,-0.02175],[109.34548,-0.02198],[109.34638,-0.02198],[109.34646,-0.02213],[109.34646,-0.02295],[109.34616,-0.02295],[109.34616,-0.02423],[109.34593,-0.02445],[109.34593,-0.02573],[109.34623,-0.02648],[109.34646,-0.02685],[109.34668,-0.02693],[109.34683,-0.02745],[109.34728,-0.02775],[109.34728,-0.02858],[109.34743,-0.02918],[109.34773,-0.02955],[109.34773,-0.02985],[109.34796,-0.02993],[109.34818,-0.03023],[109.34833,-0.03098],[109.34856,-0.03113],[109.34856,-0.03143],[109.34878,-0.03188],[109.34908,-0.03218],[109.34923,-0.03285],[109.34946,-0.03293],[109.34953,-0.03338],[109.34976,-0.03368],[109.35036,-0.03405],[109.35044,-0.03465],[109.35089,-0.03518],[109.35089,-0.03555],[109.35104,-0.03593],[109.35134,-0.03623],[109.35134,-0.03645],[109.35179,-0.03675],[109.35179,-0.03698],[109.35224,-0.03758],[109.35269,-0.03795],[109.35276,-0.03848],[109.35306,-0.03863],[109.35329,-0.03893],[109.35344,-0.03938],[109.35404,-0.04005],[109.35434,-0.04028],[109.35479,-0.04043],[109.35516,-0.04088],[109.35524,-0.04118],[109.35576,-0.04178],[109.35599,-0.04185],[109.35629,-0.04238],[109.35659,-0.04253],[109.35674,-0.04298],[109.35704,-0.04313],[109.35899,-0.04508],[109.35929,-0.04523],[109.35936,-0.04545],[109.36004,-0.0456],[109.36019,-0.04598],[109.36056,-0.04613],[109.36079,-0.04658],[109.36116,-0.04673],[109.36124,-0.04695],[109.36169,-0.04695],[109.36161,-0.04733],[109.36214,-0.04793],[109.36259,-0.04815],[109.36274,-0.04853],[109.36319,-0.04883],[109.36334,-0.04935],[109.36409,-0.05018],[109.36469,-0.05063],[109.36514,-0.05146],[109.36536,-0.05153],[109.36566,-0.05213],[109.36589,-0.05221],[109.36589,-0.05258],[109.36619,-0.05288],[109.36634,-0.05348],[109.36664,-0.05363],[109.36716,-0.05416],[109.36724,-0.05468],[109.36739,-0.05468],[109.36784,-0.05513],[109.36829,-0.05573],[109.36859,-0.05663],[109.36889,-0.05716],[109.36902,-0.05765],[109.36949,-0.05828],[109.36949,-0.0583],[109.36953,-0.05836]]]},"properties":{"STREAM_ID":1}},{"type":"Feature","geometry":{"type":"Polygon","coordinates":[[[109.37676,-0.0201],[109.37704,-0.02019],[109.37699,-0.0197],[109.37741,-0.0187],[109.37699,-0.01898],[109.37691,-0.01965],[109.37676,-0.0201]]]},"properties":{"STREAM_ID":1}},{"type":"Feature","geometry":{"type":"Polygon","coordinates":[[[109.36953,-0.05836],[109.36979,-0.05858],[109.37024,-0.05873],[109.37046,-0.05843],[109.36979,-0.05783],[109.36949,-0.05776],[109.36934,-0.05746],[109.36926,-0.05678],[109.36911,-0.05671],[109.36881,-0.05611],[109.36881,-0.05581],[109.36851,-0.05521],[109.36836,-0.05513],[109.36814,-0.05468],[109.36754,-0.05401],[109.36754,-0.05386],[109.36686,-0.05326],[109.36649,-0.05243],[109.36529,-0.05078],[109.36514,-0.05041],[109.36371,-0.04898],[109.36349,-0.04853],[109.36319,-0.04815],[109.36184,-0.0468],[109.36184,-0.04665],[109.36146,-0.04628],[109.36094,-0.0459],[109.36026,-0.04523],[109.35989,-0.04508],[109.35906,-0.04425],[109.35891,-0.04425],[109.35831,-0.04358],[109.35771,-0.04298],[109.35719,-0.04253],[109.35651,-0.04185],[109.35651,-0.0417],[109.35569,-0.04088],[109.35539,-0.04035],[109.35486,-0.0399],[109.35456,-0.03975],[109.35374,-0.0387],[109.35321,-0.03818],[109.35276,-0.03728],[109.35209,-0.03653],[109.35209,-0.03638],[109.35156,-0.03578],[109.35149,-0.03548],[109.35119,-0.03503],[109.35119,-0.0348],[109.35096,-0.0345],[109.35096,-0.03428],[109.35066,-0.03368],[109.35029,-0.03345],[109.34998,-0.033],[109.34961,-0.03218],[109.34916,-0.03158],[109.34878,-0.03075],[109.34878,-0.03053],[109.34848,-0.03008],[109.34826,-0.02948],[109.34758,-0.0282],[109.34751,-0.0273],[109.34713,-0.027],[109.34668,-0.02633],[109.34646,-0.02573],[109.34631,-0.02558],[109.34631,-0.02475],[109.34653,-0.02445],[109.34653,-0.02348],[109.34706,-0.02318],[109.34923,-0.02318],[109.34968,-0.02295],[109.35029,-0.02295],[109.35059,-0.0228],[109.35126,-0.02288],[109.35156,-0.02265],[109.35201,-0.0225],[109.35299,-0.0225],[109.35329,-0.02228],[109.35374,-0.02228],[109.35404,-0.02198],[109.35479,-0.02183],[109.35584,-0.02183],[109.35621,-0.02153],[109.35674,-0.02153],[109.35689,-0.02183],[109.35741,-0.0216],[109.35831,-0.0216],[109.35876,-0.02153],[109.35914,-0.0216],[109.35944,-0.02145],[109.36034,-0.02063],[109.36094,-0.02063],[109.36146,-0.02108],[109.36184,-0.02108],[109.36236,-0.02093],[109.36274,-0.02115],[109.36289,-0.02085],[109.36356,-0.02093],[109.36446,-0.02093],[109.36514,-0.02085],[109.36581,-0.02115],[109.36761,-0.02115],[109.36784,-0.02123],[109.36814,-0.021],[109.36859,-0.021],[109.36904,-0.02153],[109.36971,-0.02175],[109.37054,-0.02175],[109.37069,-0.0219],[109.37106,-0.0219],[109.37159,-0.02213],[109.37166,-0.02235],[109.37204,-0.02235],[109.37249,-0.0225],[109.37286,-0.0228],[109.37324,-0.0228],[109.37354,-0.02303],[109.37414,-0.02333],[109.37436,-0.02333],[109.37519,-0.02363],[109.37526,-0.02378],[109.37571,-0.02393],[109.37609,-0.02393],[109.37661,-0.02423],[109.37676,-0.02453],[109.37729,-0.0246],[109.37759,-0.02483],[109.37819,-0.02475],[109.37864,-0.02513],[109.37931,-0.0252],[109.38029,-0.0252],[109.38066,-0.02528],[109.38119,-0.0255],[109.38194,-0.02558],[109.38216,-0.02543],[109.38254,-0.02543],[109.38305,-0.02573],[109.38315,-0.0251],[109.37956,-0.0244],[109.37795,-0.02379],[109.37607,-0.0231],[109.37678,-0.02196],[109.37624,-0.02183],[109.37579,-0.0213],[109.37549,-0.02108],[109.37489,-0.021],[109.37451,-0.02085],[109.37436,-0.02063],[109.37339,-0.02063],[109.37294,-0.02025],[109.37286,-0.01995],[109.37129,-0.01943],[109.37061,-0.01898],[109.36889,-0.01898],[109.36859,-0.01883],[109.36806,-0.01883],[109.36769,-0.0186],[109.36716,-0.01875],[109.36664,-0.01875],[109.36619,-0.01853],[109.36574,-0.01845],[109.36514,-0.01845],[109.36476,-0.01875],[109.36431,-0.01868],[109.36371,-0.01868],[109.36334,-0.0186],[109.36311,-0.01875],[109.36124,-0.01875],[109.36124,-0.01883],[109.36019,-0.01883],[109.35981,-0.01913],[109.35921,-0.01913],[109.35861,-0.01905],[109.35839,-0.0192],[109.35779,-0.0192],[109.35734,-0.01928],[109.35711,-0.01943],[109.35651,-0.0195],[109.35524,-0.0195],[109.35441,-0.02025],[109.35396,-0.02048],[109.35314,-0.02048],[109.35276,-0.02063],[109.35201,-0.02063],[109.35186,-0.02093],[109.35074,-0.02108],[109.35051,-0.02123],[109.34923,-0.02123],[109.34908,-0.02138],[109.34871,-0.02138],[109.34833,-0.02153],[109.34571,-0.02153],[109.34496,-0.02138],[109.34421,-0.02108],[109.34361,-0.02063],[109.34301,-0.0204],[109.34293,-0.02025],[109.34203,-0.01973],[109.34181,-0.01928],[109.34128,-0.01913],[109.34098,-0.01875],[109.34061,-0.0189],[109.34061,-0.01913],[109.34106,-0.01958],[109.34166,-0.01973],[109.34166,-0.02018],[109.34188,-0.02018],[109.34218,-0.02048],[109.34256,-0.02055],[109.34316,-0.02108],[109.34338,-0.02108],[109.34353,-0.02138],[109.34428,-0.02153],[109.34458,-0.02175],[109.34518,-0.02175],[109.34548,-0.02198],[109.34638,-0.02198],[109.34646,-0.02213],[109.34646,-0.02295],[109.34616,-0.02295],[109.34616,-0.02423],[109.34593,-0.02445],[109.34593,-0.02573],[109.34623,-0.02648],[109.34646,-0.02685],[109.34668,-0.02693],[109.34683,-0.02745],[109.34728,-0.02775],[109.34728,-0.02858],[109.34743,-0.02918],[109.34773,-0.02955],[109.34773,-0.02985],[109.34796,-0.02993],[109.34818,-0.03023],[109.34833,-0.03098],[109.34856,-0.03113],[109.34856,-0.03143],[109.34878,-0.03188],[109.34908,-0.03218],[109.34923,-0.03285],[109.34946,-0.03293],[109.34953,-0.03338],[109.34976,-0.03368],[109.35036,-0.03405],[109.35044,-0.03465],[109.35089,-0.03518],[109.35089,-0.03555],[109.35104,-0.03593],[109.35134,-0.03623],[109.35134,-0.03645],[109.35179,-0.03675],[109.35179,-0.03698],[109.35224,-0.03758],[109.35269,-0.03795],[109.35276,-0.03848],[109.35306,-0.03863],[109.35329,-0.03893],[109.35344,-0.03938],[109.35404,-0.04005],[109.35434,-0.04028],[109.35479,-0.04043],[109.35516,-0.04088],[109.35524,-0.04118],[109.35576,-0.04178],[109.35599,-0.04185],[109.35629,-0.04238],[109.35659,-0.04253],[109.35674,-0.04298],[109.35704,-0.04313],[109.35899,-0.04508],[109.35929,-0.04523],[109.35936,-0.04545],[109.36004,-0.0456],[109.36019,-0.04598],[109.36056,-0.04613],[109.36079,-0.04658],[109.36116,-0.04673],[109.36124,-0.04695],[109.36169,-0.04695],[109.36161,-0.04733],[109.36214,-0.04793],[109.36259,-0.04815],[109.36274,-0.04853],[109.36319,-0.04883],[109.36334,-0.04935],[109.36409,-0.05018],[109.36469,-0.05063],[109.36514,-0.05146],[109.36536,-0.05153],[109.36566,-0.05213],[109.36589,-0.05221],[109.36589,-0.05258],[109.36619,-0.05288],[109.36634,-0.05348],[109.36664,-0.05363],[109.36716,-0.05416],[109.36724,-0.05468],[109.36739,-0.05468],[109.36784,-0.05513],[109.36829,-0.05573],[109.36859,-0.05663],[109.36889,-0.05716],[109.36902,-0.05765],[109.36949,-0.05828],[109.36949,-0.0583],[109.36953,-0.05836]]]},"properties":{"STREAM_ID":1}},{"type":"Feature","geometry":{"type":"Polygon","coordinates":[[[109.37054,-0.05948],[109.37084,-0.05963],[109.37114,-0.06023],[109.37136,-0.06053],[109.37166,-0.06053],[109.37196,-0.06098],[109.37219,-0.06098],[109.37226,-0.06136],[109.37249,-0.06143],[109.37249,-0.06226],[109.37264,-0.06248],[109.37306,-0.06263],[109.37331,-0.06226],[109.37286,-0.06188],[109.37279,-0.06151],[109.37294,-0.06136],[109.37249,-0.06053],[109.37196,-0.06023],[109.37136,-0.05963],[109.37114,-0.05918],[109.37054,-0.05918],[109.37054,-0.05948]]]},"properties":{"STREAM_ID":1}},{"type":"Feature","geometry":{"type":"Polygon","coordinates":[[[109.37511,-0.0108],[109.37526,-0.01103],[109.37579,-0.0108],[109.37616,-0.0108],[109.37661,-0.01095],[109.37691,-0.01118],[109.37706,-0.01163],[109.37669,-0.01185],[109.37676,-0.01245],[109.37736,-0.0126],[109.37751,-0.01245],[109.37738,-0.01202],[109.37772,-0.01128],[109.37799,-0.01106],[109.37786,-0.01053],[109.37781,-0.00945],[109.37766,-0.00923],[109.37729,-0.00923],[109.37699,-0.0096],[109.37714,-0.00998],[109.37714,-0.01065],[109.37699,-0.01088],[109.37669,-0.01088],[109.37639,-0.01058],[109.37639,-0.01028],[109.37669,-0.00998],[109.37676,-0.00968],[109.37676,-0.00893],[109.37669,-0.00863],[109.37676,-0.00818],[109.37631,-0.00818],[109.37616,-0.00855],[109.37549,-0.00855],[109.37534,-0.0087],[109.37549,-0.009],[109.37594,-0.00908],[109.37586,-0.00975],[109.37609,-0.00998],[109.37616,-0.01035],[109.37571,-0.01058],[109.37511,-0.01058],[109.37511,-0.0108]]]},"properties":{"STREAM_ID":1}},{"type":"Feature","geometry":{"type":"Polygon","coordinates":[[[109.37676,-0.0201],[109.37704,-0.02019],[109.37699,-0.0197],[109.37741,-0.0187],[109.37699,-0.01898],[109.37691,-0.01965],[109.37676,-0.0201]]]},"properties":{"STREAM_ID":1}},{"type":"Feature","geometry":{"type":"Polygon","coordinates":[[[109.37676,-0.0201],[109.37704,-0.02019],[109.37699,-0.0197],[109.37741,-0.0187],[109.37699,-0.01898],[109.37691,-0.01965],[109.37676,-0.0201]]]},"properties":{"STREAM_ID":1}},{"type":"Feature","geometry":{"type":"Polygon","coordinates":[[[109.37676,-0.0201],[109.37704,-0.02019],[109.37699,-0.0197],[109.37741,-0.0187],[109.37699,-0.01898],[109.37691,-0.01965],[109.37676,-0.0201]]]},"properties":{"STREAM_ID":1}},{"type":"Feature","geometry":{"type":"Polygon","coordinates":[[[109.37511,-0.0108],[109.37526,-0.01103],[109.37579,-0.0108],[109.37616,-0.0108],[109.37661,-0.01095],[109.37691,-0.01118],[109.37706,-0.01163],[109.37669,-0.01185],[109.37676,-0.01245],[109.37736,-0.0126],[109.37751,-0.01245],[109.37738,-0.01202],[109.37772,-0.01128],[109.37799,-0.01106],[109.37786,-0.01053],[109.37781,-0.00945],[109.37766,-0.00923],[109.37729,-0.00923],[109.37699,-0.0096],[109.37714,-0.00998],[109.37714,-0.01065],[109.37699,-0.01088],[109.37669,-0.01088],[109.37639,-0.01058],[109.37639,-0.01028],[109.37669,-0.00998],[109.37676,-0.00968],[109.37676,-0.00893],[109.37669,-0.00863],[109.37676,-0.00818],[109.37631,-0.00818],[109.37616,-0.00855],[109.37549,-0.00855],[109.37534,-0.0087],[109.37549,-0.009],[109.37594,-0.00908],[109.37586,-0.00975],[109.37609,-0.00998],[109.37616,-0.01035],[109.37571,-0.01058],[109.37511,-0.01058],[109.37511,-0.0108]]]},"properties":{"STREAM_ID":1}},{"type":"Feature","geometry":{"type":"Polygon","coordinates":[[[109.36859,-0.05798],[109.36836,-0.05723],[109.36799,-0.05708],[109.36799,-0.05686],[109.36769,-0.05678],[109.36769,-0.05656],[109.36724,-0.05603],[109.36716,-0.05573],[109.36686,-0.05543],[109.36626,-0.05498],[109.36619,-0.05438],[109.36589,-0.05348],[109.36536,-0.05303],[109.36506,-0.05288],[109.36499,-0.05228],[109.36469,-0.05168],[109.36409,-0.05108],[109.36349,-0.05026],[109.36319,-0.05018],[109.36319,-0.04995],[109.36274,-0.04965],[109.36274,-0.04943],[109.36229,-0.04928],[109.36199,-0.04853],[109.36094,-0.04785],[109.36094,-0.04763],[109.36064,-0.04755],[109.36056,-0.04725],[109.36004,-0.04688],[109.36004,-0.04665],[109.35974,-0.04658],[109.35959,-0.04628],[109.35876,-0.04553],[109.35839,-0.04538],[109.35839,-0.04515],[109.35786,-0.04485],[109.35734,-0.04433],[109.35704,-0.04425],[109.35704,-0.04403],[109.35479,-0.04178],[109.35434,-0.04118],[109.35434,-0.04095],[109.35359,-0.04035],[109.35359,-0.04013],[109.35329,-0.03998],[109.35329,-0.03975],[109.35284,-0.03953],[109.35216,-0.03885],[109.35179,-0.03825],[109.35179,-0.03795],[109.35156,-0.03788],[109.35149,-0.03743],[109.35126,-0.03713],[109.35096,-0.03698],[109.35066,-0.03653],[109.35044,-0.03645],[109.35036,-0.03593],[109.35014,-0.03578],[109.34983,-0.03518],[109.34953,-0.03473],[109.34938,-0.03413],[109.34908,-0.03383],[109.34908,-0.03338],[109.34856,-0.03263],[109.34833,-0.03255],[109.34818,-0.03195],[109.34773,-0.03143],[109.34766,-0.03083],[109.34736,-0.03053],[109.34736,-0.03023],[109.34683,-0.02963],[109.34683,-0.02873],[109.34653,-0.02828],[109.34638,-0.02745],[109.34593,-0.02715],[109.34593,-0.02693],[109.34563,-0.02655],[109.34556,-0.02603],[109.34533,-0.02588],[109.34518,-0.02535],[109.34496,-0.02528],[109.34496,-0.02498],[109.34473,-0.02483],[109.34466,-0.02445],[109.34443,-0.02438],[109.34428,-0.02393],[109.34376,-0.02363],[109.34368,-0.02333],[109.34308,-0.02288],[109.34278,-0.02243],[109.34226,-0.02205],[109.34203,-0.02205],[109.34188,-0.02175],[109.34136,-0.02145],[109.34128,-0.02108],[109.34053,-0.02108],[109.34038,-0.02078],[109.33993,-0.02063],[109.33978,-0.02033],[109.33956,-0.02033],[109.33933,-0.02003],[109.33836,-0.01958],[109.33806,-0.01913],[109.33768,-0.01905],[109.33723,-0.01868],[109.33723,-0.01845],[109.33678,-0.01808],[109.33678,-0.01793],[109.33603,-0.01785],[109.33573,-0.01733],[109.33543,-0.01718],[109.33528,-0.01673],[109.33498,-0.01665],[109.33453,-0.01613],[109.33423,-0.01613],[109.33416,-0.01583],[109.33356,-0.01538],[109.33333,-0.01538],[109.33326,-0.01508],[109.33258,-0.01463],[109.33198,-0.01448],[109.33153,-0.01448],[109.33138,-0.01403],[109.33086,-0.01365],[109.32973,-0.01365],[109.32966,-0.01343],[109.32928,-0.01313],[109.32928,-0.01223],[109.32868,-0.01178],[109.32838,-0.01178],[109.32793,-0.01133],[109.32748,-0.01118],[109.32718,-0.01073],[109.32636,-0.01028],[109.32628,-0.01005],[109.32598,-0.01005],[109.32598,-0.00975],[109.32553,-0.00953],[109.32546,-0.00938],[109.32433,-0.00938],[109.32418,-0.00893],[109.32366,-0.00893],[109.32358,-0.00825],[109.32328,-0.00795],[109.32268,-0.00795],[109.32268,-0.00773],[109.32223,-0.00743],[109.32178,-0.00698],[109.32126,-0.00668],[109.32126,-0.00645],[109.32058,-0.00608],[109.32028,-0.00563],[109.31976,-0.00555],[109.31976,-0.00533],[109.31946,-0.00518],[109.31938,-0.00495],[109.31878,-0.00495],[109.31833,-0.00473],[109.31803,-0.00443],[109.31803,-0.00413],[109.31743,-0.00383],[109.31698,-0.00368],[109.31683,-0.00345],[109.31653,-0.00345],[109.31616,-0.00323],[109.31488,-0.00263],[109.31413,-0.00233],[109.31398,-0.00203],[109.31316,-0.00188],[109.31308,-0.00165],[109.31226,-0.00165],[109.31203,-0.00143],[109.31136,-0.00128],[109.31053,-0.00128],[109.31016,-0.00105],[109.30888,-0.00105],[109.30866,-0.00083],[109.30783,-0.00075],[109.30753,-0.00053],[109.30678,-0.00045],[109.30588,-0.00053],[109.30408,-0.00053],[109.30408,-0.00068],[109.30318,-0.00075],[109.30176,-0.00075],[109.30153,-0.00098],[109.30086,-0.00128],[109.29973,-0.00128],[109.29973,-0.00135],[109.29725,-0.00135],[109.29643,-0.00128],[109.29643,-0.00113],[109.29545,-0.00098],[109.29545,-0.00083],[109.2947,-0.00075],[109.29448,-0.00045],[109.29343,-0.00045],[109.29305,-0.00038],[109.29298,-0.00015],[109.29253,0],[109.31863,0],[109.31863,-0.00023],[109.31893,-0.00038],[109.32006,-0.00075],[109.32118,-0.00075],[109.32133,-0.00098],[109.32133,-0.00135],[109.32186,-0.00173],[109.32193,-0.00203],[109.32223,-0.00218],[109.32276,-0.00218],[109.32306,-0.00233],[109.32343,-0.00293],[109.32396,-0.00308],[109.32403,-0.00338],[109.32448,-0.00353],[109.32486,-0.00353],[109.32486,-0.00375],[109.32523,-0.00383],[109.32523,-0.00428],[109.32583,-0.00443],[109.32613,-0.00473],[109.32613,-0.00495],[109.32658,-0.00503],[109.32696,-0.00525],[109.32703,-0.00578],[109.32763,-0.00615],[109.32793,-0.00623],[109.32823,-0.00668],[109.32883,-0.00705],[109.32883,-0.00728],[109.32928,-0.00735],[109.32958,-0.00758],[109.33108,-0.00908],[109.33123,-0.00938],[109.33168,-0.00953],[109.33198,-0.00975],[109.33206,-0.01028],[109.33251,-0.01028],[109.33251,-0.01058],[109.33296,-0.01088],[109.33318,-0.01088],[109.33363,-0.01133],[109.33363,-0.01163],[109.33416,-0.01193],[109.33416,-0.01245],[109.33476,-0.01298],[109.33476,-0.01335],[109.33498,-0.01358],[109.33528,-0.01358],[109.33588,-0.01403],[109.33603,-0.01433],[109.33626,-0.01433],[109.33633,-0.01478],[109.33693,-0.01493],[109.33716,-0.01523],[109.33768,-0.01553],[109.33768,-0.01575],[109.33806,-0.01575],[109.33813,-0.01628],[109.33843,-0.01665],[109.33896,-0.01748],[109.33948,-0.01763],[109.33956,-0.01793],[109.33986,-0.01808],[109.34053,-0.01808],[109.34046,-0.01778],[109.33993,-0.01755],[109.33978,-0.01725],[109.33933,-0.01695],[109.33858,-0.01598],[109.33843,-0.01553],[109.33806,-0.01538],[109.33768,-0.01493],[109.33708,-0.0144],[109.33686,-0.0144],[109.33671,-0.0141],[109.33633,-0.01395],[109.33558,-0.0132],[109.33521,-0.01305],[109.33498,-0.01245],[109.33468,-0.0123],[109.33446,-0.012],[109.33446,-0.01155],[109.33416,-0.01125],[109.33386,-0.0108],[109.33363,-0.01073],[109.33303,-0.0102],[109.33273,-0.01013],[109.33221,-0.00945],[109.33146,-0.00885],[109.33146,-0.0087],[109.33086,-0.00803],[109.33018,-0.00743],[109.32973,-0.0072],[109.32966,-0.00705],[109.32913,-0.00675],[109.32868,-0.0063],[109.32793,-0.0057],[109.32763,-0.00533],[109.32733,-0.00518],[109.32718,-0.0048],[109.32658,-0.0045],[109.32621,-0.00405],[109.32576,-0.0039],[109.32553,-0.00345],[109.32516,-0.00315],[109.32478,-0.00315],[109.32426,-0.00263],[109.32388,-0.00255],[109.32343,-0.00218],[109.32313,-0.0018],[109.32253,-0.0018],[109.32223,-0.00158],[109.32186,-0.00113],[109.32148,-0.0003],[109.32111,-0.00038],[109.32051,-0.00038],[109.32028,-0.00023],[109.31976,-0.00015],[109.31946,0],[109.31856,0.0006],[109.31803,0.00053],[109.31766,0.00083],[109.31721,0.00098],[109.31706,0.00128],[109.31661,0.00143],[109.31623,0.00143],[109.31601,0.00158],[109.31526,0.00188],[109.31503,0.00188],[109.31443,0.00225],[109.31421,0.0021],[109.31383,0.0021],[109.31376,0.0024],[109.31308,0.00248],[109.31263,0.0024],[109.31233,0.00263],[109.31196,0.00263],[109.31143,0.00285],[109.31113,0.00323],[109.31068,0.00345],[109.31008,0.00345],[109.30963,0.00353],[109.30941,0.00398],[109.30911,0.0042],[109.30866,0.0042],[109.30858,0.00435],[109.30753,0.00428],[109.30716,0.00443],[109.30633,0.0045],[109.30611,0.00465],[109.30573,0.00465],[109.30521,0.00488],[109.30446,0.0048],[109.30431,0.00525],[109.30386,0.00503],[109.30303,0.00495],[109.30198,0.00495],[109.30108,0.00488],[109.30078,0.00518],[109.30018,0.00525],[109.29965,0.00555],[109.29928,0.006],[109.29883,0.00608],[109.29868,0.00623],[109.29823,0.00623],[109.298,0.00638],[109.29778,0.0069],[109.29688,0.00735],[109.29605,0.00788],[109.2953,0.00788],[109.29493,0.0081],[109.29418,0.00818],[109.2932,0.00818],[109.29275,0.0084],[109.29163,0.00825],[109.29058,0.00825],[109.29028,0.00833],[109.28724,0.0059],[109.28694,0.00278],[109.28693,0.0018],[109.28735,0.0018],[109.2875,0.00165],[109.28878,0.00165],[109.28908,0.00173],[109.28945,0.0015],[109.28968,0.0015],[109.29013,0.00128],[109.29035,0.00098],[109.29035,0.00045],[109.2905,0.00038],[109.29125,0.00038],[109.29155,0.00023],[109.29155,-8e-05],[109.29245,-0.00045],[109.29275,-0.00083],[109.2941,-0.00083],[109.2947,-0.0012],[109.29523,-0.00128],[109.29538,-0.00143],[109.29583,-0.00143],[109.29613,-0.00165],[109.2968,-0.00173],[109.29845,-0.00173],[109.29943,-0.0018],[109.30018,-0.00165],[109.30116,-0.00165],[109.30161,-0.0015],[109.30243,-0.00113],[109.30333,-0.00113],[109.30431,-0.00098],[109.30611,-0.00098],[109.30671,-0.0009],[109.30723,-0.00098],[109.30746,-0.00113],[109.30806,-0.0012],[109.30866,-0.00158],[109.30903,-0.0015],[109.30986,-0.0015],[109.31016,-0.00165],[109.31158,-0.0018],[109.31188,-0.00203],[109.31248,-0.00203],[109.31293,-0.00225],[109.31353,-0.0024],[109.31383,-0.0027],[109.31533,-0.00338],[109.31556,-0.00338],[109.31616,-0.00368],[109.31653,-0.00398],[109.31698,-0.00405],[109.31766,-0.00465],[109.31766,-0.00488],[109.31826,-0.00533],[109.31893,-0.00533],[109.31923,-0.0057],[109.31976,-0.006],[109.31998,-0.0063],[109.32043,-0.00653],[109.32118,-0.0072],[109.32186,-0.00788],[109.32223,-0.0081],[109.32238,-0.00848],[109.32291,-0.00833],[109.32313,-0.00855],[109.32313,-0.00908],[109.32336,-0.0093],[109.32366,-0.0093],[109.32388,-0.00968],[109.32448,-0.00998],[109.32501,-0.0099],[109.32546,-0.01013],[109.32546,-0.01043],[109.32591,-0.0105],[109.32613,-0.01073],[109.32673,-0.01103],[109.32741,-0.01178],[109.32763,-0.01178],[109.32816,-0.01208],[109.32831,-0.0123],[109.32883,-0.01268],[109.32883,-0.01298],[109.32861,-0.01328],[109.32891,-0.01343],[109.32921,-0.01388],[109.32966,-0.01425],[109.33003,-0.01425],[109.33041,-0.0141],[109.33078,-0.0144],[109.33078,-0.01455],[109.33116,-0.01485],[109.33198,-0.015],[109.33273,-0.0156],[109.33303,-0.01568],[109.33371,-0.0162],[109.33371,-0.01643],[109.33416,-0.01658],[109.33536,-0.0177],[109.33551,-0.01808],[109.33588,-0.0183],[109.33648,-0.01845],[109.33693,-0.01883],[109.33693,-0.01905],[109.33738,-0.0195],[109.33753,-0.0195],[109.33798,-0.01995],[109.33903,-0.02048],[109.33956,-0.02093],[109.33986,-0.0213],[109.34016,-0.02145],[109.34068,-0.02145],[109.34098,-0.0219],[109.34151,-0.0222],[109.34188,-0.02265],[109.34211,-0.02265],[109.34271,-0.02325],[109.34331,-0.0237],[109.34391,-0.02438],[109.34458,-0.02528],[109.34458,-0.02558],[109.34481,-0.02573],[109.34518,-0.02655],[109.34526,-0.02655],[109.34571,-0.02753],[109.34608,-0.02813],[109.34616,-0.02858],[109.34631,-0.02873],[109.34653,-0.0294],[109.34653,-0.03],[109.34683,-0.03038],[109.34728,-0.03128],[109.34728,-0.0315],[109.34818,-0.0333],[109.34856,-0.0336],[109.34871,-0.0342],[109.35014,-0.0369],[109.35096,-0.03765],[109.35141,-0.0387],[109.35179,-0.03908],[109.35179,-0.03923],[109.35231,-0.03983],[109.35246,-0.03983],[109.35299,-0.04035],[109.35329,-0.04088],[109.35381,-0.04125],[109.35389,-0.04155],[109.35441,-0.042],[109.35441,-0.04215],[109.35479,-0.0426],[109.35599,-0.0438],[109.35674,-0.0447],[109.35704,-0.04478],[109.35741,-0.04515],[109.35771,-0.0453],[109.35824,-0.0459],[109.35876,-0.04635],[109.35921,-0.04665],[109.35966,-0.0471],[109.35966,-0.04725],[109.36041,-0.04793],[109.36041,-0.04808],[109.36079,-0.04845],[109.36094,-0.04845],[109.36161,-0.04898],[109.36169,-0.04935],[109.36206,-0.04958],[109.36296,-0.05048],[109.36296,-0.05063],[109.36349,-0.05108],[109.36371,-0.05153],[109.36424,-0.05198],[109.36439,-0.05258],[109.36469,-0.05326],[109.36529,-0.05371],[109.36559,-0.05431],[109.36559,-0.05498],[109.36619,-0.05566],[109.36649,-0.05581],[109.36694,-0.05671],[109.36709,-0.05678],[109.36731,-0.05731],[109.36835,-0.05822],[109.36859,-0.05798]],[[109.29853,0.00458],[109.2986,0.0039],[109.29845,0.00375],[109.29808,0.00383],[109.29748,0.00383],[109.29665,0.00443],[109.2962,0.00525],[109.2971,0.00518],[109.29748,0.00533],[109.29763,0.00518],[109.29815,0.0051],[109.29853,0.00473],[109.29853,0.00458]]]},"properties":{"STREAM_ID":1}},{"type":"Feature","geometry":{"type":"Polygon","coordinates":[[[109.37054,-0.05948],[109.37084,-0.05963],[109.37114,-0.06023],[109.37136,-0.06053],[109.37166,-0.06053],[109.37196,-0.06098],[109.37219,-0.06098],[109.37226,-0.06136],[109.37249,-0.06143],[109.37249,-0.06226],[109.37264,-0.06248],[109.37306,-0.06263],[109.37331,-0.06226],[109.37286,-0.06188],[109.37279,-0.06151],[109.37294,-0.06136],[109.37249,-0.06053],[109.37196,-0.06023],[109.37136,-0.05963],[109.37114,-0.05918],[109.37054,-0.05918],[109.37054,-0.05948]]]},"properties":{"STREAM_ID":1}},{"type":"Feature","geometry":{"type":"Polygon","coordinates":[[[109.37054,-0.05948],[109.37084,-0.05963],[109.37114,-0.06023],[109.37136,-0.06053],[109.37166,-0.06053],[109.37196,-0.06098],[109.37219,-0.06098],[109.37226,-0.06136],[109.37249,-0.06143],[109.37249,-0.06226],[109.37264,-0.06248],[109.37306,-0.06263],[109.37331,-0.06226],[109.37286,-0.06188],[109.37279,-0.06151],[109.37294,-0.06136],[109.37249,-0.06053],[109.37196,-0.06023],[109.37136,-0.05963],[109.37114,-0.05918],[109.37054,-0.05918],[109.37054,-0.05948]]]},"properties":{"STREAM_ID":1}},{"type":"Feature","geometry":{"type":"Polygon","coordinates":[[[109.36859,-0.05798],[109.36836,-0.05723],[109.36799,-0.05708],[109.36799,-0.05686],[109.36769,-0.05678],[109.36769,-0.05656],[109.36724,-0.05603],[109.36716,-0.05573],[109.36686,-0.05543],[109.36626,-0.05498],[109.36619,-0.05438],[109.36589,-0.05348],[109.36536,-0.05303],[109.36506,-0.05288],[109.36499,-0.05228],[109.36469,-0.05168],[109.36409,-0.05108],[109.36349,-0.05026],[109.36319,-0.05018],[109.36319,-0.04995],[109.36274,-0.04965],[109.36274,-0.04943],[109.36229,-0.04928],[109.36199,-0.04853],[109.36094,-0.04785],[109.36094,-0.04763],[109.36064,-0.04755],[109.36056,-0.04725],[109.36004,-0.04688],[109.36004,-0.04665],[109.35974,-0.04658],[109.35959,-0.04628],[109.35876,-0.04553],[109.35839,-0.04538],[109.35839,-0.04515],[109.35786,-0.04485],[109.35734,-0.04433],[109.35704,-0.04425],[109.35704,-0.04403],[109.35479,-0.04178],[109.35434,-0.04118],[109.35434,-0.04095],[109.35359,-0.04035],[109.35359,-0.04013],[109.35329,-0.03998],[109.35329,-0.03975],[109.35284,-0.03953],[109.35216,-0.03885],[109.35179,-0.03825],[109.35179,-0.03795],[109.35156,-0.03788],[109.35149,-0.03743],[109.35126,-0.03713],[109.35096,-0.03698],[109.35066,-0.03653],[109.35044,-0.03645],[109.35036,-0.03593],[109.35014,-0.03578],[109.34983,-0.03518],[109.34953,-0.03473],[109.34938,-0.03413],[109.34908,-0.03383],[109.34908,-0.03338],[109.34856,-0.03263],[109.34833,-0.03255],[109.34818,-0.03195],[109.34773,-0.03143],[109.34766,-0.03083],[109.34736,-0.03053],[109.34736,-0.03023],[109.34683,-0.02963],[109.34683,-0.02873],[109.34653,-0.02828],[109.34638,-0.02745],[109.34593,-0.02715],[109.34593,-0.02693],[109.34563,-0.02655],[109.34556,-0.02603],[109.34533,-0.02588],[109.34518,-0.02535],[109.34496,-0.02528],[109.34496,-0.02498],[109.34473,-0.02483],[109.34466,-0.02445],[109.34443,-0.02438],[109.34428,-0.02393],[109.34376,-0.02363],[109.34368,-0.02333],[109.34308,-0.02288],[109.34278,-0.02243],[109.34226,-0.02205],[109.34203,-0.02205],[109.34188,-0.02175],[109.34136,-0.02145],[109.34128,-0.02108],[109.34053,-0.02108],[109.34038,-0.02078],[109.33993,-0.02063],[109.33978,-0.02033],[109.33956,-0.02033],[109.33933,-0.02003],[109.33836,-0.01958],[109.33806,-0.01913],[109.33768,-0.01905],[109.33723,-0.01868],[109.33723,-0.01845],[109.33678,-0.01808],[109.33678,-0.01793],[109.33603,-0.01785],[109.33573,-0.01733],[109.33543,-0.01718],[109.33528,-0.01673],[109.33498,-0.01665],[109.33453,-0.01613],[109.33423,-0.01613],[109.33416,-0.01583],[109.33356,-0.01538],[109.33333,-0.01538],[109.33326,-0.01508],[109.33258,-0.01463],[109.33198,-0.01448],[109.33153,-0.01448],[109.33138,-0.01403],[109.33086,-0.01365],[109.32973,-0.01365],[109.32966,-0.01343],[109.32928,-0.01313],[109.32928,-0.01223],[109.32868,-0.01178],[109.32838,-0.01178],[109.32793,-0.01133],[109.32748,-0.01118],[109.32718,-0.01073],[109.32636,-0.01028],[109.32628,-0.01005],[109.32598,-0.01005],[109.32598,-0.00975],[109.32553,-0.00953],[109.32546,-0.00938],[109.32433,-0.00938],[109.32418,-0.00893],[109.32366,-0.00893],[109.32358,-0.00825],[109.32328,-0.00795],[109.32268,-0.00795],[109.32268,-0.00773],[109.32223,-0.00743],[109.32178,-0.00698],[109.32126,-0.00668],[109.32126,-0.00645],[109.32058,-0.00608],[109.32028,-0.00563],[109.31976,-0.00555],[109.31976,-0.00533],[109.31946,-0.00518],[109.31938,-0.00495],[109.31878,-0.00495],[109.31833,-0.00473],[109.31803,-0.00443],[109.31803,-0.00413],[109.31743,-0.00383],[109.31698,-0.00368],[109.31683,-0.00345],[109.31653,-0.00345],[109.31616,-0.00323],[109.31488,-0.00263],[109.31413,-0.00233],[109.31398,-0.00203],[109.31316,-0.00188],[109.31308,-0.00165],[109.31226,-0.00165],[109.31203,-0.00143],[109.31136,-0.00128],[109.31053,-0.00128],[109.31016,-0.00105],[109.30888,-0.00105],[109.30866,-0.00083],[109.30783,-0.00075],[109.30753,-0.00053],[109.30678,-0.00045],[109.30588,-0.00053],[109.30408,-0.00053],[109.30408,-0.00068],[109.30318,-0.00075],[109.30176,-0.00075],[109.30153,-0.00098],[109.30086,-0.00128],[109.29973,-0.00128],[109.29973,-0.00135],[109.29725,-0.00135],[109.29643,-0.00128],[109.29643,-0.00113],[109.29545,-0.00098],[109.29545,-0.00083],[109.2947,-0.00075],[109.29448,-0.00045],[109.29343,-0.00045],[109.29305,-0.00038],[109.29298,-0.00015],[109.29253,0],[109.31863,0],[109.31863,-0.00023],[109.31893,-0.00038],[109.32006,-0.00075],[109.32118,-0.00075],[109.32133,-0.00098],[109.32133,-0.00135],[109.32186,-0.00173],[109.32193,-0.00203],[109.32223,-0.00218],[109.32276,-0.00218],[109.32306,-0.00233],[109.32343,-0.00293],[109.32396,-0.00308],[109.32403,-0.00338],[109.32448,-0.00353],[109.32486,-0.00353],[109.32486,-0.00375],[109.32523,-0.00383],[109.32523,-0.00428],[109.32583,-0.00443],[109.32613,-0.00473],[109.32613,-0.00495],[109.32658,-0.00503],[109.32696,-0.00525],[109.32703,-0.00578],[109.32763,-0.00615],[109.32793,-0.00623],[109.32823,-0.00668],[109.32883,-0.00705],[109.32883,-0.00728],[109.32928,-0.00735],[109.32958,-0.00758],[109.33108,-0.00908],[109.33123,-0.00938],[109.33168,-0.00953],[109.33198,-0.00975],[109.33206,-0.01028],[109.33251,-0.01028],[109.33251,-0.01058],[109.33296,-0.01088],[109.33318,-0.01088],[109.33363,-0.01133],[109.33363,-0.01163],[109.33416,-0.01193],[109.33416,-0.01245],[109.33476,-0.01298],[109.33476,-0.01335],[109.33498,-0.01358],[109.33528,-0.01358],[109.33588,-0.01403],[109.33603,-0.01433],[109.33626,-0.01433],[109.33633,-0.01478],[109.33693,-0.01493],[109.33716,-0.01523],[109.33768,-0.01553],[109.33768,-0.01575],[109.33806,-0.01575],[109.33813,-0.01628],[109.33843,-0.01665],[109.33896,-0.01748],[109.33948,-0.01763],[109.33956,-0.01793],[109.33986,-0.01808],[109.34053,-0.01808],[109.34046,-0.01778],[109.33993,-0.01755],[109.33978,-0.01725],[109.33933,-0.01695],[109.33858,-0.01598],[109.33843,-0.01553],[109.33806,-0.01538],[109.33768,-0.01493],[109.33708,-0.0144],[109.33686,-0.0144],[109.33671,-0.0141],[109.33633,-0.01395],[109.33558,-0.0132],[109.33521,-0.01305],[109.33498,-0.01245],[109.33468,-0.0123],[109.33446,-0.012],[109.33446,-0.01155],[109.33416,-0.01125],[109.33386,-0.0108],[109.33363,-0.01073],[109.33303,-0.0102],[109.33273,-0.01013],[109.33221,-0.00945],[109.33146,-0.00885],[109.33146,-0.0087],[109.33086,-0.00803],[109.33018,-0.00743],[109.32973,-0.0072],[109.32966,-0.00705],[109.32913,-0.00675],[109.32868,-0.0063],[109.32793,-0.0057],[109.32763,-0.00533],[109.32733,-0.00518],[109.32718,-0.0048],[109.32658,-0.0045],[109.32621,-0.00405],[109.32576,-0.0039],[109.32553,-0.00345],[109.32516,-0.00315],[109.32478,-0.00315],[109.32426,-0.00263],[109.32388,-0.00255],[109.32343,-0.00218],[109.32313,-0.0018],[109.32253,-0.0018],[109.32223,-0.00158],[109.32186,-0.00113],[109.32148,-0.0003],[109.32111,-0.00038],[109.32051,-0.00038],[109.32028,-0.00023],[109.31976,-0.00015],[109.31946,0],[109.31856,0.0006],[109.31803,0.00053],[109.31766,0.00083],[109.31721,0.00098],[109.31706,0.00128],[109.31661,0.00143],[109.31623,0.00143],[109.31601,0.00158],[109.31526,0.00188],[109.31503,0.00188],[109.31443,0.00225],[109.31421,0.0021],[109.31383,0.0021],[109.31376,0.0024],[109.31308,0.00248],[109.31263,0.0024],[109.31233,0.00263],[109.31196,0.00263],[109.31143,0.00285],[109.31113,0.00323],[109.31068,0.00345],[109.31008,0.00345],[109.30963,0.00353],[109.30941,0.00398],[109.30911,0.0042],[109.30866,0.0042],[109.30858,0.00435],[109.30753,0.00428],[109.30716,0.00443],[109.30633,0.0045],[109.30611,0.00465],[109.30573,0.00465],[109.30521,0.00488],[109.30446,0.0048],[109.30431,0.00525],[109.30386,0.00503],[109.30303,0.00495],[109.30198,0.00495],[109.30108,0.00488],[109.30078,0.00518],[109.30018,0.00525],[109.29965,0.00555],[109.29928,0.006],[109.29883,0.00608],[109.29868,0.00623],[109.29823,0.00623],[109.298,0.00638],[109.29778,0.0069],[109.29688,0.00735],[109.29605,0.00788],[109.2953,0.00788],[109.29493,0.0081],[109.29418,0.00818],[109.2932,0.00818],[109.29275,0.0084],[109.29163,0.00825],[109.29058,0.00825],[109.29028,0.00833],[109.28724,0.0059],[109.28694,0.00278],[109.28693,0.0018],[109.28735,0.0018],[109.2875,0.00165],[109.28878,0.00165],[109.28908,0.00173],[109.28945,0.0015],[109.28968,0.0015],[109.29013,0.00128],[109.29035,0.00098],[109.29035,0.00045],[109.2905,0.00038],[109.29125,0.00038],[109.29155,0.00023],[109.29155,-8e-05],[109.29245,-0.00045],[109.29275,-0.00083],[109.2941,-0.00083],[109.2947,-0.0012],[109.29523,-0.00128],[109.29538,-0.00143],[109.29583,-0.00143],[109.29613,-0.00165],[109.2968,-0.00173],[109.29845,-0.00173],[109.29943,-0.0018],[109.30018,-0.00165],[109.30116,-0.00165],[109.30161,-0.0015],[109.30243,-0.00113],[109.30333,-0.00113],[109.30431,-0.00098],[109.30611,-0.00098],[109.30671,-0.0009],[109.30723,-0.00098],[109.30746,-0.00113],[109.30806,-0.0012],[109.30866,-0.00158],[109.30903,-0.0015],[109.30986,-0.0015],[109.31016,-0.00165],[109.31158,-0.0018],[109.31188,-0.00203],[109.31248,-0.00203],[109.31293,-0.00225],[109.31353,-0.0024],[109.31383,-0.0027],[109.31533,-0.00338],[109.31556,-0.00338],[109.31616,-0.00368],[109.31653,-0.00398],[109.31698,-0.00405],[109.31766,-0.00465],[109.31766,-0.00488],[109.31826,-0.00533],[109.31893,-0.00533],[109.31923,-0.0057],[109.31976,-0.006],[109.31998,-0.0063],[109.32043,-0.00653],[109.32118,-0.0072],[109.32186,-0.00788],[109.32223,-0.0081],[109.32238,-0.00848],[109.32291,-0.00833],[109.32313,-0.00855],[109.32313,-0.00908],[109.32336,-0.0093],[109.32366,-0.0093],[109.32388,-0.00968],[109.32448,-0.00998],[109.32501,-0.0099],[109.32546,-0.01013],[109.32546,-0.01043],[109.32591,-0.0105],[109.32613,-0.01073],[109.32673,-0.01103],[109.32741,-0.01178],[109.32763,-0.01178],[109.32816,-0.01208],[109.32831,-0.0123],[109.32883,-0.01268],[109.32883,-0.01298],[109.32861,-0.01328],[109.32891,-0.01343],[109.32921,-0.01388],[109.32966,-0.01425],[109.33003,-0.01425],[109.33041,-0.0141],[109.33078,-0.0144],[109.33078,-0.01455],[109.33116,-0.01485],[109.33198,-0.015],[109.33273,-0.0156],[109.33303,-0.01568],[109.33371,-0.0162],[109.33371,-0.01643],[109.33416,-0.01658],[109.33536,-0.0177],[109.33551,-0.01808],[109.33588,-0.0183],[109.33648,-0.01845],[109.33693,-0.01883],[109.33693,-0.01905],[109.33738,-0.0195],[109.33753,-0.0195],[109.33798,-0.01995],[109.33903,-0.02048],[109.33956,-0.02093],[109.33986,-0.0213],[109.34016,-0.02145],[109.34068,-0.02145],[109.34098,-0.0219],[109.34151,-0.0222],[109.34188,-0.02265],[109.34211,-0.02265],[109.34271,-0.02325],[109.34331,-0.0237],[109.34391,-0.02438],[109.34458,-0.02528],[109.34458,-0.02558],[109.34481,-0.02573],[109.34518,-0.02655],[109.34526,-0.02655],[109.34571,-0.02753],[109.34608,-0.02813],[109.34616,-0.02858],[109.34631,-0.02873],[109.34653,-0.0294],[109.34653,-0.03],[109.34683,-0.03038],[109.34728,-0.03128],[109.34728,-0.0315],[109.34818,-0.0333],[109.34856,-0.0336],[109.34871,-0.0342],[109.35014,-0.0369],[109.35096,-0.03765],[109.35141,-0.0387],[109.35179,-0.03908],[109.35179,-0.03923],[109.35231,-0.03983],[109.35246,-0.03983],[109.35299,-0.04035],[109.35329,-0.04088],[109.35381,-0.04125],[109.35389,-0.04155],[109.35441,-0.042],[109.35441,-0.04215],[109.35479,-0.0426],[109.35599,-0.0438],[109.35674,-0.0447],[109.35704,-0.04478],[109.35741,-0.04515],[109.35771,-0.0453],[109.35824,-0.0459],[109.35876,-0.04635],[109.35921,-0.04665],[109.35966,-0.0471],[109.35966,-0.04725],[109.36041,-0.04793],[109.36041,-0.04808],[109.36079,-0.04845],[109.36094,-0.04845],[109.36161,-0.04898],[109.36169,-0.04935],[109.36206,-0.04958],[109.36296,-0.05048],[109.36296,-0.05063],[109.36349,-0.05108],[109.36371,-0.05153],[109.36424,-0.05198],[109.36439,-0.05258],[109.36469,-0.05326],[109.36529,-0.05371],[109.36559,-0.05431],[109.36559,-0.05498],[109.36619,-0.05566],[109.36649,-0.05581],[109.36694,-0.05671],[109.36709,-0.05678],[109.36731,-0.05731],[109.36835,-0.05822],[109.36859,-0.05798]],[[109.29853,0.00458],[109.2986,0.0039],[109.29845,0.00375],[109.29808,0.00383],[109.29748,0.00383],[109.29665,0.00443],[109.2962,0.00525],[109.2971,0.00518],[109.29748,0.00533],[109.29763,0.00518],[109.29815,0.0051],[109.29853,0.00473],[109.29853,0.00458]]]},"properties":{"STREAM_ID":1}},{"type":"Feature","geometry":{"type":"Polygon","coordinates":[[[109.37796,-0.01743],[109.37813,-0.01657],[109.37878,-0.01613],[109.37882,-0.01594],[109.37837,-0.01553],[109.37826,-0.01575],[109.37871,-0.01605],[109.37826,-0.01635],[109.37796,-0.01673],[109.37796,-0.01743]]]},"properties":{"STREAM_ID":1}},{"type":"Feature","geometry":{"type":"Polygon","coordinates":[[[109.37511,-0.0108],[109.37526,-0.01103],[109.37579,-0.0108],[109.37616,-0.0108],[109.37661,-0.01095],[109.37691,-0.01118],[109.37706,-0.01163],[109.37669,-0.01185],[109.37676,-0.01245],[109.37736,-0.0126],[109.37751,-0.01245],[109.37738,-0.01202],[109.37772,-0.01128],[109.37799,-0.01106],[109.37786,-0.01053],[109.37781,-0.00945],[109.37766,-0.00923],[109.37729,-0.00923],[109.37699,-0.0096],[109.37714,-0.00998],[109.37714,-0.01065],[109.37699,-0.01088],[109.37669,-0.01088],[109.37639,-0.01058],[109.37639,-0.01028],[109.37669,-0.00998],[109.37676,-0.00968],[109.37676,-0.00893],[109.37669,-0.00863],[109.37676,-0.00818],[109.37631,-0.00818],[109.37616,-0.00855],[109.37549,-0.00855],[109.37534,-0.0087],[109.37549,-0.009],[109.37594,-0.00908],[109.37586,-0.00975],[109.37609,-0.00998],[109.37616,-0.01035],[109.37571,-0.01058],[109.37511,-0.01058],[109.37511,-0.0108]]]},"properties":{"STREAM_ID":1}},{"type":"Feature","geometry":{"type":"Polygon","coordinates":[[[109.36953,-0.05836],[109.36979,-0.05858],[109.37024,-0.05873],[109.37046,-0.05843],[109.36979,-0.05783],[109.36949,-0.05776],[109.36934,-0.05746],[109.36926,-0.05678],[109.36911,-0.05671],[109.36881,-0.05611],[109.36881,-0.05581],[109.36851,-0.05521],[109.36836,-0.05513],[109.36814,-0.05468],[109.36754,-0.05401],[109.36754,-0.05386],[109.36686,-0.05326],[109.36649,-0.05243],[109.36529,-0.05078],[109.36514,-0.05041],[109.36371,-0.04898],[109.36349,-0.04853],[109.36319,-0.04815],[109.36184,-0.0468],[109.36184,-0.04665],[109.36146,-0.04628],[109.36094,-0.0459],[109.36026,-0.04523],[109.35989,-0.04508],[109.35906,-0.04425],[109.35891,-0.04425],[109.35831,-0.04358],[109.35771,-0.04298],[109.35719,-0.04253],[109.35651,-0.04185],[109.35651,-0.0417],[109.35569,-0.04088],[109.35539,-0.04035],[109.35486,-0.0399],[109.35456,-0.03975],[109.35374,-0.0387],[109.35321,-0.03818],[109.35276,-0.03728],[109.35209,-0.03653],[109.35209,-0.03638],[109.35156,-0.03578],[109.35149,-0.03548],[109.35119,-0.03503],[109.35119,-0.0348],[109.35096,-0.0345],[109.35096,-0.03428],[109.35066,-0.03368],[109.35029,-0.03345],[109.34998,-0.033],[109.34961,-0.03218],[109.34916,-0.03158],[109.34878,-0.03075],[109.34878,-0.03053],[109.34848,-0.03008],[109.34826,-0.02948],[109.34758,-0.0282],[109.34751,-0.0273],[109.34713,-0.027],[109.34668,-0.02633],[109.34646,-0.02573],[109.34631,-0.02558],[109.34631,-0.02475],[109.34653,-0.02445],[109.34653,-0.02348],[109.34706,-0.02318],[109.34923,-0.02318],[109.34968,-0.02295],[109.35029,-0.02295],[109.35059,-0.0228],[109.35126,-0.02288],[109.35156,-0.02265],[109.35201,-0.0225],[109.35299,-0.0225],[109.35329,-0.02228],[109.35374,-0.02228],[109.35404,-0.02198],[109.35479,-0.02183],[109.35584,-0.02183],[109.35621,-0.02153],[109.35674,-0.02153],[109.35689,-0.02183],[109.35741,-0.0216],[109.35831,-0.0216],[109.35876,-0.02153],[109.35914,-0.0216],[109.35944,-0.02145],[109.36034,-0.02063],[109.36094,-0.02063],[109.36146,-0.02108],[109.36184,-0.02108],[109.36236,-0.02093],[109.36274,-0.02115],[109.36289,-0.02085],[109.36356,-0.02093],[109.36446,-0.02093],[109.36514,-0.02085],[109.36581,-0.02115],[109.36761,-0.02115],[109.36784,-0.02123],[109.36814,-0.021],[109.36859,-0.021],[109.36904,-0.02153],[109.36971,-0.02175],[109.37054,-0.02175],[109.37069,-0.0219],[109.37106,-0.0219],[109.37159,-0.02213],[109.37166,-0.02235],[109.37204,-0.02235],[109.37249,-0.0225],[109.37286,-0.0228],[109.37324,-0.0228],[109.37354,-0.02303],[109.37414,-0.02333],[109.37436,-0.02333],[109.37519,-0.02363],[109.37526,-0.02378],[109.37571,-0.02393],[109.37609,-0.02393],[109.37661,-0.02423],[109.37676,-0.02453],[109.37729,-0.0246],[109.37759,-0.02483],[109.37819,-0.02475],[109.37864,-0.02513],[109.37931,-0.0252],[109.38029,-0.0252],[109.38066,-0.02528],[109.38119,-0.0255],[109.38194,-0.02558],[109.38216,-0.02543],[109.38254,-0.02543],[109.38305,-0.02573],[109.38315,-0.0251],[109.37956,-0.0244],[109.37795,-0.02379],[109.37607,-0.0231],[109.37678,-0.02196],[109.37624,-0.02183],[109.37579,-0.0213],[109.37549,-0.02108],[109.37489,-0.021],[109.37451,-0.02085],[109.37436,-0.02063],[109.37339,-0.02063],[109.37294,-0.02025],[109.37286,-0.01995],[109.37129,-0.01943],[109.37061,-0.01898],[109.36889,-0.01898],[109.36859,-0.01883],[109.36806,-0.01883],[109.36769,-0.0186],[109.36716,-0.01875],[109.36664,-0.01875],[109.36619,-0.01853],[109.36574,-0.01845],[109.36514,-0.01845],[109.36476,-0.01875],[109.36431,-0.01868],[109.36371,-0.01868],[109.36334,-0.0186],[109.36311,-0.01875],[109.36124,-0.01875],[109.36124,-0.01883],[109.36019,-0.01883],[109.35981,-0.01913],[109.35921,-0.01913],[109.35861,-0.01905],[109.35839,-0.0192],[109.35779,-0.0192],[109.35734,-0.01928],[109.35711,-0.01943],[109.35651,-0.0195],[109.35524,-0.0195],[109.35441,-0.02025],[109.35396,-0.02048],[109.35314,-0.02048],[109.35276,-0.02063],[109.35201,-0.02063],[109.35186,-0.02093],[109.35074,-0.02108],[109.35051,-0.02123],[109.34923,-0.02123],[109.34908,-0.02138],[109.34871,-0.02138],[109.34833,-0.02153],[109.34571,-0.02153],[109.34496,-0.02138],[109.34421,-0.02108],[109.34361,-0.02063],[109.34301,-0.0204],[109.34293,-0.02025],[109.34203,-0.01973],[109.34181,-0.01928],[109.34128,-0.01913],[109.34098,-0.01875],[109.34061,-0.0189],[109.34061,-0.01913],[109.34106,-0.01958],[109.34166,-0.01973],[109.34166,-0.02018],[109.34188,-0.02018],[109.34218,-0.02048],[109.34256,-0.02055],[109.34316,-0.02108],[109.34338,-0.02108],[109.34353,-0.02138],[109.34428,-0.02153],[109.34458,-0.02175],[109.34518,-0.02175],[109.34548,-0.02198],[109.34638,-0.02198],[109.34646,-0.02213],[109.34646,-0.02295],[109.34616,-0.02295],[109.34616,-0.02423],[109.34593,-0.02445],[109.34593,-0.02573],[109.34623,-0.02648],[109.34646,-0.02685],[109.34668,-0.02693],[109.34683,-0.02745],[109.34728,-0.02775],[109.34728,-0.02858],[109.34743,-0.02918],[109.34773,-0.02955],[109.34773,-0.02985],[109.34796,-0.02993],[109.34818,-0.03023],[109.34833,-0.03098],[109.34856,-0.03113],[109.34856,-0.03143],[109.34878,-0.03188],[109.34908,-0.03218],[109.34923,-0.03285],[109.34946,-0.03293],[109.34953,-0.03338],[109.34976,-0.03368],[109.35036,-0.03405],[109.35044,-0.03465],[109.35089,-0.03518],[109.35089,-0.03555],[109.35104,-0.03593],[109.35134,-0.03623],[109.35134,-0.03645],[109.35179,-0.03675],[109.35179,-0.03698],[109.35224,-0.03758],[109.35269,-0.03795],[109.35276,-0.03848],[109.35306,-0.03863],[109.35329,-0.03893],[109.35344,-0.03938],[109.35404,-0.04005],[109.35434,-0.04028],[109.35479,-0.04043],[109.35516,-0.04088],[109.35524,-0.04118],[109.35576,-0.04178],[109.35599,-0.04185],[109.35629,-0.04238],[109.35659,-0.04253],[109.35674,-0.04298],[109.35704,-0.04313],[109.35899,-0.04508],[109.35929,-0.04523],[109.35936,-0.04545],[109.36004,-0.0456],[109.36019,-0.04598],[109.36056,-0.04613],[109.36079,-0.04658],[109.36116,-0.04673],[109.36124,-0.04695],[109.36169,-0.04695],[109.36161,-0.04733],[109.36214,-0.04793],[109.36259,-0.04815],[109.36274,-0.04853],[109.36319,-0.04883],[109.36334,-0.04935],[109.36409,-0.05018],[109.36469,-0.05063],[109.36514,-0.05146],[109.36536,-0.05153],[109.36566,-0.05213],[109.36589,-0.05221],[109.36589,-0.05258],[109.36619,-0.05288],[109.36634,-0.05348],[109.36664,-0.05363],[109.36716,-0.05416],[109.36724,-0.05468],[109.36739,-0.05468],[109.36784,-0.05513],[109.36829,-0.05573],[109.36859,-0.05663],[109.36889,-0.05716],[109.36902,-0.05765],[109.36949,-0.05828],[109.36949,-0.0583],[109.36953,-0.05836]]]},"properties":{"STREAM_ID":1}},{"type":"Feature","geometry":{"type":"Polygon","coordinates":[[[109.37676,-0.0201],[109.37704,-0.02019],[109.37699,-0.0197],[109.37741,-0.0187],[109.37699,-0.01898],[109.37691,-0.01965],[109.37676,-0.0201]]]},"properties":{"STREAM_ID":1}},{"type":"Feature","geometry":{"type":"Polygon","coordinates":[[[109.37796,-0.01743],[109.37813,-0.01657],[109.37878,-0.01613],[109.37882,-0.01594],[109.37837,-0.01553],[109.37826,-0.01575],[109.37871,-0.01605],[109.37826,-0.01635],[109.37796,-0.01673],[109.37796,-0.01743]]]},"properties":{"STREAM_ID":1}},{"type":"Feature","geometry":{"type":"Polygon","coordinates":[[[109.37511,-0.0108],[109.37526,-0.01103],[109.37579,-0.0108],[109.37616,-0.0108],[109.37661,-0.01095],[109.37691,-0.01118],[109.37706,-0.01163],[109.37669,-0.01185],[109.37676,-0.01245],[109.37736,-0.0126],[109.37751,-0.01245],[109.37738,-0.01202],[109.37772,-0.01128],[109.37799,-0.01106],[109.37786,-0.01053],[109.37781,-0.00945],[109.37766,-0.00923],[109.37729,-0.00923],[109.37699,-0.0096],[109.37714,-0.00998],[109.37714,-0.01065],[109.37699,-0.01088],[109.37669,-0.01088],[109.37639,-0.01058],[109.37639,-0.01028],[109.37669,-0.00998],[109.37676,-0.00968],[109.37676,-0.00893],[109.37669,-0.00863],[109.37676,-0.00818],[109.37631,-0.00818],[109.37616,-0.00855],[109.37549,-0.00855],[109.37534,-0.0087],[109.37549,-0.009],[109.37594,-0.00908],[109.37586,-0.00975],[109.37609,-0.00998],[109.37616,-0.01035],[109.37571,-0.01058],[109.37511,-0.01058],[109.37511,-0.0108]]]},"properties":{"STREAM_ID":1}},{"type":"Feature","geometry":{"type":"Polygon","coordinates":[[[109.37796,-0.01743],[109.37813,-0.01657],[109.37878,-0.01613],[109.37882,-0.01594],[109.37837,-0.01553],[109.37826,-0.01575],[109.37871,-0.01605],[109.37826,-0.01635],[109.37796,-0.01673],[109.37796,-0.01743]]]},"properties":{"STREAM_ID":1}},{"type":"Feature","geometry":{"type":"Polygon","coordinates":[[[109.37054,-0.05948],[109.37084,-0.05963],[109.37114,-0.06023],[109.37136,-0.06053],[109.37166,-0.06053],[109.37196,-0.06098],[109.37219,-0.06098],[109.37226,-0.06136],[109.37249,-0.06143],[109.37249,-0.06226],[109.37264,-0.06248],[109.37306,-0.06263],[109.37331,-0.06226],[109.37286,-0.06188],[109.37279,-0.06151],[109.37294,-0.06136],[109.37249,-0.06053],[109.37196,-0.06023],[109.37136,-0.05963],[109.37114,-0.05918],[109.37054,-0.05918],[109.37054,-0.05948]]]},"properties":{"STREAM_ID":1}},{"type":"Feature","geometry":{"type":"Polygon","coordinates":[[[109.37676,-0.0201],[109.37704,-0.02019],[109.37699,-0.0197],[109.37741,-0.0187],[109.37699,-0.01898],[109.37691,-0.01965],[109.37676,-0.0201]]]},"properties":{"STREAM_ID":1}},{"type":"Feature","geometry":{"type":"Polygon","coordinates":[[[109.36859,-0.05798],[109.36836,-0.05723],[109.36799,-0.05708],[109.36799,-0.05686],[109.36769,-0.05678],[109.36769,-0.05656],[109.36724,-0.05603],[109.36716,-0.05573],[109.36686,-0.05543],[109.36626,-0.05498],[109.36619,-0.05438],[109.36589,-0.05348],[109.36536,-0.05303],[109.36506,-0.05288],[109.36499,-0.05228],[109.36469,-0.05168],[109.36409,-0.05108],[109.36349,-0.05026],[109.36319,-0.05018],[109.36319,-0.04995],[109.36274,-0.04965],[109.36274,-0.04943],[109.36229,-0.04928],[109.36199,-0.04853],[109.36094,-0.04785],[109.36094,-0.04763],[109.36064,-0.04755],[109.36056,-0.04725],[109.36004,-0.04688],[109.36004,-0.04665],[109.35974,-0.04658],[109.35959,-0.04628],[109.35876,-0.04553],[109.35839,-0.04538],[109.35839,-0.04515],[109.35786,-0.04485],[109.35734,-0.04433],[109.35704,-0.04425],[109.35704,-0.04403],[109.35479,-0.04178],[109.35434,-0.04118],[109.35434,-0.04095],[109.35359,-0.04035],[109.35359,-0.04013],[109.35329,-0.03998],[109.35329,-0.03975],[109.35284,-0.03953],[109.35216,-0.03885],[109.35179,-0.03825],[109.35179,-0.03795],[109.35156,-0.03788],[109.35149,-0.03743],[109.35126,-0.03713],[109.35096,-0.03698],[109.35066,-0.03653],[109.35044,-0.03645],[109.35036,-0.03593],[109.35014,-0.03578],[109.34983,-0.03518],[109.34953,-0.03473],[109.34938,-0.03413],[109.34908,-0.03383],[109.34908,-0.03338],[109.34856,-0.03263],[109.34833,-0.03255],[109.34818,-0.03195],[109.34773,-0.03143],[109.34766,-0.03083],[109.34736,-0.03053],[109.34736,-0.03023],[109.34683,-0.02963],[109.34683,-0.02873],[109.34653,-0.02828],[109.34638,-0.02745],[109.34593,-0.02715],[109.34593,-0.02693],[109.34563,-0.02655],[109.34556,-0.02603],[109.34533,-0.02588],[109.34518,-0.02535],[109.34496,-0.02528],[109.34496,-0.02498],[109.34473,-0.02483],[109.34466,-0.02445],[109.34443,-0.02438],[109.34428,-0.02393],[109.34376,-0.02363],[109.34368,-0.02333],[109.34308,-0.02288],[109.34278,-0.02243],[109.34226,-0.02205],[109.34203,-0.02205],[109.34188,-0.02175],[109.34136,-0.02145],[109.34128,-0.02108],[109.34053,-0.02108],[109.34038,-0.02078],[109.33993,-0.02063],[109.33978,-0.02033],[109.33956,-0.02033],[109.33933,-0.02003],[109.33836,-0.01958],[109.33806,-0.01913],[109.33768,-0.01905],[109.33723,-0.01868],[109.33723,-0.01845],[109.33678,-0.01808],[109.33678,-0.01793],[109.33603,-0.01785],[109.33573,-0.01733],[109.33543,-0.01718],[109.33528,-0.01673],[109.33498,-0.01665],[109.33453,-0.01613],[109.33423,-0.01613],[109.33416,-0.01583],[109.33356,-0.01538],[109.33333,-0.01538],[109.33326,-0.01508],[109.33258,-0.01463],[109.33198,-0.01448],[109.33153,-0.01448],[109.33138,-0.01403],[109.33086,-0.01365],[109.32973,-0.01365],[109.32966,-0.01343],[109.32928,-0.01313],[109.32928,-0.01223],[109.32868,-0.01178],[109.32838,-0.01178],[109.32793,-0.01133],[109.32748,-0.01118],[109.32718,-0.01073],[109.32636,-0.01028],[109.32628,-0.01005],[109.32598,-0.01005],[109.32598,-0.00975],[109.32553,-0.00953],[109.32546,-0.00938],[109.32433,-0.00938],[109.32418,-0.00893],[109.32366,-0.00893],[109.32358,-0.00825],[109.32328,-0.00795],[109.32268,-0.00795],[109.32268,-0.00773],[109.32223,-0.00743],[109.32178,-0.00698],[109.32126,-0.00668],[109.32126,-0.00645],[109.32058,-0.00608],[109.32028,-0.00563],[109.31976,-0.00555],[109.31976,-0.00533],[109.31946,-0.00518],[109.31938,-0.00495],[109.31878,-0.00495],[109.31833,-0.00473],[109.31803,-0.00443],[109.31803,-0.00413],[109.31743,-0.00383],[109.31698,-0.00368],[109.31683,-0.00345],[109.31653,-0.00345],[109.31616,-0.00323],[109.31488,-0.00263],[109.31413,-0.00233],[109.31398,-0.00203],[109.31316,-0.00188],[109.31308,-0.00165],[109.31226,-0.00165],[109.31203,-0.00143],[109.31136,-0.00128],[109.31053,-0.00128],[109.31016,-0.00105],[109.30888,-0.00105],[109.30866,-0.00083],[109.30783,-0.00075],[109.30753,-0.00053],[109.30678,-0.00045],[109.30588,-0.00053],[109.30408,-0.00053],[109.30408,-0.00068],[109.30318,-0.00075],[109.30176,-0.00075],[109.30153,-0.00098],[109.30086,-0.00128],[109.29973,-0.00128],[109.29973,-0.00135],[109.29725,-0.00135],[109.29643,-0.00128],[109.29643,-0.00113],[109.29545,-0.00098],[109.29545,-0.00083],[109.2947,-0.00075],[109.29448,-0.00045],[109.29343,-0.00045],[109.29305,-0.00038],[109.29298,-0.00015],[109.29253,0],[109.31863,0],[109.31863,-0.00023],[109.31893,-0.00038],[109.32006,-0.00075],[109.32118,-0.00075],[109.32133,-0.00098],[109.32133,-0.00135],[109.32186,-0.00173],[109.32193,-0.00203],[109.32223,-0.00218],[109.32276,-0.00218],[109.32306,-0.00233],[109.32343,-0.00293],[109.32396,-0.00308],[109.32403,-0.00338],[109.32448,-0.00353],[109.32486,-0.00353],[109.32486,-0.00375],[109.32523,-0.00383],[109.32523,-0.00428],[109.32583,-0.00443],[109.32613,-0.00473],[109.32613,-0.00495],[109.32658,-0.00503],[109.32696,-0.00525],[109.32703,-0.00578],[109.32763,-0.00615],[109.32793,-0.00623],[109.32823,-0.00668],[109.32883,-0.00705],[109.32883,-0.00728],[109.32928,-0.00735],[109.32958,-0.00758],[109.33108,-0.00908],[109.33123,-0.00938],[109.33168,-0.00953],[109.33198,-0.00975],[109.33206,-0.01028],[109.33251,-0.01028],[109.33251,-0.01058],[109.33296,-0.01088],[109.33318,-0.01088],[109.33363,-0.01133],[109.33363,-0.01163],[109.33416,-0.01193],[109.33416,-0.01245],[109.33476,-0.01298],[109.33476,-0.01335],[109.33498,-0.01358],[109.33528,-0.01358],[109.33588,-0.01403],[109.33603,-0.01433],[109.33626,-0.01433],[109.33633,-0.01478],[109.33693,-0.01493],[109.33716,-0.01523],[109.33768,-0.01553],[109.33768,-0.01575],[109.33806,-0.01575],[109.33813,-0.01628],[109.33843,-0.01665],[109.33896,-0.01748],[109.33948,-0.01763],[109.33956,-0.01793],[109.33986,-0.01808],[109.34053,-0.01808],[109.34046,-0.01778],[109.33993,-0.01755],[109.33978,-0.01725],[109.33933,-0.01695],[109.33858,-0.01598],[109.33843,-0.01553],[109.33806,-0.01538],[109.33768,-0.01493],[109.33708,-0.0144],[109.33686,-0.0144],[109.33671,-0.0141],[109.33633,-0.01395],[109.33558,-0.0132],[109.33521,-0.01305],[109.33498,-0.01245],[109.33468,-0.0123],[109.33446,-0.012],[109.33446,-0.01155],[109.33416,-0.01125],[109.33386,-0.0108],[109.33363,-0.01073],[109.33303,-0.0102],[109.33273,-0.01013],[109.33221,-0.00945],[109.33146,-0.00885],[109.33146,-0.0087],[109.33086,-0.00803],[109.33018,-0.00743],[109.32973,-0.0072],[109.32966,-0.00705],[109.32913,-0.00675],[109.32868,-0.0063],[109.32793,-0.0057],[109.32763,-0.00533],[109.32733,-0.00518],[109.32718,-0.0048],[109.32658,-0.0045],[109.32621,-0.00405],[109.32576,-0.0039],[109.32553,-0.00345],[109.32516,-0.00315],[109.32478,-0.00315],[109.32426,-0.00263],[109.32388,-0.00255],[109.32343,-0.00218],[109.32313,-0.0018],[109.32253,-0.0018],[109.32223,-0.00158],[109.32186,-0.00113],[109.32148,-0.0003],[109.32111,-0.00038],[109.32051,-0.00038],[109.32028,-0.00023],[109.31976,-0.00015],[109.31946,0],[109.31856,0.0006],[109.31803,0.00053],[109.31766,0.00083],[109.31721,0.00098],[109.31706,0.00128],[109.31661,0.00143],[109.31623,0.00143],[109.31601,0.00158],[109.31526,0.00188],[109.31503,0.00188],[109.31443,0.00225],[109.31421,0.0021],[109.31383,0.0021],[109.31376,0.0024],[109.31308,0.00248],[109.31263,0.0024],[109.31233,0.00263],[109.31196,0.00263],[109.31143,0.00285],[109.31113,0.00323],[109.31068,0.00345],[109.31008,0.00345],[109.30963,0.00353],[109.30941,0.00398],[109.30911,0.0042],[109.30866,0.0042],[109.30858,0.00435],[109.30753,0.00428],[109.30716,0.00443],[109.30633,0.0045],[109.30611,0.00465],[109.30573,0.00465],[109.30521,0.00488],[109.30446,0.0048],[109.30431,0.00525],[109.30386,0.00503],[109.30303,0.00495],[109.30198,0.00495],[109.30108,0.00488],[109.30078,0.00518],[109.30018,0.00525],[109.29965,0.00555],[109.29928,0.006],[109.29883,0.00608],[109.29868,0.00623],[109.29823,0.00623],[109.298,0.00638],[109.29778,0.0069],[109.29688,0.00735],[109.29605,0.00788],[109.2953,0.00788],[109.29493,0.0081],[109.29418,0.00818],[109.2932,0.00818],[109.29275,0.0084],[109.29163,0.00825],[109.29058,0.00825],[109.29028,0.00833],[109.28724,0.0059],[109.28694,0.00278],[109.28693,0.0018],[109.28735,0.0018],[109.2875,0.00165],[109.28878,0.00165],[109.28908,0.00173],[109.28945,0.0015],[109.28968,0.0015],[109.29013,0.00128],[109.29035,0.00098],[109.29035,0.00045],[109.2905,0.00038],[109.29125,0.00038],[109.29155,0.00023],[109.29155,-8e-05],[109.29245,-0.00045],[109.29275,-0.00083],[109.2941,-0.00083],[109.2947,-0.0012],[109.29523,-0.00128],[109.29538,-0.00143],[109.29583,-0.00143],[109.29613,-0.00165],[109.2968,-0.00173],[109.29845,-0.00173],[109.29943,-0.0018],[109.30018,-0.00165],[109.30116,-0.00165],[109.30161,-0.0015],[109.30243,-0.00113],[109.30333,-0.00113],[109.30431,-0.00098],[109.30611,-0.00098],[109.30671,-0.0009],[109.30723,-0.00098],[109.30746,-0.00113],[109.30806,-0.0012],[109.30866,-0.00158],[109.30903,-0.0015],[109.30986,-0.0015],[109.31016,-0.00165],[109.31158,-0.0018],[109.31188,-0.00203],[109.31248,-0.00203],[109.31293,-0.00225],[109.31353,-0.0024],[109.31383,-0.0027],[109.31533,-0.00338],[109.31556,-0.00338],[109.31616,-0.00368],[109.31653,-0.00398],[109.31698,-0.00405],[109.31766,-0.00465],[109.31766,-0.00488],[109.31826,-0.00533],[109.31893,-0.00533],[109.31923,-0.0057],[109.31976,-0.006],[109.31998,-0.0063],[109.32043,-0.00653],[109.32118,-0.0072],[109.32186,-0.00788],[109.32223,-0.0081],[109.32238,-0.00848],[109.32291,-0.00833],[109.32313,-0.00855],[109.32313,-0.00908],[109.32336,-0.0093],[109.32366,-0.0093],[109.32388,-0.00968],[109.32448,-0.00998],[109.32501,-0.0099],[109.32546,-0.01013],[109.32546,-0.01043],[109.32591,-0.0105],[109.32613,-0.01073],[109.32673,-0.01103],[109.32741,-0.01178],[109.32763,-0.01178],[109.32816,-0.01208],[109.32831,-0.0123],[109.32883,-0.01268],[109.32883,-0.01298],[109.32861,-0.01328],[109.32891,-0.01343],[109.32921,-0.01388],[109.32966,-0.01425],[109.33003,-0.01425],[109.33041,-0.0141],[109.33078,-0.0144],[109.33078,-0.01455],[109.33116,-0.01485],[109.33198,-0.015],[109.33273,-0.0156],[109.33303,-0.01568],[109.33371,-0.0162],[109.33371,-0.01643],[109.33416,-0.01658],[109.33536,-0.0177],[109.33551,-0.01808],[109.33588,-0.0183],[109.33648,-0.01845],[109.33693,-0.01883],[109.33693,-0.01905],[109.33738,-0.0195],[109.33753,-0.0195],[109.33798,-0.01995],[109.33903,-0.02048],[109.33956,-0.02093],[109.33986,-0.0213],[109.34016,-0.02145],[109.34068,-0.02145],[109.34098,-0.0219],[109.34151,-0.0222],[109.34188,-0.02265],[109.34211,-0.02265],[109.34271,-0.02325],[109.34331,-0.0237],[109.34391,-0.02438],[109.34458,-0.02528],[109.34458,-0.02558],[109.34481,-0.02573],[109.34518,-0.02655],[109.34526,-0.02655],[109.34571,-0.02753],[109.34608,-0.02813],[109.34616,-0.02858],[109.34631,-0.02873],[109.34653,-0.0294],[109.34653,-0.03],[109.34683,-0.03038],[109.34728,-0.03128],[109.34728,-0.0315],[109.34818,-0.0333],[109.34856,-0.0336],[109.34871,-0.0342],[109.35014,-0.0369],[109.35096,-0.03765],[109.35141,-0.0387],[109.35179,-0.03908],[109.35179,-0.03923],[109.35231,-0.03983],[109.35246,-0.03983],[109.35299,-0.04035],[109.35329,-0.04088],[109.35381,-0.04125],[109.35389,-0.04155],[109.35441,-0.042],[109.35441,-0.04215],[109.35479,-0.0426],[109.35599,-0.0438],[109.35674,-0.0447],[109.35704,-0.04478],[109.35741,-0.04515],[109.35771,-0.0453],[109.35824,-0.0459],[109.35876,-0.04635],[109.35921,-0.04665],[109.35966,-0.0471],[109.35966,-0.04725],[109.36041,-0.04793],[109.36041,-0.04808],[109.36079,-0.04845],[109.36094,-0.04845],[109.36161,-0.04898],[109.36169,-0.04935],[109.36206,-0.04958],[109.36296,-0.05048],[109.36296,-0.05063],[109.36349,-0.05108],[109.36371,-0.05153],[109.36424,-0.05198],[109.36439,-0.05258],[109.36469,-0.05326],[109.36529,-0.05371],[109.36559,-0.05431],[109.36559,-0.05498],[109.36619,-0.05566],[109.36649,-0.05581],[109.36694,-0.05671],[109.36709,-0.05678],[109.36731,-0.05731],[109.36835,-0.05822],[109.36859,-0.05798]],[[109.29853,0.00458],[109.2986,0.0039],[109.29845,0.00375],[109.29808,0.00383],[109.29748,0.00383],[109.29665,0.00443],[109.2962,0.00525],[109.2971,0.00518],[109.29748,0.00533],[109.29763,0.00518],[109.29815,0.0051],[109.29853,0.00473],[109.29853,0.00458]]]},"properties":{"STREAM_ID":1}},{"type":"Feature","geometry":{"type":"Polygon","coordinates":[[[109.37511,-0.0108],[109.37526,-0.01103],[109.37579,-0.0108],[109.37616,-0.0108],[109.37661,-0.01095],[109.37691,-0.01118],[109.37706,-0.01163],[109.37669,-0.01185],[109.37676,-0.01245],[109.37736,-0.0126],[109.37751,-0.01245],[109.37738,-0.01202],[109.37772,-0.01128],[109.37799,-0.01106],[109.37786,-0.01053],[109.37781,-0.00945],[109.37766,-0.00923],[109.37729,-0.00923],[109.37699,-0.0096],[109.37714,-0.00998],[109.37714,-0.01065],[109.37699,-0.01088],[109.37669,-0.01088],[109.37639,-0.01058],[109.37639,-0.01028],[109.37669,-0.00998],[109.37676,-0.00968],[109.37676,-0.00893],[109.37669,-0.00863],[109.37676,-0.00818],[109.37631,-0.00818],[109.37616,-0.00855],[109.37549,-0.00855],[109.37534,-0.0087],[109.37549,-0.009],[109.37594,-0.00908],[109.37586,-0.00975],[109.37609,-0.00998],[109.37616,-0.01035],[109.37571,-0.01058],[109.37511,-0.01058],[109.37511,-0.0108]]]},"properties":{"STREAM_ID":1}},{"type":"Feature","geometry":{"type":"Polygon","coordinates":[[[109.37796,-0.01743],[109.37813,-0.01657],[109.37878,-0.01613],[109.37882,-0.01594],[109.37837,-0.01553],[109.37826,-0.01575],[109.37871,-0.01605],[109.37826,-0.01635],[109.37796,-0.01673],[109.37796,-0.01743]]]},"properties":{"STREAM_ID":1}},{"type":"Feature","geometry":{"type":"Polygon","coordinates":[[[109.36953,-0.05836],[109.36979,-0.05858],[109.37024,-0.05873],[109.37046,-0.05843],[109.36979,-0.05783],[109.36949,-0.05776],[109.36934,-0.05746],[109.36926,-0.05678],[109.36911,-0.05671],[109.36881,-0.05611],[109.36881,-0.05581],[109.36851,-0.05521],[109.36836,-0.05513],[109.36814,-0.05468],[109.36754,-0.05401],[109.36754,-0.05386],[109.36686,-0.05326],[109.36649,-0.05243],[109.36529,-0.05078],[109.36514,-0.05041],[109.36371,-0.04898],[109.36349,-0.04853],[109.36319,-0.04815],[109.36184,-0.0468],[109.36184,-0.04665],[109.36146,-0.04628],[109.36094,-0.0459],[109.36026,-0.04523],[109.35989,-0.04508],[109.35906,-0.04425],[109.35891,-0.04425],[109.35831,-0.04358],[109.35771,-0.04298],[109.35719,-0.04253],[109.35651,-0.04185],[109.35651,-0.0417],[109.35569,-0.04088],[109.35539,-0.04035],[109.35486,-0.0399],[109.35456,-0.03975],[109.35374,-0.0387],[109.35321,-0.03818],[109.35276,-0.03728],[109.35209,-0.03653],[109.35209,-0.03638],[109.35156,-0.03578],[109.35149,-0.03548],[109.35119,-0.03503],[109.35119,-0.0348],[109.35096,-0.0345],[109.35096,-0.03428],[109.35066,-0.03368],[109.35029,-0.03345],[109.34998,-0.033],[109.34961,-0.03218],[109.34916,-0.03158],[109.34878,-0.03075],[109.34878,-0.03053],[109.34848,-0.03008],[109.34826,-0.02948],[109.34758,-0.0282],[109.34751,-0.0273],[109.34713,-0.027],[109.34668,-0.02633],[109.34646,-0.02573],[109.34631,-0.02558],[109.34631,-0.02475],[109.34653,-0.02445],[109.34653,-0.02348],[109.34706,-0.02318],[109.34923,-0.02318],[109.34968,-0.02295],[109.35029,-0.02295],[109.35059,-0.0228],[109.35126,-0.02288],[109.35156,-0.02265],[109.35201,-0.0225],[109.35299,-0.0225],[109.35329,-0.02228],[109.35374,-0.02228],[109.35404,-0.02198],[109.35479,-0.02183],[109.35584,-0.02183],[109.35621,-0.02153],[109.35674,-0.02153],[109.35689,-0.02183],[109.35741,-0.0216],[109.35831,-0.0216],[109.35876,-0.02153],[109.35914,-0.0216],[109.35944,-0.02145],[109.36034,-0.02063],[109.36094,-0.02063],[109.36146,-0.02108],[109.36184,-0.02108],[109.36236,-0.02093],[109.36274,-0.02115],[109.36289,-0.02085],[109.36356,-0.02093],[109.36446,-0.02093],[109.36514,-0.02085],[109.36581,-0.02115],[109.36761,-0.02115],[109.36784,-0.02123],[109.36814,-0.021],[109.36859,-0.021],[109.36904,-0.02153],[109.36971,-0.02175],[109.37054,-0.02175],[109.37069,-0.0219],[109.37106,-0.0219],[109.37159,-0.02213],[109.37166,-0.02235],[109.37204,-0.02235],[109.37249,-0.0225],[109.37286,-0.0228],[109.37324,-0.0228],[109.37354,-0.02303],[109.37414,-0.02333],[109.37436,-0.02333],[109.37519,-0.02363],[109.37526,-0.02378],[109.37571,-0.02393],[109.37609,-0.02393],[109.37661,-0.02423],[109.37676,-0.02453],[109.37729,-0.0246],[109.37759,-0.02483],[109.37819,-0.02475],[109.37864,-0.02513],[109.37931,-0.0252],[109.38029,-0.0252],[109.38066,-0.02528],[109.38119,-0.0255],[109.38194,-0.02558],[109.38216,-0.02543],[109.38254,-0.02543],[109.38305,-0.02573],[109.38315,-0.0251],[109.37956,-0.0244],[109.37795,-0.02379],[109.37607,-0.0231],[109.37678,-0.02196],[109.37624,-0.02183],[109.37579,-0.0213],[109.37549,-0.02108],[109.37489,-0.021],[109.37451,-0.02085],[109.37436,-0.02063],[109.37339,-0.02063],[109.37294,-0.02025],[109.37286,-0.01995],[109.37129,-0.01943],[109.37061,-0.01898],[109.36889,-0.01898],[109.36859,-0.01883],[109.36806,-0.01883],[109.36769,-0.0186],[109.36716,-0.01875],[109.36664,-0.01875],[109.36619,-0.01853],[109.36574,-0.01845],[109.36514,-0.01845],[109.36476,-0.01875],[109.36431,-0.01868],[109.36371,-0.01868],[109.36334,-0.0186],[109.36311,-0.01875],[109.36124,-0.01875],[109.36124,-0.01883],[109.36019,-0.01883],[109.35981,-0.01913],[109.35921,-0.01913],[109.35861,-0.01905],[109.35839,-0.0192],[109.35779,-0.0192],[109.35734,-0.01928],[109.35711,-0.01943],[109.35651,-0.0195],[109.35524,-0.0195],[109.35441,-0.02025],[109.35396,-0.02048],[109.35314,-0.02048],[109.35276,-0.02063],[109.35201,-0.02063],[109.35186,-0.02093],[109.35074,-0.02108],[109.35051,-0.02123],[109.34923,-0.02123],[109.34908,-0.02138],[109.34871,-0.02138],[109.34833,-0.02153],[109.34571,-0.02153],[109.34496,-0.02138],[109.34421,-0.02108],[109.34361,-0.02063],[109.34301,-0.0204],[109.34293,-0.02025],[109.34203,-0.01973],[109.34181,-0.01928],[109.34128,-0.01913],[109.34098,-0.01875],[109.34061,-0.0189],[109.34061,-0.01913],[109.34106,-0.01958],[109.34166,-0.01973],[109.34166,-0.02018],[109.34188,-0.02018],[109.34218,-0.02048],[109.34256,-0.02055],[109.34316,-0.02108],[109.34338,-0.02108],[109.34353,-0.02138],[109.34428,-0.02153],[109.34458,-0.02175],[109.34518,-0.02175],[109.34548,-0.02198],[109.34638,-0.02198],[109.34646,-0.02213],[109.34646,-0.02295],[109.34616,-0.02295],[109.34616,-0.02423],[109.34593,-0.02445],[109.34593,-0.02573],[109.34623,-0.02648],[109.34646,-0.02685],[109.34668,-0.02693],[109.34683,-0.02745],[109.34728,-0.02775],[109.34728,-0.02858],[109.34743,-0.02918],[109.34773,-0.02955],[109.34773,-0.02985],[109.34796,-0.02993],[109.34818,-0.03023],[109.34833,-0.03098],[109.34856,-0.03113],[109.34856,-0.03143],[109.34878,-0.03188],[109.34908,-0.03218],[109.34923,-0.03285],[109.34946,-0.03293],[109.34953,-0.03338],[109.34976,-0.03368],[109.35036,-0.03405],[109.35044,-0.03465],[109.35089,-0.03518],[109.35089,-0.03555],[109.35104,-0.03593],[109.35134,-0.03623],[109.35134,-0.03645],[109.35179,-0.03675],[109.35179,-0.03698],[109.35224,-0.03758],[109.35269,-0.03795],[109.35276,-0.03848],[109.35306,-0.03863],[109.35329,-0.03893],[109.35344,-0.03938],[109.35404,-0.04005],[109.35434,-0.04028],[109.35479,-0.04043],[109.35516,-0.04088],[109.35524,-0.04118],[109.35576,-0.04178],[109.35599,-0.04185],[109.35629,-0.04238],[109.35659,-0.04253],[109.35674,-0.04298],[109.35704,-0.04313],[109.35899,-0.04508],[109.35929,-0.04523],[109.35936,-0.04545],[109.36004,-0.0456],[109.36019,-0.04598],[109.36056,-0.04613],[109.36079,-0.04658],[109.36116,-0.04673],[109.36124,-0.04695],[109.36169,-0.04695],[109.36161,-0.04733],[109.36214,-0.04793],[109.36259,-0.04815],[109.36274,-0.04853],[109.36319,-0.04883],[109.36334,-0.04935],[109.36409,-0.05018],[109.36469,-0.05063],[109.36514,-0.05146],[109.36536,-0.05153],[109.36566,-0.05213],[109.36589,-0.05221],[109.36589,-0.05258],[109.36619,-0.05288],[109.36634,-0.05348],[109.36664,-0.05363],[109.36716,-0.05416],[109.36724,-0.05468],[109.36739,-0.05468],[109.36784,-0.05513],[109.36829,-0.05573],[109.36859,-0.05663],[109.36889,-0.05716],[109.36902,-0.05765],[109.36949,-0.05828],[109.36949,-0.0583],[109.36953,-0.05836]]]},"properties":{"STREAM_ID":1}},{"type":"Feature","geometry":{"type":"Polygon","coordinates":[[[109.37054,-0.05948],[109.37084,-0.05963],[109.37114,-0.06023],[109.37136,-0.06053],[109.37166,-0.06053],[109.37196,-0.06098],[109.37219,-0.06098],[109.37226,-0.06136],[109.37249,-0.06143],[109.37249,-0.06226],[109.37264,-0.06248],[109.37306,-0.06263],[109.37331,-0.06226],[109.37286,-0.06188],[109.37279,-0.06151],[109.37294,-0.06136],[109.37249,-0.06053],[109.37196,-0.06023],[109.37136,-0.05963],[109.37114,-0.05918],[109.37054,-0.05918],[109.37054,-0.05948]]]},"properties":{"STREAM_ID":1}},{"type":"Feature","geometry":{"type":"Polygon","coordinates":[[[109.37676,-0.0201],[109.37704,-0.02019],[109.37699,-0.0197],[109.37741,-0.0187],[109.37699,-0.01898],[109.37691,-0.01965],[109.37676,-0.0201]]]},"properties":{"STREAM_ID":1}}]}